국가명,영문국가명,ISO코드,대륙명,사건사고_작성일,사건사고내용_clean
가나,Ghana,GH,아프리카,2022-08-02,"사건·사고 현황
[정정 상황 (전쟁, 내란, 테러 등)]
ㅇ 일부지역에서 부족간 분쟁은 가끔 발생하고 있으나 전쟁 또는 내란의 발생징후는 없음. 그러나 연말연시 또는 선거철에는 치안이 불안해지는 경향이 있으므로 이 시기에는 야간 이동을 자제
[치안상황 (일반범죄 등)]
ㅇ 다른 서부 아프리카에 비해 치안 상태가 좋은 편에 속하나 소매치기, 절도사건, 총기 강도 사건은 자주 발생하므로 주야간 모두 한적한 곳에 가는 것을 삼가야 함
사건·사고의 유형
※ 빈번한 사건·사고 유형 및 대처요령
[소매치기]
ㅇ 주재국에서 소매치기 사건이 자주 발생하므로 중요한 물품은 가급적 휴대하지 말고 사람이 붐비는 곳에서 낯선 사람의 접근을 경계해야 함. 특히 공항에서 소매치기는 아니더라도 별도의 수고비를 요구하기 위해 여행객에게 접근하여 물건 등을 들어주거나 택시를 잡아주겠다며 호의를 베푸는 현지인을 주의
[차량 및 오토바이 강도]
ㅇ 차량이 정차한 순간 문을 열고 소지품을 강탈 후 준비해 놓은 차를 타고 도주하는 사건이 발생하기도 하고, 운전 또는 정차 중인 차에 접근하여 강절도 행위가 발생하므로 항상 차량의 문을 잠그도록 하며 인적이 드문 곳에서의 주ㆍ정차를 삼가해야 함. 또한, 차내에 절도범의 표적이 될 만한 물건이 있을 경우 차량 유리를 파손 후 절도하는 경우가 있으므로 귀중품을 남겨두지 않도록 하며 부득이 남겨 놓을 경우 물건이 보이지 않도록 해야 함
ㅇ 노상 또는 차량강도를 만났을 경우 우선 범인의 지시에 절대 순응하는 것이 좋으며, 금품을 지키기 위해 몸싸움을 할 경우 범인이 흉기를 사용하게 되어 생명의 위험까지 발생할 수 있으므로 절대 몸싸움을 해서는 안 됨. 또한, 소리를 질러서 도움을 요청할 때는 범인으로부터 안전거리를 확보한 상태에서 요청하는 것이 좋음
[금융사기]
ㅇ 로맨스 스캠 : 결혼을 빙자하여 SNS 등을 통해 항공료, 방문비용 등을 송금하도록 유도하니 각종 명목으로 금품을 요구하는 경우 유의
ㅇ 거액 상속, 비자금 관련 사기: 거액의 상속금 또는 고위 공무원의 비자금이 은행에 묶여 있어 동결 해제를 도와주는 조건으로 거액을 주겠다고 제안하면서 은행 수수료 또는 기타 비용을 이체하도록 유도
[택시 이용 시 주의사항]
ㅇ 택시를 이용한 강절도 행위도 빈번하게 발생하고 있으므로, 불가피하게 택시를 이용할 경우 호텔 프런트에 택시를 불러줄 것을 요청하고 아는 사람에게 택시 차량번호를 남겨두는 것이 좋음
ㅇ 또한 차량에 탑승 시 앞좌석에 앉지 말고 뒷좌석에 앉는 것이 보다 안전하며 출발 전 호텔 등에서 목적지까지의 대략적인 시간과 경로 등을 확인하는 것이 좋음
ㅇ 되도록 저녁에 택시 이용을 자제하시기 바라며 불가피하게 저녁에 이용하실 경우 호텔 프론트 데스크에서 택시가 아닌 임대업체의 차량을 불러줄 것을 요청하시기 바람
ㅇ 최근에 인터넷 보급이 활발하게 이루어져 Uber / Bolt 택시가 외국인들 사이에서 많이 애용되고 있음
ㅇ 특히 택시 이용에 관한 기록이 남아 일반 택시보다는 안전하고 바가지 요금을 피할 수 있음
[각종 사기사건]
ㅇ 호텔 등에서 외화 밀반출을 도와주면 사례하겠다거나 지폐의 잉크 제거비를 부담하면 해당 지폐의 일부를 주겠다는 위조지폐 유통조직이 있으니 주의가 필요하며, 또한 금 관련 저가 판매제의를 하는 금 관련 사기범죄자가 많으므로 이들에 대해 절대 관심을 보이거나 응대를 하지 말아야 함
ㅇ 경찰의 감시에 걸릴 경우 간혹 공범으로 몰려 조사를 받아야 하는 경우가 있음
[사고 보험]
ㅇ 주재국 여행 시에는 반드시 여행자보험에 가입하도록 하고, 도난사고 등을 당한 경우 경찰에 신고하고 도난 물품에 대한 경찰 Report를 발급받아 보험회사에 제출하여 도난물품에 대한 보상을 받도록 하는 것이 좋음
자연재해
ㅇ 우기철(4, 5, 7, 8월) 낙뢰를 동반한 돌풍이 빈번하게 발생하므로 주변 입간판이나 나뭇가지 등이 떨어져 넘어지는 사고가 빈번하므로 날씨가 좋지 않을 때에는 야외활동을 자제하는 것이 좋음
유의해야 할 지역
ㅇ (고속도로 운행 시) 화물차의 적재상태가 좋지 않으므로 고속도로를 운행 시에는 주야간 모두 물건을 많이 실은 화물차의 뒤를 따라가지 말아야 함
ㅇ (재래시장 또는 빈민가) 사람이 많이 붐비는 재래시장 또는 빈민가 등을 여행 시는 많은 현금을 소지하지 말고, 가급적 친분이 있는 현지인 또는 운전기사 등을 대동하고 이동하는 것이 좋음
최근 조류독감 유행
[말라리아]
ㅇ 아프리카 풍토병 중 하나인 말라리아는 관리만 잘되면 가벼운 몸살 정도이나 방치될 경우 치사율 50%가 넘는 중증 질병 중 하나이므로 여행중 혹은 여행 복귀 후 약간의 열이나 몸살기운이 느껴질 때에는 현지에서 구입한 말라리아 치료제 코아템(Coatem)을 즉시 복용하여 만에 하나 있을 발병에 대비하는 것이 좋음
[조류독감]
ㅇ 2015년 5월말 아치모타 및 테마 농장에서 첫 조류독감의 발병이 확인된 이래 가나 전역에서 조류 독감이 보고되고 있음
ㅇ 조류독감 감염 예방을 위해 △죽은 가금류 접촉을 지양하고, △가금류 및 달걀은 충분히 조리후 섭취하며, △손 씻기 등 개인 위생관리를 철저히 하는 것이 좋음"
가봉,Gabon,GA,아프리카,2023-11-24,"사건ㆍ사고 현황
[천재지변, 전쟁, 내란, 테러 등에 대한 상황 및 정세]
ㅇ 가봉(Gabonese Republic)은 아프리카 중부 서해안, 대서양에 접하고 적도 바로 밑에 위치, 동쪽과 남쪽은 콩고 공화국, 북쪽은 카메룬 및 적도기니와 인접하고 있습니다.
ㅇ 가봉은 1960년대 중반 이후 풍부한 천연자원(석유, 망간, 목재, 우라늄)에 힘입어 아프리카 국가 중 개인 소득 수준이 적도기니에 이어 두 번째로 높습니다.
ㅇ 오마르 봉고 전 대통령의 장기 집권(41년) 이래 인근 지역 중 정세가 가장 안정된 편이나, 알리 봉고 현 대통령이 국외 요양 중 2019.1.7.(월) 수도 리브르빌에서 군사 쿠데타가 발생하여 수 시간 만에 진압되는 등, 현 정부에 대한 야당 및 국민들의 불만으로 치안 혼란 상황이 발생할 가능성은 있음
[살인, 강도, 납치 등 범죄 피해 가능성 등 치안상태]
ㅇ 인접국가와 특별한 분쟁은 없으며 테러 등 치안상태 역시 비교적 양호한 편이나 시내를 벗어난 현지인 밀집 거주 지역 출입은 자제가 요망됩니다.
ㅇ 가난한 주변국으로부터 외국인 노동인력 유입에 대처하고 자국인 고용증가를 위하여 외국인 체류증 발급 제한과, 국경 검문검색 강화, 시내 차량 불심검문 등으로 외국인 유입을 제한하고 있습니다. 여행자는 여권, 운전자는 면허증을 반드시 휴대하도록 하고 검문시 제시하여야 합니다.
ㅇ 외국인 노동자 장기 체류 요건이 미비한 경우 자국으로 추방하고 있으며, 이들 노동자 대부분 택시 운전사, 건설노동자, 가정부, 경비원 등으로 취업하여 근무하고 있습니다.
ㅇ 외국인 불법체류자는 자국인에 비해 낮은 임금과 불리한 근로조건 등으로 장기적인 사회적 불안요인으로 작용하고 있으며, 이들을 통해 노상강도, 택시 강절도, 가택침입 절도, 권총강도 등의 범죄 사례가 발생하고 있습니다.
ㅇ 기니만 해역에 해적에 의한 공격 및 피랍사건이 발생하고 있어 각별한 주의를 필요로 합니다.
ㅇ 현재 코로나19 사태의 장기화와 그로 인한 불경기 등을 배경으로 아시아계에 대한 언어적·신체적 폭력 사건이 발생할 가능성이 있으므로, 신변안전에 유의하여야 합니다.
사건ㆍ사고의 유형
ㅇ 음주단속을 하지 않지만, 주재국 경찰의 불심검문이 자주 있으며 각종 차량 내 구비 서류 및 물품을 확인하는 경우가 많습니다.
- 대처 : 늦은 귀가시 가족에게 전화 등으로 미리 위치를 알리고, 현금 및 귀중품은 차량에 보관하지 않도록 합니다.
ㅇ 자동차 사고가 발생한 경우 사고 장소에서 집단 폭행을 당할 가능성이 있으므로 사태 수습을 하지 말고 신속히 현장을 벗어나 신 후 즉시 경찰서에 신고하시기 바랍니다.
자연재해
ㅇ 대우기철(2월~6월) 천둥, 폭우에 의한 도로 유실로 차량 이동이 어려운 경우가 많이 발생하고 있습니다.
유의해야 할 지역
ㅇ 수도인 리브르빌 시내는 상대적으로 치안이 양호한 편이나 현지인 밀집 지역(예 :오깔라 Okala)을 출입할 경우에는 각별한 주의가 필요합니다. 특히 아시아인의 경우 조롱 및 시비, 금품갈취, 폭행의 대상이 될 수 있으니 늦은 시간 출입은 자제하시기 바랍니다."
가이아나,Guyana,GY,미주,2024-08-01,"사건ㆍ사고 현황
ㅇ 주재국은 전쟁이나 내란 등은 없으며 또한 무장테러 단체 등도 없으나 극심한 빈부 부차, 높은 실업률 등으로 말미암아 사회치안이 매우 열악한 상황입니다.
ㅇ 주재국은 치안불안 지역으로 분류되며, 시내공공장소에서 범죄가 국가적으로 주요 문제가 될 정도로 심각한 상황으로 도심지 범죄가 계속 증가추세에 있습니다.
ㅇ 총기살해, 도로봉쇄, 반달리즘(파괴행위) 등 위범행위가 증가하고 있으며, 산발적이고 불시에 발생하는 경우가 많습니다.
사건ㆍ사고의 유형
ㅇ 수도인 Georgetown은 특히 주거침입, 유괴, 차량도난, 총기사고 등 폭력범죄가 많이 일어나며 범죄자들이 난폭해서 경찰조차도 피해자기 되기 쉬울 정도로 위험합니다.
ㅇ 거리 범죄는 절도 및 강도상해(육체적인 폭력)가 일반적인 일이다. 특히 조지타운에서는 여행자가 어두워진 후에 걸어 다니는 것을 피해야 하며 항상 경계를 늦추지 않아야 하며 가능하면 혼자서 행동을 삼가야 합니다.
ㅇ 길거리에서 환전을 피하는 것이 바람직합니다. 왜냐하면 위조지폐 가능성이 있으며 환전으로 현찰을 가지는 것이 발각될 시 범죄인들의 공격표적 대상이 될 수 있기 때문입니다.
자연재해
ㅇ 주재국은 카리브연안에 위치하지 않고 있어서 허리케인의 피해는 없는 편이며 지진 등 특수한 자연재해는 없는 편입니다. 그러나 가끔 폭우로 인해서 홍수피해는 있습니다.
유의해야할 지역
ㅇ Buxton(Georgtwon과 New Amsterdam 사이에 있는 지역)지역은 범죄조직의 근거지라고 알려져 있으므로 접근을 피할 것이 요망 됩니다. 또한 조지타운의 타이거 베이(Tiger Bay) 지역에서는 특히 조심해야 합니다."
감비아,Gambia,GM,아프리카,2024-06-28,"사건ㆍ사고 현황
[내전, 테러(피랍)사건 등 동향]
ㅇ 2017년 초에 야야 자메 대통령의 대선 불복으로 비상사태가 발생하는 등 정치적 혼란기를 겪어 왔으며, 2021년 12월 대선이 예정되어 있어 정세 불안이 지속될 것으로 전망됨. 또한, 감비아 현지인에 의한 납치 사건은 거의 없었으나 인근 아프리카에서 온 사람들에 의해 납치사건이 발생한다는 소문도 있어 신변 안전에 유의 필요
[치안상태]
ㅇ 살인이나 강도 사건 등 강력사건은 언론에 잘 보도되지 않고 실제 발생률은 낮은 것으로 파악되나, 날치기 등 범죄와 혼자 도보로 외진 곳과 야간에 이동하는 것은 유의 필요
주요 사건ㆍ사고 유형
ㅇ 쎄레쿤다나 반쥴 지역 등 사람의 왕래가 많은 곳에서 차량을 주차한 후 문을 잠가 놓지 않으면 여러 명의 사람들이 찾아와 말을 걸면서 정신을 한 곳으로 집중케 한 후 다른 쪽에서 문을 열어 의자에 있는 물건들을 순간적으로 훔쳐 가는 경우가 있으므로 차량으로 이동시는 반드시 차량 도어를 잠가야 함
ㅇ 현지인과 거래를 할 경우 구체적인 내용을 기재한 계약서를 작성해야 하며, 구두를 통한 계약 등은 지양하는게 바람직함
ㅇ 지나가는 말이나 농담 삼아 금전과 관련한 약속을 했다가 고소를 당하는 등 낭패를 보는 경우가 있으므로 현지인과 구두로라도 지키지 못할 약속은 하지 말아야 함
ㅇ 육로를 통해 국경을 건너오는 여행객들에게 이민국 직원이나 비밀경찰이 여러 가지 트집을 잡아 사무실에 붙들어 놓는다던가, 본국으로 돌려보내겠다는 등 협박하며 돈을 요구한 사례가 알려진 바, 이런 경우에는 당황하지 말고 여행 서류에 문제가 없다면 당당히 위반 사실이 무엇인지 요청하고, 시간 지연을 유도하더라도 돈을 주지 않으면, 풀어주므로 유의 필요
ㅇ 해변에서 물놀이를 즐길 경우, 해변 경사가 완만하여 위험하다는 생각을 하지 못하는 경우가 있으나 썰물 때 익사사고가 자주 발생하므로 유의
자연재해
ㅇ 매년 우기에 강한 바람을 동반한 폭우로 가옥 지붕과 담장에 피해 발생"
과테말라,Guatemala,GT,미주,2022-08-02,"사건ㆍ사고의 유형
[은행에서 현금 인출 후 총기 강도]
ㅇ 과테말라 거주 K씨는 밤 11시경 과테말라시 제10구역(Zona 10)에 위치한 현금인출기에서 미화 5백불을 인출한 후, 귀가 중 4인조로 구성된 강도로부터 총상을 입고, 현금 등을 강탈 당함
- (대책) 밤 늦게 거리를 배회하는 것은 위험하며, 특히 은행 또는 현금자동인출기로부터의 현금 인출은 대낮의 경우에도 요구되는바, 가급적 경호원을 대동하거나 현지인을 이용하는 것이 바람직
[교통사고 발생을 위장한 총기 강도]
ㅇ 과테말라에서 기업을 운영하는 A씨 부인은 14시경 백화점 쇼핑을 마치고 손수 승용차를 운전하여 귀가 하던 중 뒤쫓아 오는 차량의 실수로 교통사고를 당해 A씨 부인이 하차하여 교통사고 시비를 가리고자 하였으나, 사고 책임 운전사는 강도로 돌변하여 현금, 이동전화기 등을 강탈 당함
- (대책) 운전 중 쫓아오던 뒷차량이 사고를 야기시킨 경우 사고 정도가 경미하다면 하차하여 책임소재를 가리지 말고 계속해서 주행하는 것이 바람직함. 경미한 사고의 경우 상대방이 책임을 인정하는 경우가 적을 뿐만 아니라 인정하더라도 보험에 가입된 경우가 적어 보상을 기대하기 어려운 경향이 있음. 본인이 사고를 발생시킨 경우에도 사람의 통행이 뜸한 외지에서는 하차에 신중을 기하여야 함. 한편, 운전 도중 강도를 만난 경우에는 강도의 요구에 순응하고, 운전하던 차량 요구시 순순히 차량키를 넘겨주고 추후 보험회사를 통해 피해보상을 받는 것이 바람직함
[유흥가 밀집 지역에서의 강도]
ㅇ 과테말라 거주 동포 B씨는 가끔 기분 전환을 위해 호텔 카지노를 이용하였으며, 귀가 도중 강도를 당함
- (대책) 카지노 및 주점 등의 유흥업소 출입은 가급적 자제하는 것이 바람직하며, 유흥업소가 밀집된 지역을 방문하는 경우 여러 명이 함께 동행하거나 항상 주변에 미행자가 없는지 확인하기 바라며, 특히, 다량의 현금 소지는 강도의 표적이 되기 쉬우므로 각별한 주의가 요구됨
ㅇ 산책 및 쇼핑시 단독 행동은 삼가 하는 것이 좋으며, 특히 야간 외출은 가급적 자제하는 것이 바람직
- (대책) 밤중에 치안이 불안한 지역을 혼자 다니거나, 대낮이라도 한적한 골목길 등을 배회하는 것은 강도에게 몸을 내맡기는 것과 같다고 할 수 있으며, 일과 종료 후 귀가시에도 가급적 단체로 이동하시는 것이 바람직
ㅇ 강도를 만난 경우 생명을 위해 절대 대항하지 말고 요구하는 대로 응하는 것이 바람직
- (대책) 강도들이 원하는 것은 금품인 경우가 많으므로 금품을 분산 소지해 한꺼번에 빼앗기는 일이 없도록 하고, 분풀이성 피해를 당하지 않도록 비상금을 갖고 다니는 것이 좋음
ㅇ 낯선 사람이 건네는 음료수 등은 반드시 사양하기 바람. 음료수에는 수면제 등이 들어 있는 경우가 많으며, 특히 중미지역에 유통되는 수면제의 경우 효능이 강해 마시는 경우 사망의 원인이 될 수도 있어 주의 요망
ㅇ 버스나 택시 등 공공 교통수단 이용은 가급적 삼가하는 것이 좋음. 불가피한 경우 호텔에 속해 있는 택시나 요금메타가 있는 택시(Taxi Amarillo)를 이용하고, 장거리 이동시에는 1등(고급) 고속버스를 이용하여야 함
ㅇ 차량 승하차시에는 납치가 가장 용이한 순간이오니 주위를 살피어 승하차하고, 승차 후에는 즉시 차문을 잠그기 바람
ㅇ 강도 사건의 대부분이 은행에서 현금 인출 후 이동 중 발생하는 점을 감안, 은행에서의 직접 현금 인출은 자제하는 것이 바람직
ㅇ 승용차 주행시에는 항상 백미러로 주변을 확인하고, 추적을 당하고 있다는 의심이 들면 가까운 경찰서나 주유소 등 사람들이 많은 곳으로 이동하여야 함
자연재해
ㅇ 매년 5월-10월 우기철 집중호우로 산사태, 도로유실, 하천 범람 등 발생, 자연재해에 취약한 편임
ㅇ 활화산(3개) 분출에 의한 피해도 발생(2010.5.28 빠까야 화산 분출로 공항 폐쇄)
ㅇ 지진 발생빈도가 높은 편으로, 남동부 산따 로사주의 경우 연간 수백회의 지진이 발생, 주민생활 불안정 초래
유의해야 할 지역
ㅇ 과테말라시티(수도), 믹스꼬시, 비야누에바시 등 수도권 일대 범죄발생률이 높아 주의가 요망됨. 과테말라 전체 범죄의 90% 이상이 과테말라시티(수도) 및 인근 위성도시에서 발생하고 있음
ㅇ 지방의 경우 마약조직의 활동이 활발한 북부 뻬뗀주, 알따베라빠스주, 동부 이사발주, 사까빠주, 남부 에스꾸인뜰라주 일대 여행시 주의 요망됨"
교황청,Vatican,VA,유럽,2020-03-16,
그레나다,Grenada,GD,미주,2023-11-24,"사건ㆍ사고의 유형
ㅇ 해진 뒤, 늦은 시간 혼자 해변가, 또는 거리를 걸어다니는 것을 피해야 함
자연재해
ㅇ 6~11월 카리브지역 허리케인 시즌이나 그레나다는 피해가 적음. 지금까진 4번정도의 피해가 있었으며 최근피해는 2004년 7월에 발생한 허리케인 이반 이었음
유의해야할 지역
ㅇ 외진 곳에서의 강도가 빈번하므로, 여행 시 외진 곳을 피하는 것이 중요하며, 특히 야간 외출은 자제하시는 것이 좋습니다.
ㅇ 여행 시, 안전상 1인 외출 보다는 2명 이상의 동반 외출을 추천합니다.
ㅇ 대중 택시 이용 시, 호텔 등 숙소에서 추천하는 택시를 이용하는 것이 안전합니다."
그리스,Greece,GR,유럽,2025-03-14,"사건ㆍ사고의 유형
ㅇ 그리스 치안은 비교적 안전한 편에 속하나, 관광객을 노리는 다양한 형태의 소매치기, 도난 사건 등으로 피해를 입는 경우가 많이 발생하고 있음
ㅇ 최근 아크로폴리스 및 아레이오파고스 언덕, 필로파푸스 언덕 등에서 가방을 발 밑에 두고 아크로폴리스를 배경으로 사진을 찍다가 가방을 통째로 도난 당하는 사건이 급증하고 있음. 짐을 내려놓는 등의 행동은 도난의 위험이 매우 높음
ㅇ 식당이나 카페에서 메고 있던 가방을 옆자리에 내려놓는다거나 휴대폰 등의 소지품을 테이블 위에 올려놓았다가 도난 당하는 경우가 자주 발생함. 소지품은 가방에 넣고, 가방은 무릎 위에 올려 놓는 것이 안전함
ㅇ 본인도 모르는 사이에 매고 있던 가방이 열려있고 소지품을 도난 당하는 경우가 가장 많이 발생함. 현지인들도 배낭을 앞으로 멜 정도로 소매치기가 극성이니 도보, 계단, 에스컬레이터, 대중교통 등 이용 시에는 반드시 배낭을 앞으로 메고 잠금장치 부분을 잘 확인해야 함. 잠금 장치가 풀기 어려운 가방을 메는 것도 좋은 예방책임
ㅇ 길거리에 주차되어있는 차량의 창문을 깨고 안에 있는 소지품을 가져가는 사건도 종종 발생함. 트렁크도 안전하지 않기 때문에 관리인이 상주하는 유료주차장을 이용하는 것이 안전함
ㅇ 2013년 여름 우리 국민이 아크로폴리스 주변 관광 중 우연히 만난 외국인이 권하는 과자를 먹고 정신을 잃은 사이 모든 짐을 도난 당한 사고가 있었음
ㅇ 지하철 내에서 관광객 대상으로 4명 이상 팀을 이뤄 말을 걸거나 출입구를 가로막고 밀치며 소매치기 하는 등 그 수법이 점점 다양해지고 있음
ㅇ 여름에는 ATV(4륜 오토바이) 운전 중 교통사고로 크게 다치는 사고가 간혹 발생함. 운전 시 안전에 유의해야 하며, 특히나 섬에는 신호등이 없기 때문에 교차로에서는 무조건 멈춘 후 다른 차들을 확인 후 지나가야 함
ㅇ 아테네 중앙역 또는 객차 안에서 검표원을 사칭해 승객의 승차권과 여권을 확인하는 척하면서 여권을 갖고 도망치는 사례가 자주 발생하고 있어서 열차 이용 시 각별히 주의가 필요함
ㅇ 그리스 입국 시 ‘1만 유로 이상 현금’ 반드시 신고해야 함
ㅇ 그리스 아테네 및 섬(산토리니, 미코노스 등) 내 숙박 공유 서비스(에어비앤비) 숙소에서 여행객들의 도난사고 및 성폭력 피해 사례가 발생하고 있어 주의가 필요함
ㅇ 그리스 섬(크레테, 자킨토스 등)에서 차량임차 관련 분쟁이 발생하고 있음. 계약서 작성 시 계약서의 모든 조항과 내용(사고 시 보험처리)을 숙지하고, 임차차량 수령 시 차량의 상태를 영상 또는 서면으로 기록하는 것이 좋음
유의해야 할 지역
ㅇ 아테네 오모니아(Omonia), 빅토리아(Victoria), 메탁수르기오(Metaxourgio), 빠네삐스티미오(Panepistimio) 지하철역 부근은 아테네 내에서 절도, 시위 등의 사건 사고가 빈번히 발생하는 지역임. 가급적 우리 국민은 동 지역 방문을 자제바라며, 불가피하게 방문하게 되는 경우 신변에 각별히 유의 요망
ㅇ 아테네 시내 Ermou 거리, 신타그마 광장, 아크로폴리스 부근, 오모니아역, 모나스티라키역, 그리고 지하철 내부는 소매치기 피해가 자주 발생하는 지역으로 소지품 관리에 유의
ㅇ 산토리니(이아 마을, 일몰 관람 시), 자킨토스 등 관광객이 많은 섬에서도 소지품을 도난 당하는 경우가 종종 있음. 공항 혹은 항만에서도 소지품 관리에 유의
ㅇ 그리스 북부 메테오라(Meteora)는 여행객들의 조난 사고가 빈번히 발생하는 산악지역임. 조난 사고 발생 시 구글맵, GPS를 활용한 위치 파악이 가장 중요하며, 휴대폰에 오프라인에서도 사용 가능한 GPS 지도 다운로드 권장
ㅇ 아테네 기차역이나 지하철역에서 가방을 맨 여행객을 중심으로 등쪽의 가방과 옷에 오물을 투척 후 닦는 척하며 소지품을 가져가는 사례 유의
자연재해
ㅇ 그리스는 지진이 자주 발생하는 나라로, 최근 아테네 근교에서도 지진이 잇따라 발생하고 있어 안전에 각별한 주의가 필요함
사건∙사고 발생 시
ㅇ 사건∙사고 발생 지역 관할 경찰서에서만 사건 접수 가능. 소지품 분실 시 분실지역 관할 경찰서 또는 아테네 관광객 지원 센터에 도난 신고 후 분실신고서(Police report/Lost declaration/Stolen declaration) 발급 신청
1. 관광객 지원 센터 (Tourist Information Center / Tourist Police)
- 주소 : Dragatsaiou 4, 105 59, Athens (전화 : +30 210 322 2230)
2. 아테네 관광 경찰서 (Tourist Police Department of Athens)
- 주소 : 43-45 Veikou, 117 42, Athens (전화: +30 210 920 0724)
3. 신타그마 경찰서(Syntagma Police Station)
- 주소 : Mimnermou 6, 106 74, Athens (전화 : +30 210 725 7000/01/04/05)
4. 산토리니 경찰서(Police Dept. of Thira, Santorini)
- 주소 : Karterados, Fira, 847 00, Santorini (전화 : +30 228 602 2649)
5. 자킨토스 경찰서(Zakynthos Police Station)
- 주소 : Lomvardou 62, 291 00, Zakynthos (전화 : +30 269 502 4450)
6. 테살로니키 경찰서(Department of the Tourist Police of Thessaloniki)
- 주소 : Monastiriou 326, Evosmos 562 24 (전화 : +30 231 055 4871/4874)
7. 아테네 공항 분실물 센터
- 위치 : 공항 도착층 GATE 3 (+30 210 3530515)
여권 분실 시
ㅇ 대사관에서 긴급여권 혹은 여행증명서 발급 가능
ㅇ 사진 2매(없을 시 대사관에서 찍을 수 있음), 수수료(긴급여권 USD53, 여행증명서 USD7), 분실한 여권의 사본 필요. 발급에는 약 1시간 30분 소요
※ 수수료는 매 반기마다 고시되는 환율을 적용하여 유로(EUR)로 지불함. 해당 환율이 적용된 수수료는 대사관 홈페이지를 통해 확인 가능
사망사고 발생 시
ㅇ그리스에서 사망한 경우, 병원에서 사망원인을 확인한 후 사망확인서를 발급함. 병원에서 사망원인을 확인할 수 없는 경우 부검이 진행될 수 있음. 한국에서 장례를 치르고자 하는 경우, 그리스에서는 종교적인 이유로 유골의 화장이 인정되지 않으므로 시신을 한국으로 운구하여야 함"
기니,Guinea,GN,아프리카,2022-08-02,"사건ㆍ사고 현황
[내전, 테러(피랍) 사건 등 동향]
ㅇ 기니는 2009년 9월 군사정부의 시위대 유혈 진압에 따른 150여명 사망, 군부정권 내부의 내분으로 인한 Camara 대통령 피습 등 정치적 혼란을 겪었으며, 2010.11.7. 최초의 자유선거로 현 Alpha Conde 대통령이 선출되었고, 동인은 2015.10.11. 재선 및 2020.11월 3선에 성공함
ㅇ 현대통령 임기 중 계속되는 야당측의 총선 관련 반정부 시위와 폭력사태로 사상자가 발생하는 등 정치적으로 불안정이 지속되어 왔고, 사회적으로도 2014년 기니에 에볼라가 발병하여 2천명 이상이 사망, 2021년 2월 에볼라가 재발병하여 위생안전에 특별한 유의가 필요함
ㅇ 또한, 2016.3월 코나크리에서 테러용의자 2명이 체포되는 등 기니에서의 테러 발생 가능성도 상존
ㅇ 2011년 말 우리 기업인이 사업차 기니를 방문 중 피랍되어 일주일 만에 석방된 사례가 있었는바, 기니의 풍부한 광물을 미끼로 투자자(또는 구매자)를 현지로 유인하여 납치하고 몸값을 요구하는 사례 발생
[범죄 현황 등 치안상태]
ㅇ 살인, 강도 등 강력범죄 발생률은 비교적 낮은 편이나, 최근 잦은 시위 등으로 인해 린치, 개인소유 기물 파손 등의 위험요소가 존재하며, 잦은 정변 등으로 인해 치안 부재 상황이 자주 발생하므로 주의 요망
ㅇ 특히, 소요사태를 틈타 일부 무장군인들이 외국인들의 상점을 대상으로 현금과 물품을 탈취해 가는 사건이 빈번히 발생하고 있는 것으로 전해짐
사건ㆍ사고의 유형
ㅇ 관광 중인 여행객에게 잘 아는 사람인 듯 2명이 접근하여 한 명은 말을 걸고 다른 한 명은 주머니 또는 가방에 현금, 물품 등을 강탈하는 범죄가 많이 발생하므로 도보 이동시 주의 필요
ㅇ 출, 입국 시 출입국 경찰들의 현금 요구 사례나 수하물 검사를 일부러 지연시켜 수속에 많은 시간이 소요되도록 하여 금전을 요구하는 사례가 았는 것으로 알려짐
- 출입국시 필요한 서류 준비 및 반입 금지품 등을 사전에 철저히 확인하여 준비하고, 문제 발생시 당황하지 말고 시간이 다소 지체되어도 원칙대로 처리하도록 반응하면서 금전을 주지 않는게 바람직함
자연재해
ㅇ 자연재해는 거의 발생하지 않으나, 우기철에는 갑자기 불어난 급류로 인해 강에서 수영하는 것은 위험
유의해야 할 지역
ㅇ 주ㆍ야간을 막론하고 혼자 도보로 이동하는 것은 모든 지역에서 위험하며, 특히 도보로 이동 시 소형 가방(손가방, 작은 핸드백)은 소매치기 대상이 될 가능성이 매우 높은 바, 가급적 소지하지 말아야 함
ㅇ 부득이하게 야간 통행 시, 현지인과 동행하는 것이 좋으며 숙박하고 있는 호텔 직원에게 수고비를 주고 동행하여 줄 것을 요청할 수도 있음
ㅇ 야간에는 경찰을 사칭한 강ㆍ절도단이 문을 열어줄 것을 요구하는 사례가 알려진바, 확실히 신분이 확인된 사람 이외에는 문을 열어주지 말고 숙소 관계자나 지인에게 먼저 도움을 요청"
기니비사우,Guinea-Bissau,GW,아프리카,2022-08-02,"사건ㆍ사고 현황
[내전, 테러(피랍) 사건 등 동향]
ㅇ 2019.12월 시행된 대선 결선투표에서 우마로 시소코 엠발로 후보 당선 결과 발표후 상대 후보인 기니비사우 카보베르데 독립아프리카당(PAIGC) 당수가 대법원에 이의를 제기한 상황에서 취임식을 일방 강행(2020.2.27.)함. 동 당수에 대한 체포영장이 발부되는 등 정치적 불안정 지속
[범죄 현황 등 치안상태]
ㅇ 기니비사우는 98년 6월 내전 이후 한동안 사회적 으로 혼란과 치안 부재가 발생하였으나, 이후 상황이 다소 안정되고 강력범죄는 감소
ㅇ 2010.9.12. 외국인(나이지리아) 공범 총기 은행 강도사건과, 마약거래로 인한 동료 간 다툼으로 레바논 국적 2명이 총기로 살해되는 사건 등이 발생하였고, 남미 마약조직들이 유럽으로 향하는 마약의 중간 운송 거점으로 기니 비사우를 활용하고 있어 마약 조직 간 충돌 가능성도 상존하고 있는 점에 유의하여야 하며, 마약으로 의심될 만한 물건을 소지하거나 운송 부탁을 들어주어서는 안되므로 각별히 주의 필요
사건ㆍ사고의 유형
ㅇ 외국인 상대 소매치기 및 강도 사건 발생 가능성이 있으므로 도보로 혼자 이동하지 않도록 유의(특히 야간에 외출 자제)하고, 많은 사람들이 모여있는 장소를 가급적 피할 필요가 있음
자연재해
ㅇ 건기 철에는 2개월 정도 북쪽 사하라 사막에서 불어오는‘하마탄’바람으로 황사현상이 생기며, 이로 인해 발생하는 각종 호흡기 질환에 유의
유의해야 할 지역
ㅇ 비사우 중심지는 대체로 치안이 좋으나, 사람이 많은 재래시장 주변은 외국인 관광객들이 범죄 표적이 될 수 있으므로 재래시장 출입시 현지인을 대동하는게 바람직함
ㅇ 비사우 외 지방도시는 소박한 시골마을로 눈에 보이지 않는 질서가 있으며, 현지인들의 문화를 이해하고 자존심을 상하지 않도록 주의
ㅇ 기니비사우에서 군부대 앞 일정 부분 공터가 있는데 아무런 금지표시가 없음에도 불구하고 무작정 출입시 강제 구인되거나, 차량으로 진입시 차량이 압수되는 일을 당할수 있으 므로 반드시 경계병에게 사전 양해를 구해야 함"
나미비아,Namibia,NA,아프리카,2023-11-24,"사건ㆍ사고의 유형
ㅇ 우리 교민 피해는 보고된 바 없으나, 최근 들어 소매치기, 강도 등이 증가하는 추세입니다.
자연재해
ㅇ 특별한 자연재해는 없으나, 겨울철에는 내륙 산지의 푄 현상으로 인한 고온 건조한 바람(Bergwind)이 사막의 모래를 동반하고 해안 쪽으로 강하게 불어 피해를 입히기도 합니다.
유의해야 할 지역
ㅇ 나미비아는 사하라 이남 아프리카에서는 가장 치안이 좋은 나라(건물마다 경비요원 배치, 깨끗한 길거리 및 밤에도 대체로 큰 길가에는 돌아다닐수 있음)로 알려져 있으나, 수도인 빈툭(windhoek) 의 상가 등 관광객 밀집 지역 및 흑인 밀집 지역인 카투 투라(Katutura) 지역은 소매치기 등 강도 행위가 발생하니 각별한 주의를 요망합니다.
ㅇ 나미비아 북동부 카방고(Kavango)와 카프리비(Caprivi) 지역은 치안 정세가 매우 불안하기 때문에 이곳으로의 여행은 자제하시기 바랍니다.
ㅇ 그 밖의 다른 지역에서는 관광객들을 대상으로 한 강력범죄가 거의 발생하지 않았습니다. 하지만 최근 경범죄 발생이 증가하고 있으며 소매치기, 날치기, 차량을 이용한 절도행위 등을 유의해야 합니다."
나우루,Nauru,NR,아주,2023-11-24,"사건ㆍ사고의 유형
ㅇ 나우루의 일부 주요 도로는 포장되어 있으나, 신호등 및 가로등이 없으므로 야간 운전은 피하여야 하며, 보행자 및 동물의 출몰로 인한 사고 발생 위험이 있습니다.
ㅇ 산책시에는 들개에게 물릴 위험이 있으므로 주의하여야 합니다. 또한 파도가 강하므로 안전이 확인되지 않은 해안가에서 수영하는 행동은 자제하는 것이 좋습니다.
자연재해
ㅇ 나우루는 적도 가까이 위치하여 통상적 사이클론의 진행경로 밖에 있으나 강풍, 홍수 등 사이클론의 영향으로 인한 피해 발생 가능성을 배제할 수 없습니다. 아울러 지진으로 인한 해일 발생 가능성에 유의하여야 합니다.
유의해야할 지역
ㅇ 나우루의 치안상황은 비교적 양호한 편이나, 절도, 폭행 등과 같은 일반적 범죄 피해 발생 가능성은 있으므로 유의할 필요가 있습니다.
ㅇ 특별히 치안이 좋지 않은 지역은 없으나 야간에 도보로 이동한다거나, 외딴 곳을 단독으로 방문하는 등의 위험한 행동은 자제하는 것이 좋습니다."
나이지리아,Nigeria,NG,아프리카,2025-05-21,"사건ㆍ사고의 유형
ㅇ나이지리아 북동부지역(Borno, Adamawa, Yobe주 등)에는 이슬람극단주의 무장세력 Boko Haram과 ISWAP이 군경에 대한 직접 공격 및 민간인을 대상으로 한 납치살해 등 대규모 테러를 계속 자행하고 있습니다.
ㅇ 중부지역에는 Fulani족 무슬림 유목민과 기독교인 농민간 무장 충돌로 지속 대규모 사망자가 발생하고 있습니다.
ㅇ 남부지역에는 과거 Biafra 내전 이후 유전지대 독립을 주장하는 IPOB 등 분리주의단체가 자체 무장세력(ESN) 형성 등 정부와 갈등이 고조되고 있습니다.
ㅇ 기니만 해역에서는 나이지리아 해적이 선박 해상강도 및 선원납치를 지속하고 있고, 전세계에서 가장 위험한 해역으로 평가되고 있습니다.
- 2020년 우리 국민 피랍사건 3건 발생
ㅇ 나이지리아 전역의 도시 및 주요 도로에서 납치사건이 급증하고 있으며, 수십~수백명 단위의 대규모 납치도 계속 발생하고 있으며, 몸값을 지불하지 못하는 경우 생명을 잃는 사례도 증가하고 있습니다.
ㅇ 도시 및 지방 이동 시 반드시 이동경로의 위험성에 대해 사전 확인하고, 개인신변 안전조치를 강구해야 합니다.
자연재해
ㅇ 우기철(5~10월)에는 중남부지역(Adamawa, Taraba, Plateau, Benue, Rivers, Bayelsa주 등)에서 대형 홍수가 발생, 수백만명의 수재민 피해 발생 사례가 잦습니다.
ㅇ 순간적인 집중 폭우로 인한 도로 및 시설물 유실 사례가 많습니다. 특히, 우기철 여행 시 도로 유실 등 홍수 피해에 각별히 대비하셔야 합니다.
유의해야 할 지역
ㅇ 도시간 주요 도로에서도 피랍사건이 지속 발생하고 있어 육로를 이용한 도시간 이동 자제가 바람직합니다.
ㅇ 수도 Abuja 및 경제도시 Lagos에서도 금품 목적의 강도 살인, 강도, 납치 사건이 항상 발생하고 있어, 외출 시 전 지역에서 항상 유의하셔야 합니다."
남수단,South Sudan,SS,아프리카,2022-08-04,"사건ㆍ사고 통계
ㅇ 영국의 컨설팅사인 메이플크로프트(Maplecroft)는 2011.8월 발표한 테러리즘 위험 지수에서 남수단을 소말리아, 파키스탄,이라크, 아프가니스탄에 이어 세계 제5위의 위험국으로 지정했습니다.
ㅇ 남수단의 경우 테러 1건당 사망자수가 6.59명에 달해 소말리아(2.32명)의 3배에 달하는 것으로 분석됩니다.
- 2018년 9월 분쟁당사자 간 평화협정을 체결하고 2019년 5월 남수단 과도정부 수립 및 개헌이 예정되어 있으나, 평화협정의 원만한 이행에 대해서는 회의적 전망도 존재
사건ㆍ사고의 유형
ㅇ 남수단 내 무력 충돌 형태 중 가장 빈번한 것은 가축 약탈을 둘러 싼 부족 간 충돌이며, 이에 더해 정부군(SPLA: Sudan People‘s Liberation Army) 에 반기를 든 최소 8개 반군조직들과의 무력 충돌도 지속되고 있습니다.
ㅇ또한 남수단 남부 지역에서 우간다 출신 무장조직인 신의 저항군(LRA: Lord’s Resistance Army)의 활동도 근절되지 않고 있습니다.
ㅇ무력 충돌은 각 부족 간 반목과 남북 수단 내전(1983~2005년)기간 중 광범위하게 이뤄진 무기 확산, 경찰의 무능력, 내전 종식 후 유민들의 원주거지 복귀에 따른 결혼 적령기 남성 급증(결혼 지참금으로 쓰이는 가축 수요도 따라서 급증)등 여러가지 구조적 요인이 복합적으로 작용하고 있어 단기간에 개선되기 어려울 것으로 전망됩니다.
자연재해
ㅇ 우기마다 도로 및 주택 유실, 건물붕괴 등의 사고가 자주 발생하고 있습니다.
ㅇ 2013년 8월 우기에도 나일강변의 제방이 많이 붕괴되어 피해가 상당합니다.
유의해야 할 지역
ㅇ 룸벡 및 아강그리알 등 지역에는 늑대, 하이에나, 뱀, 전갈 등의 야생동물이 많고 풍토병도 자주 발생하여 조심하여야 합니다.
ㅇ 수도(Juba)의 경우 반군이나 부족 간 충돌이 발생할 가능성은 적으나 강력 범죄 발생율 증가로 민생 치안이 악화되고 있습니다.
* 우리나라 한빛부대원 282명이 종글레이주(Jongeli), 보르(Bor)에 주둔하고 있습니다. 수도인 주바(Jaba)에서 보르(Bor)까지는 건기 기준 차량으로 편도 약 5시간 소요됩니다."
남아프리카공화국,South Africa,ZA,아프리카,2023-05-08,"사건ㆍ사고 현황
□ 사건ㆍ사고 증가의 원인 및 대비책
ㅇ 남아공의 치안상황은 1994년 민주정부 출범이후 민생사범 및 마약사범 등이 계속 증가하고 있는 바, 2010년 월드컵을 계기로 경찰증원 등 대책을 통해 일시적으로 호전되었으나, 소득 불균형, 불법무기 유통, 불법이민자 증가, 경찰 대응력 약화 등의 이유로 여전히 불안정한 상태입니다. 강도, 살인 등 범죄율은 한국과 비교가 안 될 정도로 엄청나게 높은 상황으로 각별히 유의 바랍니다.
ㅇ 남아공은 외국인이 이용할 수 있는 버스, 택시(흑인이 이용하는 봉고택시를 말하며, 공항 등에 일반택시가 있으나 20-30배 바가지요금 및 순식간에 강도로 돌변) 등 대중교통수단이 없고, 요하네스버그 Park Station(시외버스터미널)은 현지인도 꺼리는 우범지역이므로 이용 자제, 기차는 기차내에서 강도가 자주 발생하므로 외국인 이용 불가. 따라서 현지 지인이나 여행사 등을 통해 교통수단을 마련해야 하며, 개별 도보여행이나 버스 등 대중교통 수단을 이용한 자유여행은 하기 어려운 상황입니다.
ㅇ 케이프타운 등 관광지 도심에서도 강·절도 행위가 빈번히 발생하고, 중소도시 및 시골지역도 도보로 이동시 총기 등을 휴대한 강도공격을 받으므로(주변인은 외면) 항상 차량을 이용하고, 경비원이 배치된 쇼핑몰 등을 이용하시기 바랍니다. 또한, 차량 이동시 주간에 목적지에 도착하도록 하고 야간 외부활동은 위험하니 섣불리 개별행동은 하지 않는 것이 좋습니다. 차량 이용 시에도 관광객이 이용하는 지역 이외에는 위험하니 미리 안전한 지역을 확인하고 이동하여야 합니다.
□ 사건사고유형
[유형1 : 공항미행강도]
ㅇ 요하네스버그 OR Tambo 공항의 야간도착 승객을 주 대상으로 차량으로 미행하여 경찰을 사칭하는 방법으로 고속도로 상 또는 시내진입 후 피해자들이 승차한 차량을 정차시킨 후 금품을 강취하는 수법 성행하고 있습니다. 야간에 요하네스버그 OR Tambo 공항에 도착하여 숙소로 이동하던 중 공항에서부터 미행해 온 불상의 강도 3명에 의해 도로상에서 납치를 당하고 소지품을 강탈당하는 사건이 발생한 바 있습니다.
[유형2 : 차량관련범죄]
ㅇ 도로를 주행하는 차량에 타이어가 펑크 났다는 신호를 보내거나, 경찰관 복장을 한 범인들이 주행하며 정지신호를 보낸 후, 정차한 차량대상으로 강도 및 차량 강취, 혹은 신호등 정차 시 앞 창문을 닦아 준다고 시야를 흐리게 하는 용액을 분사해 운전자의 시야를 흐리게 하여 하차하게 한 뒤 차량을 강취하는 수법이 성행하고 있습니다. 특히, 야간 교차로 주변이나 인근이 드문 중소도시 도로에서는 실제 총기를 소지한 무장강도가 출현하거나, 정차중인 차량의 핸드백 등 소지품을 강탈하는 사례가 빈번하게 발생하고 있습니다.
[유형3 : 주거침입강도]
ㅇ 주야간을 불문하고 주택 침입강도가 빈발하고 있습니다. 대부분의 주택에는 강도침입을 막기 위해 자동 개폐식 대문과 담장 위 전기펜스를 설치하고 있습니다. 관광객은 안전이 확보된 호텔, 게스트 하우스 이용을 권장하고, 에어비앤비 등 숙소 이용 시에도 전기펜스, 현관시정장치 등이 있는 곳을 숙소로 선정하고 잠들기 전 창문 등을 반드시 잠그고 숙박하시기 바랍니다. 단독주택으로 설계된 숙소의 경우 강·절도 위험이 상존해 있는 만큼, 소지품 보관과 야간 시정장치 확인을 반드시 하셔야 합니다.
[유형4 : 일반강도]
ㅇ 공항, 쇼핑몰, 레스토랑 등에서 금목걸이, 로렉스 등 고가 장신구를 착용하면 강도의 미행대상이 됩니다. 화려한 아웃도어복이나 고가의 의류 착용, 값비싼 장신구 착용시 쉽게 범죄의 대상이 될 수 있음을 유념하시기 바랍니다. 또한, 강도우려로 현금보다 신용카드 사용이 권장됩니다. 신용카드 사용 시 휴대용 결제기를 손님자리로 가져와 비밀번호를 입력하여야 결제되도록 시스템이 되어 있습니다. 비밀번호가 노출되지 않도록 손으로 가리는 등 입력 시 주의하시고, 비밀번호 없이 결제되는 일부 한국카드의 사용은 무단 복제나 카드 도용 등 위험성이 높아서 가급적 사용하지 마시기 바랍니다. 아울러, 결제가 안 된다며 카드를 카운터로 가져가도록 허용할 경우 카드 복제나 도난 등의 위험이 발생할 수 있음을 유념하시기 바랍니다. 레스토랑 야외 테이블 및 통행인이 많고 개방된 장소에서는 소지품 강탈 우려가 있으니 핸드백 등을 옆자리에 두지 마시고 의자 밑이나 무릎 등 안 보이는 곳에 두시기 바랍니다.
[유형5 : ATM 강도]
ㅇ 남아공 ATM은 우리나라와 같이 현금 인출 과정이 간단하지 않고, 상당히 복잡하여 이를 이용하여 도움을 준다고 접근해 카드 및 현금을 강탈해 가는 사례가 있습니다. 케이프타운 등 유명 관광지 주변 ATM기기 주변에 경비원 복장을 하거나, 현금 인출을 도와주겠다며 접근해 오는 현지인들이 있을 경우 강도로 돌변할 수 있음을 주의하시기 바랍니다.
ㅇ 현금 인출 시 주유소, 쇼핑센터 노상에 위치한 ATM주변에는 강·절도범이 대기하고 있어 매우 위험하므로 쇼핑몰 내에 위치한 은행지점 내 ATM을 이용하시기 바랍니다. 아울러, 현금을 다액으로 찾으실 경우 현금 인출 즉시 다른곳으로 이동하는 등 강·절도 범죄의 표적이 되지 않도록 유념하시기 바랍니다.
[차량관련 강·절도]
ㅇ 주간에도 요하네스버그 등 대도시에서 신호 대기 시 권총을 휴대한 강도가 운전자를 위협하여 금품을 탈취하는 사례가 빈발하고 있습니다. 신호 대기 시 차량 유리창을 도구를 이용 파손 후 핸드백이나 휴대폰을 강취하니 차량에 접근하는 사람에 유의하시기 바랍니다.
ㅇ 차량내 가방, 상의 등이 보이면 유리창을 깨고 절취하는 사례가 빈발하니 도로상에 함부로 주차하지 말아야 하며 야간에는 절대로 노상주차를 하거나, 원거리 이동을 하지 마시기 바랍니다.
ㅇ 여권 등 귀중품은 항시 휴대하여야 하고, 개인 휴대품은 차량 좌석 바닦 등 외부에서 보이지 않는 곳에 보관하시고, 불가피할 경우 부피가 큰 소지품 등은 외부에서 보이지 않는 차량트렁크에 별도 보관하시기 바랍니다.
ㅇ 교차로에서 야간 신호등이 빨간불로 바뀔시 정지선에서 대기하면 범죄 표적이나 위험에 노출 될 수 있으므로, 속도를 줄여 정지선까지 서행 이동하다가 녹색신호로 바뀔 시 출발하시기 바랍니다.
ㅇ 우버 이용자 강절도 피해 : 남아공인들이 우버를 이용하던 중, 트렁크에 숨어있던 공범으로부터 강도,강간,납치 피해를 당하는 사례가 있습니다. 우버 이용 시 차량번호와 운전자 일치여부 확인를 반드시 확인하고, 필요시 트렁크 내부를 확인한 후 이용하시기 바랍니다.
ㅇ 택시(흑인이용 봉고승합)기사들과 우버택시간의 다툼으로 공항, 공항철도역 주변, 시내 중심지 등에서는 택시와 우버 기사 상호간 폭행, 협박사건이 빈발하므로 승차 장소에서의 안전에 유의하시기 바랍니다.
[차량이용시 유의사항]
ㅇ 야간 고속도로 상에 소떼나 야생동물의 이동으로 인해 충돌하거나 인명 교통사고가 발생할 수 있으며, 강도 피해우려가 있으니 가능한 주간에 목적지에 도착할 수 있도록 하시기 바랍니다.
ㅇ 고속도로는 어느정도 잘 정비되어 있으나 지방도로는 보수상태가 좋지 않아 Pothole등에 의해 타이어 펑크사례 빈발하니 안전에 유의하시기 바랍니다.
ㅇ 교통사고 발생 시 사립병원은 고액의 보증금을 납부하여야 입원 치료가 가능하므로, 안전운전에 특히 유의하시기 바랍니다.(공립병원은 다소 저렴하나 의료수준이 열악합니다.)
[야생동식물 채집 주의]
ㅇ 남아공은 자연보호법규가 엄격하여 허가를 받지 않고 낚시를 하거나, 전복·전갈·거미·야생꽃과 동식물 등 채취 시 체포될 가능성이 높으므로 동 행위를 엄금하시기 바랍니다. 특히, 케이프타운 등 유명 관광지를 방문한 관광객 들이 무단으로 야생 동식물을 채취하거나 소지·보관하고 있다가 체포되어 벌금형에 처해지는 사례가 자주 발생하고 있습니다.
[코로나19 유의사항]
ㅇ 남아프리카공화국은 2020년 3월 코로나19 바이러스 최초 발병 이후, 아프리카 대륙 내 최대 확진자수(약 155만명)를 기록하고 있으며, 2020년 10월 변이바이러스가 발견된 이후로 상황이 급격하게 악화되고 있습니다.
ㅇ 2020년 12월부터 코로나19 예방을 위해 모든 공공장소에서 마스크 착용이 의무화 되었습니다. 미착용자는 체포되거나 기소될 수 있으니 마스크 착용 및 개인방역 수칙을 철저히 준수하여 주시기 바랍니다."
네덜란드,Netherlands,NL,유럽,2023-11-24,"사건ㆍ사고의 유형
ㅇ 강력사고는 드문 편이나, 주요 관광지, 역, 호텔, 식당, 공항 등에서는 여행객을 대상으로 한 소매치기 및 절도행위가 지속적으로 발생하고 있습니다.
- 사례 1 기차 내 가방분실(선반에 놓아둔 가방을 잠든 사이 분실, 가방을 좌석에 놔두고 화장실을 다녀오는 사이 분실, 낯선 사람이 지도 등을 들이밀고 말을 건다거나 기차 바깥 창문을 두드리거나 동전을 눈앞에 뿌려 시선을 끈 후 가방을 가져가는 경우 등)
- 사례 2 공항에서 짐을 잠시 방치한 후 체크인을 기다리며 한 눈 파는 사이 분실
- 사례 3 호텔 등 숙박시설 내 분실(체크인하는 사이 짐 분실, 조식 중 음식을 가져오기 위해 잠시 소지품을 방치하였다가 분실, 호스텔 락커에 넣어둔 캐리어 분실 등)
- 사례 4 노상주차장에 주차한 차를 파손하고 노트북, 카메라 등 절도
ㅇ 스키폴공항 입국심사는 다른 국가에 비해 엄격하고 까다로워서 우리 국민이 입국 거부 또는 경유 거부 되는 사례가 종종 발생하고 있습니다.
- 사례 1 방문 목적이 불분명하고, 체류할 곳을 명확히 설명하지 못하여 입국 거부
- 사례 2 방문기간에 따른 여행 경비를 소명할 수 없어 입국 거부
※ 네덜란드 또는 유럽 내 최종 도착국가에 연고가 없이 무비자로 입국하는 경우 반드시 초청장, 현지 숙박 장소(또는 방문 기관) 및 소속 기관을 증명하는 서류를 소지 후 해명 필요
- 사례 3 거액의 현금을 소지하였으나 신고하지 않고 입국하려다 체포되어 구류 및 현금 압수, 장기적인 재판을 통해 벌금형
※ 네덜란드 입국시 10,000유로 상당(통화 불문)의 현금을 소지한 경우 반드시 사전에 신고하여야 함
ㅇ 특히 네덜란드 스키폴 공항을 경유하여 여행하는 경우에 최종 목적지 국가에서는 문제 되지 않을 사항이 경유지인 네덜란드에서는 문제가 되어 네덜란드에서 거부되고 결국 한국으로 돌아가야 하는 안타까운 일이 종종 발생하오니, 아래와 같은 사레 등을 참고하여 불이익을 당하는 일 없도록 미리 준비하시기 바랍니다.
- 사례 1 스키폴공항을 경유하여 스위스 친척 집으로 향하던 대학생이 스위스 체류 기간 동안 체류비용이 충분하지 못하다면서 체류 기간중 친척의 비용 부담 확약서에 스위스 정부의 공증을 요하여 경유 지연
- 사례 2 폴란드어로 발급된 노동 허가 서류를 소지한 채 스키폴공항을 경유하여 폴란드로 입국하려던 우리 국민에 대해 노동 허가 서류가 영문이 아니라는 이유로 발행기관의 즉각적인 확인 fax 등을 요구하였고 우리 국민이 확인을 못 받자 입국을 거부
자연재해
ㅇ 특별한 자연재해는 발생하지 않습니다. 다만 날씨 변화가 심하고 비를 동반한 강풍이 부는 날이 자주 있습니다.
유의해야 할 지역
ㅇ 네덜란드는 여행 시 특별히 유의해야 할 특정 위험 지역이 있는 것은 아니나, 암스테르담 스키폴 공항, 기차역 및 Dam 광장 주변, 로테르담 및 헤이그 기차역 주변은 소매치기 및 가방 탈취범이 많으므로 각별히 주의하시기 바랍니다.
ㅇ 최근에는 국제선 열차 및 국내선 열차 안에서도 가방 등 소지품 도난 사고가 자주 발생하고 있으므로 유의하시기 바랍니다."
네팔연방,Nepal,NP,아주,2022-07-26,"사건ㆍ사고 현황
ㅇ 네팔에서 우리 국민의 사건사고는 주로 트레킹 도중 고산병 또는 실족으로 인하여 발생하는 경우가 많습니다.
- 사례 : 2018.3.15. 아국이 남성이 고르카 지역을 방문, 도보로 이동하던 중 절벽으로 추락 후 헬기로 카트만두 병원으로 후송되었으나 사망함. 2018.3.16. 아국인 여성이 안나푸르나 베이스 캠프 트래킹 도중, 트래킹 길이 아닌 지름길로 가다가 길을 잃어 강물에 빠진 후 구조되었음
[고산병 발생 시 행동 요령]
ㅇ 트레킹이라 할지라도 고산병 위험성이 있어 표고가 높은 장소에서는 수분을 충분히 보충하고, 충분한 수면을 취하며, 천천히 행동하셔야 합니다.
ㅇ 몸 상태가 이상하다고 느껴지면, 그 장소에 멈춰 휴식을 취하던가,“즉시 하산”하여야 합니다.
ㅇ 중증의 고산병 치료방법은 헬기를 이용한 조기 하산밖에 없음(우리 돈으로 약 500만 원(본인 부담) 이상 소요)
ㅇ 아울러, 이러한 사고에 대비하여 반드시 별도의 여행자 보험 가입을 준비해 둘 것을 당부 드립니다.
ㅇ 사례 : 2019.3.1. 아국인 남성이 랑탕지역(해발3,800m) 롯지에서 전날 저녁 컨디션이 좋지 않다며 일찍 잠자리에 들었으나 수면 중 사망함. 2019.9.13. 랑탕지역으로 가이드와 포터 없이 외국인 지인 1인과 트레킹을 떠난 아국인 남성이 실종된 후 10.12. 시신으로 발견됨. 2019.10.10. 아국인 남성이 랑탕 트레킹을 마치고 차량으로 이동 중 급격한 건강악화로 인해 병원으로 후송 도중 사망함. 2019.11.21. 에베레스트 트레킹 중 두통을 호소하며 쓰러진 아국인 남성이 카트만두 병원으로 후송되었으나 11.29. 사망함
자연재해
[산사태 및 눈사태]
ㅇ 우기(6월~9월)에는 폭우로 인한 산사태로 수도에서 다른 지역으로 가는 길이 유실되는 경우가 있으므로 우기에 지방으로 이동을 할 경우에는 항상 조심하시고, 야간 이동을 삼가시는 것이 좋습니다.
ㅇ 비로 인해 길이 위험할 정도로 미끄러울 수가 있고, 종종 강이 범람하여 다리와 확장로가 씻겨 내려갑니다.
ㅇ 겨울에는 폭설로 인하여 트레킹 루트가 때때로 막히는 경우가 있으므로 트레킹 이전에 전문 여행사를 통해서 정보를 확인하여야 합니다. 겨울은 추위가 혹독하고 높은 고도에서는 특히 위험할 수 있습니다.
ㅇ 에베레스트 베이스캠프(EBC)까지 가는 것은 극한의 인내가 필요하며, 안나푸르나 서킷의 토룽라는 종종 눈으로 봉쇄되기도 합니다.
- 사례 : 2014.10.14. 오후 5:30분경 네팔 안나푸르나 트레킹 코스인 토룽라 패스(Thorung la Pass 5,416m)에서 대형 눈사태가 발생하여, 네팔 현지인 및 외국인 관광객 등 수많은 사상자와 부상자가 발생함. 2020.1.17. 안나푸르나 베이스캠프 트래킹 중이던 아국인 4명과 네팔인 3명이 눈사태로 인해 실종 후 시신으로 발견됨
[지진]
ㅇ 네팔은 침강하는 인도 판(India Plate)과 융기하는 유라시아 판(Eurasia Plate)의 역 단층에 있으며, 지진에 취약한 지역입니다.
- 2015년 4월 15일 UTC 6시 11분 26초(네팔 표준시 11시 56분 26초)에 규모 7.8 대지진이 발생했습니다. 진앙은 네팔 간다키구 고르카현이며, 진원까지의 깊이는 대략 15km로 매우 얕은 편입니다.
- 동 지진으로 인하여 네팔, 중국, 인도, 파키스탄, 방글라데시 등지에서 약 8천400명이 이상이 사망한 것으로 추정됩니다. 네팔 카트만두에서도 더르바르 광장과 같은 여러 유네스코 지정 세계문화유산이 파괴되었습니다.
[교통사고]
ㅇ 네팔은 도로시설이 열악하고 운전습관이 좋지 않아 사고의 위험이 높습니다. 교통질서가 정착되어 있지 않기 때문에 커브길 차량 추월을 자주 하고 이 경우 사고가 날 확률이 매우 높습니다. 수도의 경우 오토바이로 인해 교통 체증이 증가하고 있으며, 교통사고도 다량으로 발생합니다.
- 참고 자료 : http://imnews.imbc.com/reply/2015/nwtoday/article/3675143_14782.html
유의해야 할 지역
ㅇ 카투만두, 포카라 등 대도시는 비교적 치안이 양호한 편이나 Terai 일부 지역 및 극서부 지방은 치안 취약지역이므로 해당 지역으로 이동하는 경우에는 출발 전 치안정보를 확인하시기 바랍니다.
ㅇ 카트만두 시내 터멜 등 일부 관광지역에서 외국인을 상대로 마약 구입을 권유하는 행상이 있음으로 주의하시기 바랍니다."
노르웨이,Norway,NO,유럽,2023-11-24,"사건ㆍ사고의 유형
[치안상황]
ㅇ 동유럽과 북아프리카 지역에서 온 유랑자들이 짝을 이루어 관광객들에게 접근하여 소매치기를(절도) 하거나, 식당(호텔)과 기차역 주변 등에서 가방을 훔치는 유형의 경범죄 발생
유의해야할 지역
ㅇ 기차역 주변, 오슬로 시내 동쪽 지역의 이주민 거주 밀집 지역 등(특히 야간 출입 자제)"
뉴질랜드,New Zealand,NZ,아주,2023-11-24,"사건ㆍ사고의 유형
ㅇ 2019년 3월 15일 크라이스트처치 이슬람사원 총격테러가 발생하여 50명이 사망하였습니다. 2019.4월 현재 테러위협 수준은 Medium인 상황으로 뉴질랜드 정부는 일상생활은 계속하되 경계는 유지할 것을 당부하였습니다.
[교통사고]
ㅇ 운전 부주의, 교통법규 미숙지 등으로 인한 관광객 교통사고가 자주 발생하고 있습니다. 특히 뉴질랜드는 통행방향이 우리와 반대이고 회전교차로가 많아 운전시 더 각별한 주의가 필요합니다.
[차량털이, 빈집털이 등 절도범죄]
ㅇ 공원주차장 등 주차된 차량 내 귀중품 털이, 빈집털이 등 절도사건이 빈발하므로 귀중품 보관에 각별한 주의가 필요합니다.
자연재해
ㅇ 뉴질랜드 환태평양 지진대에 위치하고 있어 지진 등 자연재해에 대한 상시 대비가 필요합니다.
* 2011년 2월 크라이스트처치 지역에 규모 6.3의 강진 발생으로 우리국민 2명 사망(총 185명 사망)
유의해야할 지역
ㅇ 주재국 치안은 비교적 안전하나, 지진 지대에 있는 바 자연재해 관련 주의가 필요합니다.
ㅇ 최근 웰링턴 지역에 6.5 이상의 지진이 여러 차례 있었으며, 여진이 계속 발생하고 있으므로 방문에 앞서 대사관 홈페이지( http://nzl-wellington.mofa.go.kr ) 및 대사관 전용 앱(주 뉴질랜드 대사관)의 안전정보를 확인하시기 바랍니다.
ㅇ 크라이스트처치 지역에서도 2010년 9월과 2011년 2월 2차례에 걸친 강진 이후 여진이 계속되고 있어 주의가 필요합니다.
ㅇ 뉴질랜드 최대 도시인 오클랜드 시티 전역의 식당가, 쇼핑몰 등에 주차된 차량 내 귀중품을 절취해가는 사례가 해마다 일어나고 있으므로 차량(관광버스, 승용차 등) 내 귀중품을 두고 내리는 일이 없도록 유의하시기 바랍니다."
니우에,Niue,NU,미주,2023-11-24,"사건ㆍ사고 현황
ㅇ 정부의 공식 통계없으나 강력범죄 발생률은 극히 적음
사건ㆍ사고의 유형
ㅇ 경범죄(주거침입, 절도, 강도폭행 등)
자연재해
ㅇ 지진 다발 지역에 속해 있어 지진이나 해일 등에 대비한 사전 안전정보 숙지 필요. 매년 2-3월경 사이클론(우리나라 태풍에 상당) 피해가 발생할 수 있으니 이 시기에 여행할 경우 각별한 주의 요망
ㅇ 뎅기열(Dengue Fever) 및 장티푸스(Typhoid Fever) 주의 요망"
니제르,Niger,NE,아프리카,2023-08-02,"사건ㆍ사고 현황
[정정 상황 (전쟁·내란·테러 등)]
ㅇ 폭력적 극단주의 단체에 의한 테러 및 납치 발생 가능성 상존
- 니제르의 프랑스 주도 말리 평화유지활동 참여, 사헬지역 보코하람 격퇴 작전 개입 등에 따라 테러리스트 단체의 공격 표적이 되고 있는 상황
ㅇ 니제르 수도인 니아메 지역 내 시위 증가추세
[범죄]
ㅇ 극도로 열악한 빈곤 사정으로 인해 수도 니아메에서도 생계형 범죄 발생 가능성 상존
- 도난, 강도 및 주거 침입은 언제든지 발생할 수 있으며, 외국인 관광객들이 주요 표적
- 외국인 대상으로 절도 사건이 주로 발생 가능하므로, 돈, 여권, 보석, 휴대전화와 같은 중요한 물품들은 항상 안전하게 보관하는 것이 필요
- 니아메 내 호텔, 박물관 등 관광객이 많이 찾는 지역은 범죄 발생 가능성이 높으므로 특히 주의 필요
- 으슥한 길을 혼자 걷는 것은 삼가는 것이 좋고, 가로등이 부족하므로 야간에 단독 보행 또한 위험
ㅇ 차량 대상 범죄도 종종 발생하므로 차 문이 항상 잠겨있는지 확인
ㅇ 국경 지역에서는 특히 야간에 강도, 밀수 및 기타 범죄행위가 흔하게 발생
- 강도단들은 니제르 남부 진더와 나이지리아와의 국경 지역에서 활동하는 것으로 파악되고 있으므로 동 지역을 통해 국경을 넘나드는 일은 삼갈것
[사기]
ㅇ 거액의 자금을 해외로 반출하는 데 도움을 주면 일정 비율을 분배해주겠다는 제의나, 금, 다이아몬드를 값싼 가격으로 살 수 있다는 등의 제의와 같이 상식선에서 보았을 때 과도한 이익을 보장하는 제안이나 거래는 일단 의심을 가지고 신중하게 판단 필요
[테러]
ㅇ 니제르는 말리, 나이지리아 등에 근거지를 둔 테러 단체들의 위협에 노출되어 있고, 리비아 접경지역에서는 무기밀수, 인신매매가 이루어지고 있는 등 접경지대에서 이슬람 테러단체의 위협이 확대되고 있는 상황
- 2021.3.17 니제르-말리 국경 인근 Tillaberi 지역 신원미상의 무장괴환이 출현, 무차별 공격을 감행하여 민간이 58명 사망자등 발생
- 2021.2.21. 니제르-말리 국경 인근 Tillaberi 지역에서 대선 2차 투표 감독을 위해 이동하던 차량이 지뢰로 폭파, 선거관리위원회(CENI) 소속 직원 10명 사상자 발생
- 2021.1월 대선 1차 투표직후 Tillaberi 지역 내 두 마을에서 100명 이상의 시민이 이슬람 극단주의 세력으로부터 살해되는 사건 발생
- 2019.12.10. 말리 접경 Inate 지역에서 자살폭탄, 트럭 및 중화기 사용 등 테러 공격으로 니제르군 71명 사망 등
ㅇ 테러리스트에 의한 무차별 공격이 발생할 가능성이 높으므로, 외국인, 특히 서양인이 자주 찾는 호텔, 레스토랑, 교회 등의 장소에서는 신변안전에 각별히 주의 필요
- 2020.8.18. 수도 니아메(Niamey)에서 남쪽으로 60km 떨어진 쿠아레(kouaré) 자연생태공원에서 프랑스인 6명 및 현지인 2명 총 8명이 외국인을 겨냥한 테러로 추정되는 공격으로 사망
[납치]
ㅇ 이슬람국가서부아프리카지부(ISWA, Islamic State West Africa), 보코하람 등 폭력적 극단주의 단체에 의한 납치 위협 다대
- 동 단체들은 말리, 부르키나파소, 알제리, 리비아 등 니제르와 인접한 모든 국가의 접경 지역에서 활동중
- 외국인, 특히 서양인들의 납치 피해 사례가 많은바, 2018년 9월 카톨릭 성직자가 수도 니아메에서 남서쪽으로 125km 떨어진 Makolondi 지역에서 납치되었으며, 2018년 4월에는 개발원조 관계자가 Tillaberi 지역에서 납치
ㅇ 이처럼 니제르 지역에서 일을 하거나 여행을 하는 경우 테러리스트에 의한 납치 위험이 상존하므로, 교회, 시장, 쇼핑몰, 레스토랑, 호텔 바와 같은 사람이 많이 모이는 지역, 특히 혼잡한 장소에서는 매우 각별한 유의 필요
ㅇ 지난 10년간 니제르를 포함한 사헬지역에서 활동하는 여러 테러 단체에 의해 관광객, NGO 활동가, 외교관 등 많은 외국인이 납치된 바 있으며, 일부는 아직까지도 석방되지 못하고 있는 상태이고, 일부는 피살
- 개발원조사업, 언론 등에 종사하는 외국인들이 주요 표적이 되고 있으며, 높은 몸값을 통한 금전적 이익 추구가 주요 납치 목적
- 2020.10.27. 미국인 선교사 납치, 10.31 귀환
- 2018년 9월 카톨릭 신부 수도 니아메에서 남서쪽으로 125km 떨어진 Bamongo에서 납치, 2020.10월 귀환
- 2018년 4월 개발원조 활동가 Tillaberi 지역에서 납치, 현재까지 미귀환
- 2016년 미국인 선교사 겸 구호사업 활동가 납치, 현재까지 미귀환
ㅇ 교회, 시장, 쇼핑몰, 레스토랑, 호텔 바와 같은 사람이 많이 모이는 지역, 특히 혼잡한 장소에서는 매우 각별한 유의 필요
자연재해
ㅇ 니제르는 사막기후이며 가뭄이 심하므로, 많은 물을 섭취하여야 탈수를 방지할 수 있습니다.
ㅇ 11월~2월 사이 건기에는 아르마탕(Harmattan)이라고 하는 먼지바람(황사)이 사하라 사막으로부터 불어와서, 호흡기 장애를 일으킬 수 있고 특히 뇌수막염의 원인이 되기도 하므로, 이 시기에 여행하는 경우 뇌수막염 예방접종이 바람직함
ㅇ 물에는 거머리가 많으므로 소독된 수영장 이외의 곳에서는 수영을 삼가야 합니다.
유의해야 할 지역
ㅇ 수도 니아메이에서는 가웨이(Gaweye) 호텔, 국립박물관, 케네디 다리, 쁘띠 마르쉐 주변에서 소매치기와 날치기를 주의하여야 합니다.
ㅇ Abalak부터 북부 지역은 투아레그 활동 지역으로서 Air Massif 지역, Iferouane, Arlit, Agadez 등의 북부 도시는 방문하지 않는 것이 좋습니다.
ㅇ 사하라 사막을 넘어 북부 리비아, 알제리를 육로로 통행하는 것은 투아레그나 무장강도의 위험뿐만 아니라 길을 잃을 수도 있기 때문에 바람직하지 않습니다.
- 사막 지역을 반드시 통행해야 할 이유가 있을 때는 안내자와 함께 GPS와 위성통신 장비를 갖추고 다녀야 합니다.
ㅇ 도시 이외의 지역은 치안상태가 좋지 않으므로 안내자를 대동하고 여행하는 것이 좋습니다."
니카라과,Nicaragua,NI,미주,2022-08-02,"사건ㆍ사고의 유형
ㅇ 현지 치안사정상 도난, 강도, 절도, 폭행 사건이 빈번히 발생하고 있고, 특히 외국인 여행객을 대상으로 하는 소매치기, 강도, 절도가 많이 발생하고 있어 특별히 유의해야 합니다.
- 니카라과는 중미지역 여타 국가에 비해 상대적으로 치안이 좋은 편이지만, 중남미 지역의 최빈국임을 감안할 때 항상 소매치기와 강도, 절도에 주의해야 합니다.
- 야간에는 가급적 도보 이동을 금하고, 차량 이동시에도 심야의 한적한 도로에서 길을 막고 운전자에게 금품을 갈취하는 경우가 있으므로 유의하기 바랍니다.
[유의 지역]
ㅇ 마나과 시내 우엠베 시장(Mercado Huembes)이나 오리엔탈 시장(Mercado Oriental) 등 전통 시장 및 외국인 관광객이 많이 몰리는 지역에서는 항상 소매치기에 유의해야 합니다. 마나과의 혼잡한 시내버스를 탑승하는 경우에도 조심해야 합니다.
ㅇ 최근 산후안 델 수르(San Juan del Sur) 지역에 외국인을 겨냥한 강도 사건이 증가하는 추세이므로 이 지역을 방문할 때는 각별히 주의하는 것이 좋습니다.
ㅇ 동부 카리브해 연안 지역은 마약이 불법 운송되는 지역으로서 방문객들은 신변 안전에 유의해야 합니다.
ㅇ 북부 산악지대 및 온두라스와의 접경지역에서는 현지인을 대상으로 강력 범죄가 많이 발생하는 외진 지역으로 가급적 방문을 피할 것이 좋습니다.
자연재해
ㅇ 니카라과는 화산대에 위치한 국가로 1931년 대지진으로 2000여명이 사망한 바 있으며, 1972년에도 수도 마나과에서 대지진이 발생, 1만 명 이상이 사망하였습니다. 지금도 여전히 수도를 포함한 인근 지역에 소규모의 지진이 빈번하게 일어나고 있습니다.
ㅇ 카리브해 연안 지역은 허리케인이 빈번하게 발생하는데, 특히, 2020년 11월 동부 카리브해 연안 및 북부 산악 지역이 두 차례의 대형 허리케인으로 인해 큰 피해를 입은 적이 있습니다. 카리브해에서 허리케인이 발생하는 경우 수시로 기상 예보를 확인하여 허리케인의 경로를 파악하고 안전에 유의해야 합니다."
대만,Taiwan,TW,아주,2023-11-24,"사건ㆍ사고의 유형
ㅇ 최근 성매매로 경찰 당국에 체포된 여성들이 강제추방을 당하는 사례가 늘어나고 있습니다.
ㅇ 도로에 오토바이가 많아 운전 중 오토바이와의 접촉사고, 또는 탑승자가 하차시 지나가던 오토바이와 충돌하는 교통사고가 종종 발생하고 있습니다.
&nbsp;&nbsp;&nbsp;&nbsp; - (예) 택시 후면에서 직진해오던 오토바이를 미처 보지 못하고 택시문을 열었다가 오토바이가 그 문에 부딪혀 넘어지는 사고가 있었습니다. 교통사고 발생시 110에 신고, 경찰관 입회하에 사후수습 조치를 해야합니다.
ㅇ 한국국제운전면허증으로 운전 시 무면허 처분을 받습니다.
ㅇ 태국에서 타인으로부터 수화물 운반 부탁을 받고 특별한 경계심을 갖지 않은 채 물건을 운반했다가 입국공항에서 수화물 검색결과 마약이 발각되어 마약 사범으로 처벌받는 사례가 있었습니다. 타인의 수화물 운반을 수용하는 일이 없도록 각별 유의해 주시기 바랍니다. 대만은 마약사범에 대해 장기, 무기징역 내지 중형을 부과합니다.
ㅇ 대만에 여행 온 여성이 새벽시간까지 술에 취해 놀다가 함께 춤추던 남성 파트너한테 변을 당한 사례가 있었습니다.
ㅇ 유흥업소에서 술 취한 상태로 춤을 추다가 대만 여성으로부터 성추행으로 고소를 당해 출국금지 처분을 받고 합의금 대만달러 6만으로 합의 후 출국이 가능한 사례도 있었습니다.
자연재해 ㅇ 여름(6월∼9월)에는 태풍이 빈번히 발생(1년 평균 7~8회)하므로 일기예보에 주의를 기울여야합니다.
&nbsp;&nbsp;&nbsp;&nbsp; - 2009년 8월 8일 모라꼿 태풍으로 726명의 사상자 발생했습니다.
ㅇ 대만은 환태평양 지진대에 위치하고 있어 크고 작은 지진이 빈번하게 발생합니다.
&nbsp;&nbsp;&nbsp;&nbsp; - 연 평균 70~100회 크고 작은 지진 발생
유의해야할 지역 ㅇ 대만에는 특별히 위험한 지역으로 지정된 곳이 없고, 치안방면에서 안전하다고 할 수 있습니다. 그러나 유흥업소가 많이 밀집되어 있는 거리나 지역에는 야간 늦은 시간대까지 머무르는 것은 가급적 피하기를 권합니다.(타이베이에서 유흥업소가 많이 밀집된 지역 : 林森北路 일대)"
덴마크,Denmark,DK,유럽,2022-07-26,"사건ㆍ사고의 유형
※ 코펜하겐 시내 중심가 및 공항, 호텔에서 외국인을 상대로 한 소매치기가 빈번하게 발생되고 있으며, 특히 동양인을 대상으로 한 소지품 소매치기가 자주 발생함
[호텔]
ㅇ 체크인하는 사이 가방 도난 사고 발생
ㅇ 호텔 내 식당 조식 뷔페에서 소지품 및 가방을 의자에 놓고 음식을 가지러 간 사이 도난 사고 발생
ㅇ 타인에게 짐을 맡기고 화장실을 다녀온 사이 가방 도난 사고 발생
[지하철 및 기차]
ㅇ 낯선 사람이 짐을 짐칸에 올려주겠다고 호의를 베푼 사이 소지품 도난 사고 발생
ㅇ 낯선 사람이 다량의 동전을 바닥에 떨어뜨려 정신을 분산시킨 뒤 도와주는 사이 가방 도난 사고 발생
ㅇ 대중교통 탑승권 판매 자판기를 통해 탑승권 구매시 신용카드로 비밀번호가 노출돼 2차 범죄 피해 발생
[식당]
ㅇ 테이블 위에 소지품 (지갑, 핸드폰 등)을 올려놓고 식사 중 낯선 사람이 다가와 돈을 달라고 구걸하고 이야기를 하고 있는 틈을 타 소지품을 훔쳐 달아나는 사고 발생
[횡단보도]
ㅇ 보행 중 신호에 걸려 횡단보도 와 횡단보도 사이에 멈춰있는 사이 가방 안에 든 개인소지품 소매치기 피해 발생
[ATM]
ㅇ 카드 비밀번호가 노출돼 2차 범죄 피해 발생
[자동차]
ㅇ 귀중품 및 가방 등을 차안 눈에 띄는 곳에 놓고 주차한 사이 유리창을 깨고 가방을 훔쳐 달아나는 사고 발생
유의해야 할 지역
ㅇ 덴마크는 비교적 치안이 잘되어 있으며 여행에 큰 어려움은 없으나, 수도인 코펜하겐 내에서 소매치기 범죄 피해가 빈번히 발생되고 있어 소지품 (여권 등) 관리에 주의가 요구됩니다. 소매치기 발생 주요 지역으로 덴마크 주요 관광지 (뉘하운, 아말리엔보, 코펜하겐 시청, 티볼리 공원 등) 와 코펜하겐 중앙역 인근, 코펜하겐 소재 호텔 및 식당, 공항입니다.
ㅇ 또한 Street Gang 들 간의 범죄가 발생되고 있는 코펜하겐 뇌어보(Norrebro) 지역 방문시 주의가 필요하며, 중앙역 (Kobenhavn H) 기준 남서쪽 지역에 이민자들로부터 발생되는 소매치기가 피해가 접수되고 있으니 밤늦은 시간 해당 지역에 혼자 다니는 일은 삼가 하는 것이 좋습니다."
도미니카공화국,Dominican Republic,DO,미주,2022-08-02,"사건ㆍ사고의 유형
ㅇ 오토바이 소매치기 등이 발생하므로 보행 시 귀중품은 가급적이면 착용하지 않는 것이 바람직합니다.
ㅇ 관광객 절도 및 강도 사건은 우발적으로 일어나는 경우가 대다수이기 때문에 사람들이 모여있는 장소는 피하고, 가능한 대로변으로 통행하는 것이 좋습니다.
※ 이른 아침 및 심야시간 도보이동 자제
ㅇ 합승 택시(carro público) 승차시 사람들이 바짝 붙어 앉는 일이 당연한 일이기에 이를 이용해 도난 사건이 종종 일어나므로, 가급적 가방을 비롯한 귀중품은 몸에 가까이 꼭 붙들고 있어야 합니다.
ㅇ 산토도밍고 주요 시내 교통사고율이 증가하고 있는 바, 렌터카를 이용한 여행객은 운전 주의 요망
자연재해
ㅇ 우기(5월~10월)에는 순간적인 강풍을 동반한 폭우가 내리기 때문에 운전 중에는 각별한 주의를 요하며, 특히 8~9월은 연중 가장 더운 시기로 낮 기온이 36℃을 상회하여 열대야 현상이 발생함. 우기에는 아프리카 말라리아의 변종이라 할 수 있는 뎅기열 병(Dengue)의 발병률이 높아지기 때문에 차량 이동시에 창문을 여는 것을 되도록 피하고 보행 시에도 긴 팔을 착용하거나 해충기피제를 사용하는 것이 바람직합니다.
ㅇ 9월부터 11월까지 잦은 허리케인은 한 달에 많게는 5번까지 발생하는데, 태풍이 상륙할 경우에는 강한 비바람과 폭우가 지속되어 많은 인명피해가 발생합니다.
유의해야 할 지역
ㅇ 수도권에는 총인구(10,470,000명, 2015년)의 30%가 집중된 지역으로 전체 범죄의 절반 이상이 발생하며, 특히 수도권 동부지역에서 가장 사건 발생률이 높습니다.
ㅇ 범죄 발생률이 가장 높은 주(인구 십만 명당 비율)
- 알타그라시아(26.10)
- 몬테크리스트(25.5)
- 산토도밍고(24.90)
- 두아르테(24.30)
- 산토도밍고주(23.4)"
도미니카연방,Dominica,DM,미주,2023-11-24,"사건ㆍ사고의 유형 ㅇ 일몰후 해변 등 외진 곳을 피해야 하며, 보행시 거액의 현금 또는 보석류 소지를 삼가야 합니다.
자연재해 ㅇ 카리브 여타국가와 마찬가지로 허리케인 시즌은 6월초~11월말이나, 최근에는 12월에도 허리케인이 발생한 바 있습니다."
독일,Germany,DE,유럽,2023-11-24,"사건ㆍ사고의 유형
ㅇ 독일연방정부는 알카에다 등 국제 테러조직과 연계된 세력에 의한 테러 위협 가능성에 대비해 독일 내 공항과 기차역 등 주요 공공시설물에 대한 보안을 강화하고 있습니다.
따라서, 독일 내 체류 및 여행 중인 우리 국민은 아래 사항을 참조하여 신변안전에 각별히 유의하시기 바랍니다.
- 공항, 기차역, 백화점, 영화관 등 많은 사람들이 모이는 곳은 주요 테러의 목표물인 점을 감안, 불필요한 방문을 자제하여 주시고,
- 다중이용시설 내에 방치된 가방이나 상자, 봉투 등이 발견될 경우 절대로 가까이하거나 개봉하지 말고 가까운 경찰기관에 신고하시기 바라며,
- 테러조직의 목표물이 될 수 있는 특정 목적의 정치적 회합이나 반 이슬람 행사 참여 등은 자제하여 주시기 바랍니다.
ㅇ 공항, 기차역, 박람회장, 식당 및 호텔 등 여행객들이 자주 이용하는 장소에서 귀중품이 보관되어 있어 보이는 손가방 또는 노트북 가방 등을 소매치기당하는 경우가 많습니다.
- 호텔 내에서 아침식사 도중, 혹은 일반 식당이나 맥줏집에서 본인 좌석에 걸어둔 가방이나 소지품을 절취당하는 사례가 자주 발생하니 주의하시기 바랍니다.
- 호텔 체크인ㆍ체크 아웃 시 잠시 옆에 내려둔 손가방이나 소지품을 소매치기당하는 경우도 있으니 각별히 주의하시기 바랍니다.
- 또한, 호텔 객실 내에서도 여권, 지갑 등 귀중품을 도난당하는 경우가 있으니, 외출하실 때에는 귀중품을 객실 내 금고 또는 호텔 측에 보관토록 하시기 바랍니다.
ㅇ 기차 내에서 잠든 사이 또는 승객들이 돌아다니는 번잡한 틈을 이용하여 선반 위나 좌석 밑에 놓아둔 소지품을 가지고 가기도 합니다. 따라서 기차 등 대중교통 이용 시 가급적 소지품을 선반 위나 바닥에 놓지 마시고, 부득이하게 선반 위나 바닥에 놓는 경우에는 수시로 확인하시기 바랍니다.
ㅇ 자동차 내 보이는 곳에 소지품 또는 내비게이션 등을 두고 자리를 비우는 경우 차량 유리창을 부수고 절취하는 경우도 있으니 주의하시기 바랍니다.
ㅇ 공항이나 기차역 또는 박람회장 등에서는 아이스크림, 음료수 등을 일부러 옷에 묻히거나, 질문 또는 도움을 요청하는 방식으로 주의를 끈 후 소지품을 빼앗아 가는 경우가 있습니다. 따라서 여행 중에는 여권, 지갑 및 카메라 등 귀중품을 가방이 아니라 가급적 몸에 소지하시기 바라며, 타인의 눈에 띄지 않도록 주의하시기 바랍니다.
ㅇ 그리고, 간혹 유로화가 급하게 필요하다면서 고의로 접근하여 다량의 위조지폐(주로 달러)를 유리한 환율을 제시하면서 유로화로 환전해 줄 것을 요청하기도 하니 주의하셔야 합니다.
ㅇ 여권 휴대의 무
- 해외 체류 기간 중 본인의 신분을 증명할 수 있는 여권을 항시 소지하시기 바랍니다. 간혹 장기 체류자 중 여권이 아닌 다른 신분증 (학생증, 운전면허증 등)만을 소지한 채 국경을 통과하다가 검문에 의해 적발되어 어려움을 겪는 경우가 잦아지고 있으니 주의하시기 바랍니다.
ㅇ 독일은 대체적으로 치안이 안전하나, 도시 일부 치안이 불안한 구역이 있음
ㅇ 독일인들은 야간 활동이 적은 편이고, 가로등이 거의 설치되어 있지 않아, 일몰 이후에는 도심이나 인적이 드문 곳을 다니는 것을 삼가기를 권장함
ㅇ 예상치 못한 사건 사고에 휘말릴 경우, 필히, 독일 경찰 및 관할 지역 영사관에 신고해야 함
- 신고 과정에서는 사실대로 솔직히 진술해야 하며, 고의적으로 사실과 다른 내용으로 진실 시 더 큰 문제가 되어 영사관에서 도와줄 수 없게 될 수 있음
자연재해
ㅇ 최근 태풍으로 인한 재산 및 인명 피해가 잦아지고 있습니다.
ㅇ 이러한 자연재해가 빈번한 것은 아니나 전적으로 배제할 수는 없으므로 일기예보 등에 관심을 기울일 필요가 있습니다.
유의해야 할 지역
ㅇ 독일은 다른 유럽 국가에 비해 상대적으로 치안상태가 양호한 편이라 할 수 있습니다. 그러나 구동독 일부 지역을 중심으로 극우주의자에 의한 유색인종 집단 구타사고가 발생하는 등 외국인 혐오증에 따른 범죄가 빈번해지고 있습니다. 따라서 구동독 지역 여행 시 주의가 요구되고 있습니다.
ㅇ 여행자를 대상으로 한 살인, 납치, 폭행 등 강력범죄는 드문 편이지만 외국인을 상대로 한 절도 및 소매치기 등은 빈번하게 발생하고 있으니 주의하시기 바랍니다.
ㅇ 경제적 불안정 등으로 인해 청소년들이 외국인, 노약자들을 대상으로 폭행 또는 강도 행위를 일삼는 범죄가 종종 발생하고 있어 주의를 요하므로 야간에 혼자 다니는 것은 가급적 피해야 하며, 청소년들이 여러 명이 모여 있는 곳은 피해 가는 것이 바람직합니다. 특히 밤늦은 시간에 중앙역이나 국철역(S-Bahn) 부근은 조심해야 합니다."
동티모르,Timor-Leste,TL,아주,2022-07-26,"사건ㆍ사고 현황
ㅇ 주재국 정부의 공식 통계발표는 없습니다. 무술단체간 세력다툼이나 일부 반정부무장단체에 의한 치안이 불안한 일부지역(특히 바우카우지역)으로 이동시 주의가 특히 요구됩니다. 기타 절도, 강도, 돌멩이 투척 등의 사건사고가 지속적으로 발생하고 있습니다.
ㅇ 2014년 12월말부터 2015년 1월간 주재국 무술단체(Martial Arts Group, MAG)간 세력타툼으로 3명이 사망하고 집 7채가 전소되는 사건이 발생하였습니다.
- 상기 무술단체(대부분 PSHT, IKS 등 인도네시아에서 들어온 것들임)들은 2006-2008년간 발생한 주재국 소요사태와도 관련되어 있는 조직으로 지난 2003년 주재국 정부에 의해 불법화 된 단체임에도 불구하고 상기과 같은 사건으로 동 단체들이 여전히주재국내에서 활동하고 있음을 보여주는 사례입니다.
- 주재국 경찰 및 군내조직에도 상기 상당수 무술조직원들이 활동하고 있음을 볼 때 2017년 주재국 총선 및 대선에도 일부 영향을 미칠 가능성도 배제할 수 없습니다.
ㅇ 2015년 3월부터 시작된 주재국 군경합동치안부대에 의한 주재국 반정부 무장단체인 마우베레혁명평의회( 의장 : 마욱모룩) 추종자 검거 작전이 본격화 된 이후 전반적으로 주재국내 일부지역(바우카우주) 치안상황은 불안정한 상황입니다.
ㅇ 주재국 군경합동팀과 반정부단체인 KRM과의 총격전으로 마침내 2015.8.8 마욱모룩이 사망함에 따라 장기적으로는 주재국 치안상황은 나아질 것으로 추정되나 마우모룩을 추종하는 세력들에 의한 국지적 소요사태가 발생할 가능성도 있습니다.
사건ㆍ사고의 유형
[우리 국민들에게 주로 발생하는사건]
ㅇ 우리 국민들에 대한 살인, 강도 등 강력범죄는현재까지 발생하고 있지 않으나 연말 연초나 혹은 이사할 즈음 집에 보관한 귀중품들이 도난 당하는 경우가 발생하였습니다.
ㅇ 또한, 차에 물건 등을 두고 내리는 경우 차 창문을 부수고 차량내 물건을 훔쳐가는 경우도 있으며 특히 차량이동시 현지인이 오토바이 등을 타고 차를 뒤좇으면서 동 차량에 의해 피해를 입었다고 하면서 돈을 요구하는 경우로 신고하는 경우가 있습니다.
ㅇ 여성들의 경우 혼자서 이동하거나 택시 등 대중교통을 이용하는 경우에도 현지인들에 의해 성추행 등을 당하는 경우도 있습니다.
ㅇ 무엇보다도 주재국에서 마약관련 활동에 연루될 경우 즉시 체포되어 상당히 중하게 처벌됨에 따라 주의가 요구됩니다.
ㅇ 특히 주재국에서는 사람들이 많이 모인 경우 예기치 않게 폭력으로 변하는 경우가 있어 그런 경우 재빨리 그 자리에서 벗어나는 것이 필요합니다.
ㅇ 그 밖에 당지에서 활동중인 외국인들이 겪는 하기와 같은 일반범죄에도 노출이 되는 경우도 많이 있습니다.
[일반사건/사고 유형]
ㅇ 12.12월 유엔경찰 철수 이후부터는 동티모르 경찰이 치안을 담당하고 있습니다.
ㅇ 수도인 딜리(Dili)(인구: 약 20만명)에서는 절도, 강도, 날치기 등 범죄가 지속 발생되고 있으며, 지방의 치안상황은 좀 더 취약합니다.
ㅇ 야간에는 갱단등 범죄 집단의 활동이 목격되며, 택시기사들이 승객을 대상으로 강도 행위를 벌이는 경우도 종종 발생하고 있습니다.
ㅇ 오토바이를 이용하여 은행이나 슈퍼마켓 근처에서 나오는 외국인을 대상으로 핸드백을 낚아 채 달아나는 소매치기 범죄도 있으니 유의하셔야 합니다.
ㅇ 택시 요금을 고액권으로 지불 시 잔돈이 없다는 이유로 거스름돈을 돌려주지 않는 사례가 많으니 택시 이용 시에는 1불짜리 지폐와 동전을 미리 준비하는 것이 좋습니다. 또한 택시는 미터기가 없어 탑승전 미리 요금을 협상하여 결정하는 것이 좋습니다.
ㅇ 주정차된 차량의 유리를 깨고 지갑, 가방 등을 탈취해 가는 범죄도 있으니 개인 차량 이용 시 차량 내에 중요한 물품 등을 남기지 마시기 바랍니다.
ㅇ 범죄의 주원인이 빈곤, 실업 등 생계문제와 관련된 것들인 만큼 화려한 복장이나 장신구 착용, 과다한 현금 소지 등은 피하여 주시고, 주야를 막론하고 외진 곳의 출입을 자제해야 합니다. 외출 시는 가급적 3명 이상 단체로 다니는 것이 보다 안전합니다.
ㅇ 한국인에 대한 이미지는 좋으나, 아시아인들에 대한 야유, 시비걸기 등도 발생하고 있습니다. 특히 외국인 거주 시설이나 주택에 동네 청년들이 돌멩이를 투척하는 경우도 있으므로 유의해야 합니다.
ㅇ 주재국 이동시 안전을 위해 현지인을 동행하고 다니는 것이 좋습니다. 외국인이 보험에 가입되지 않은 차량으로 사고를 유발할 경우 사고 지역의 불량배들을 중심으로 주민들이 폭력적으로 돌발, 고액의 보상을 요구하는 경우가 많습니다. 사고가 발생하면 순식간에 수십 명의 현지인들이 주위에 몰려들기 때문에 휴대폰을 통해 경찰(112) 및 대사관에 도움을 청하는 등 지혜롭게 대처하고 현장을 최대한 신속히 대피하는 것이 현명합니다.
ㅇ 도로에 염소, 돼지, 닭, 개 등 가축들이 활보하는 경우가 많고, 우기시 토사가 무너져 도로가로 덮치는 경우가 많음으로 운전 시 특히 주의를 요합니다. 운전 중 가축을 치었을 경우, 주인에게 적절한 보상을 한 후 현장을 신속히 떠나는 것이 바람직합니다.
ㅇ 도로 가로등이 취약하여 야간 운전은 가시거리가 짧아 유의하여야 합니다. 지방을 여행하거나 야간 운전 시 돌멩이를 던지는 경우가 있으므로 주의를 요합니다. 주민들 가운데는 외국인들에게 특별한 이유나 감정이 없이 습관적으로 돌멩이를 던지는 경향이 있습니다.
ㅇ 출퇴근 시간 등 번잡한 시간을 이용하여 외국인이 운전하는 차량에 고의로 오토바이 접촉사고를 일으켜 금전을 요구하는 경우도 간혹 있으니 직접 운전 시 오토바이를 주의하시기 바랍니다.
자연재해
ㅇ 동티모르 인근 해안지역에 지진이 발생하는 경우가 관측되고 있습니다.
ㅇ 2021년 4월, 최근 40년 이내 최악의 홍수 피해로 36명 사망자, 10명 실종자 발생(우기)
ㅇ 열대성의 소나기가 쏟아질 때는 낙뢰를 동반하는 경우가 많으니 차량운전시 특히 주의가 요구되며 가급적 외출을 자제하는 것이 좋습니다.
ㅇ 배수시설, 저수지, 댐 등의 부재로 집중 호우 발생 시 도로, 강, 계곡이 일순간에 범람하며, 산사태는 물론, 불어난 물살에 사람들이 실종되는 사고가 빈발하므로, 우기(11월~5월)시 여행은 최대한 자제하고, 여행 중 호우를 만나는 경우 신속히 높은 지대로 안전하게 대피하는 것이 좋습니다.
ㅇ 또한 우기에는 지방의 도로가 유실되거나 산사태로 막히는 경우가 빈번한바, 지방 여행시는 도로 상황을 사전에 점검해야 합니다.
유의해야할 지역
ㅇ 주재국 바우카우 지역(특히, 라가(Laga), 바기아(Bagia)) 및 라우템주 일부 지역(특히 Luro)에는 반정부 무장단체가 활동하는 지역으로 이동시 주의가 요구됩니다.
ㅇ 수도 딜리를 여행시 큰 도로 등을 이용하고, 마을 안쪽이나 이면 도로는 가급적 피하여야 합니다. 동티모르는 부족, 마을, 촌락 공동체 성향이 강하므로, 외딴 마을에 방문하시는 경우 주의 하셔야 합니다. 특히, 딜리 베보눅(Bebonuk)과 베토(Beto) 등 일부 지역은 범죄 발생이 빈번하므로 유의하셔야 합니다.
ㅇ 우기에 지방을 여행할 경우 불량배들이 “파손된 도로를 수리했다거나, 교통 장애물을 제거했다.” 면서 지나가는 차량을 세운 뒤 도끼와 칼 등으로 위협하면서 통행세(약 5~10불 내외)를 강요하는 사례도 있습니다. 한적한 산이나 외딴 곳에서 발생되므로, 이런 상황에서는 저항하지 않는 것이 더 큰 피해를 예방할 수 있습니다."
라오스,Laos,LA,아주,2025-05-21,"사건ㆍ사고 현황
ㅇ 최근 라오스에는 한국인을 비롯하여 많은 외국인 관광객이 증가함에 따라 여러 가지 안전사고들이 증가하고 있습니다. 안전한 해외여행을 위해서 최근 주로 발생한 사건사고들과 이에 대한 예방법을 숙지하시어 불미스러운 일이 발생하지 않도록 유의해 주시기 바랍니다. 특히 라오스 새해, 보트레이싱, 탓루앙축제, 연말연시 등 축제기간에 사건사고가 많이 일어나고 있으니 각별히 주의하시기 바랍니다.
사건ㆍ사고의 유형
[지역 간 이동시 차량내 분실]
ㅇ 여행객이 방비엥 또는 루앙프라방등 지역으로 버스, 미니버스를 이용하여 이동하는 경우, 따로 적재한 배낭, 짐 속에서 지갑, 금전, 여권 등이 도난 또는 유실로 분실되는 경우가 종종 발생하고 있습니다. 대부분 여행객이 숙소 도착 후 나중에 분실 사실을 인지하는 경우가 많기 때문에 경찰신고 및 항의로 해결하기 어려운 점이 있으니 여행 시 귀중품은 주의하여 보관하시길 바랍니다.
[오토바이 날치기]
ㅇ 비엔티안 강변, 방비엥 외곽지역등 주로 범행 후 도주가 용이한 한적하고 도로 상태가 좋은 직선도로에서 자전거 혹은 도보로 혼자 이동하는 여행객을 대상으로 발생하고 있습니다. 범행 수법은 가방끈이 얇은 핸드백을 소지하고 있는 여행객을 대상으로 커터 칼을 이용하여 가방끈을 끊거나 자전거 바구니에 보관 중인 가방을 집어 달아나는 2인조 날치기가 많이 발생하고 있습니다.
ㅇ 안전을 위해 이동 중에는 가급적 작은 배낭을 이용하고 야간시간(오후 6시 이후)이나 인적이 드문 장소를 이동 시에는 2인 이상이 동행하시는 등 각별한 주의를 바랍니다.
ㅇ 범인과 대치할 경우에는 폭행을 당하거나 흉기에 의한 상해를 입을 수도 있으니 더 큰 피해 발생 예방을 위해 일단은 대항하지 말고 안전한 곳으로 대피하시고 가능할 경우 범인들의 인상착의 및 오토바이 특징?번호판 등을 확인하여 관할 지역 경찰서(헝깐 반)에 신고하시기 바랍니다.
[숙소 침입]
ㅇ 주로 이전에 해당 숙소에 투숙하며 방 열쇠를 미리 복사해 두었다가 투숙객이 방을 잠시 비운 사이 복사한 열쇠를 이용하여 침입하는 경우와 허술한 잠금장치를 파손 후 개방하여 침입하는 경우가 있습니다.
ㅇ 안전을 위해 외출 시에는 숙소 내에 귀중품을 보관하지 마시고 호텔이나 숙소 선정시 내부 잠금장치 유무 여부를 필히 확인하시기 바랍니다.
ㅇ 숙소 침입이 의심이 될 경우 숙소 직원에게 관련 내용을 알리고 숙소 직원 동행 하에 관할 경찰서(헝깐 반)에 피해 사실을 신고하시기 바랍니다.
[음료수 약취유인 / 사기도박 연루]
ㅇ 메콩강변을 비롯한 주요 관광지에서 혼자 다니는 여행객을 대상으로 약물이 들어있는 음료나 음식물을 섭취하게 하여 정신을 잃게 한 후 소지품 등을 훔쳐 가는 일이 발생하고 있습니다. 공공장소에서 혼자 있을 때 초면에 친절하게 다가와 자신의 집으로 초대하려 하거나 공짜로 음료나 음식물을 제공할 시에는 각별히 경계하시기 바랍니다.
ㅇ 의심이 드는 상황이 직면했을 경우에는 상대방을 자극하지 말고 화장실로 이동하여 문자로 외부의 도움을 요청하거나 현재 소지하고 있는 현금이 없다는 이유로 은행으로 이동하여 도움을 청하시기 바랍니다. 다음날 깨어나 피해 사실을 인지했을 경우에는 그 즉시 깨어난 숙소 관할 경찰서(헝깐 반)에 신고하시기 바랍니다.
[노상강도]
ㅇ 인적이 드문 곳에서 저녁시간에 오토바이를 타고 접근하여 보행 중이거나 자전거 주행 중인 여행객을 대상으로 상해를 입힌 후 금품을 강취하는 사건이 최근 자주 발생하고 있습니다.
ㅇ 안전을 위해서 인적이 드문 곳은 혼자 이동하지 마시고 과도한 음주와 과다한 현금 소지는 자제해 주시기 바랍니다.
[성추행]
ㅇ 외국인 여성들에 대한 잘못된 인식으로 쉽게 접근하여 성추행을 하거나, 주취 중 성폭행도 발생하고 있으며 라오스 문화에 맞지 않는 노출이 심한 의상을 착용하고 다닐 경우 범행의 표적이 될 수 있으니 각별히 유의하시기 바랍니다.
[절도(여권 등)]
ㅇ 여권이나 지갑(현금)은 항상 안전한 장소에 보관하시고 소지한 현금이 많을 경우 분리하여 보관해 주시기 바랍니다. 특히, 여권 분실 시에는 분실지역 경찰서, 이민국 및 영사국에서 관련 절차를 진행하는데 약 일주일 정도 소요되는 만큼 여권 관리에 각별히 유의하여 주시기 바랍니다.
[교통사고]
ㅇ 오토바이 운행자가 많고 운전면허 미소지자 혹은 교통법규 및 안전에 대한 인식이 부족하며 야간에 음주운전자가 위험하게 운전하는 경우가 많기 때문에 수도를 중심으로 교통사고가 매우 빈번하게 발생하고 있습니다. 또한 외국인 거주자나 여행자가 현지에서 교통사고에 연루될 경우 사건 관련 처리 절차 및 시간이 장시간 소요되어 여행 일정에 차질을 빚을 수 있는 만큼 여행객들께서는 가능한 직접 운전하는 것을 삼가시기 바랍니다.
ㅇ 또한 자전거 운행 중 이어폰을 통해 음악을 듣는 등 주의를 기울이지 않거나 차량 탑승 시 안전벨트 미착용으로 인해 사고 발생률이 높아질 수 있으니 각별히 주의하시기 바랍니다.
ㅇ 비엔티안–방비엥 고속도로가 2020년말 개통되어, 3시간 30분 거리가 1시간 30분으로 단축되어 교통편의가 크게 향상되었습니다. 하지만 운전미숙, 고속도로 가축 진입, 안전 가로등 미설치, 낙석·토사붕괴 등의 위험 요인으로 인해 고속도로 개통이후 현재까지 교통사고가 빈번히 발생하고 있는바, 우리국민들께서는 고속도로 이용시 각별히 유의하시기 바랍니다.
[전기누전]
ㅇ 라오스는 전기 공급체계가 미흡하여 누전사고가 빈번하게 발생하기 때문에 필요하지 않은 전기는 항상 차단한 상태로 유지하시기 바랍니다.
[과음으로 인한 사고]
ㅇ 지나친 과음은 모든 사고의 원인이 됩니다. 여행 중에 불미스러운 일이 발생하지 않도록 음주 시 항상 주의하시기 바랍니다.
[강풍/폭우 안전사고]
ㅇ 열대성 집중호우로 인해 폭우가 내릴 경우 강풍이 동반되고 배수시설이 취약한 지역의 경우 도로가 침수되는 경우가 종종 발생합니다. 강풍에 의해 간판 등 시설물이 날아와 피해를 당하거나 고목의 나뭇가지가 물에 젖어 떨어지는 경우, 오래된 건물이 무너지는 등의 위험이 발생하니 폭우와 강풍이 발생할 경우 외출을 삼가시기 바랍니다.
[물놀이 사고]
ㅇ 라오스는 물놀이 안전사고가 자주 발생하고 있으며 의료시설이 열악하여 응급상황시 대처능력이 상대적으로 떨어지는 것을 감안하여 물놀이(튜빙, 카야킹, 수영 등) 시에는 안전장비를 필히 착용하시어 사고가 발생하지 않도록 각별히 유의하시기 바랍니다.
[Happy Food 주의]
ㅇ 라오스 내 일부 지역에서 대마초가 들어간 음식, 말똥 버섯(독버섯)이 첨가된 음료(셰이크)와 휘핑크림 가스를 주입한 풍선을 판매하는 지역이 있습니다. 호기심에 환각작용을 일으키는 물질을 섭취하다가 체질에 따라 뇌손상 및 호흡곤란으로 인한 심각한 피해가 발생하는 경우도 종종 발생하고 있습니다. 환각작용을 일으키는 모든 음식 섭취는 국내에서뿐만 아니라 라오스에서도 불법인 만큼 관련법에 의해 처벌될 수 있습니다.
[폭염으로 인한 열사병]
ㅇ 폭염으로 인해 어지러움을 호소하거나 의식을 잃는 경우가 종종 발생하오니 장시간(30분 이상) 햇볕에 노출되지 않도록 하시고 선글라스를 착용하시어 눈을 보호해 주시기 바랍니다.
[장염]
ㅇ 현지 음식에 적응할 때까지는 소량의 음식을 섭취하시고 얼음이나 식수의 청결상태를 확인하시고 섭취하시기 바랍니다. 가능한 식수를 구입하여 섭취하시되 장염의 경우 말라리아나 뎅기열 발생과 유사한 신체에 이상 징후가 발생하므로 신속히 병원 진료를 통해 확인하시기 바랍니다.
[기생충 감염]
ㅇ 채소, 어패류, 육류를 익힌 상태에서 섭취하시고 필요한 경우 여행을 마치신 후 기생충 약을 섭취하시기 바랍니다.
자연재해
ㅇ 폭염 : 3월부터 5월까지는 비가 오지 않는 건기이며 낮 최고기온이 40도를 넘는 무더운 날씨가 지속됩니다.
ㅇ 폭우 : 6월부터 10월까지는 비가 많이 오는 우기이며 홍수와 산사태를 유발하기도 합니다.
ㅇ 산사태 : 인기 관광지인 방비엥에서 루앙프라방을 잇는 13번 국도와 북부 산간지대 도로에서는 6월부터 10월사이 우기에 산사태로 길이 막히는 상황이 자주 발생합니다.
ㅇ 홍수 : 배수시설이 취약하여 집중호우 발생 시 강물이 범람하거나 저지대의 경우 도로가 잠기는 등의 피해가 특히 지방에서 발생합니다.
ㅇ 낙뢰 : 열대성 집중호우 발생 시 낙뢰를 동반하는 경우가 많으므로 야외활동을 중단하고 실내에서 전력 사용을 최소화 한 상태에서 대기하여야 합니다.
유의해야 할 지역
[수도 비엔티안]
ㅇ 남푸 및 강변의 외국인 밀집 지역
ㅇ 탓루앙 사원 및 빠뚜사이 근처 관광지역
ㅇ 폰탄, 폰시누안, 동팔란, 사팡모 등의 외국인 주거 밀집 지역
[비엔티안 주]
ㅇ 방비엥 군 외국인 밀집 지역
ㅇ 남릉댐 주변 관광지
[참파삭 주]
ㅇ 시판돈 관광지역
ㅇ 팍세 시내 외국인 밀집 지역
[사바나켓 주]
ㅇ 외국인 밀집 지역
[루앙프라방 주]
ㅇ 야시장이 열리는 지역 및 강변 인적이 드문 곳"
라이베리아,Liberia,LR,아프리카,2022-08-02,"사건ㆍ사고의 유형
ㅇ 생계형 범죄뿐만 아니라 야간 주거침입 강도, 강간 등 강력범죄가 지속 발생하고 있습니다.
ㅇ 범죄자들은 나이프, 정글 칼 같은 흉기뿐만 아니라 총기류도 휴대하므로 매우 위험합니다.
ㅇ 20여 년에 걸친 내전을 거쳐 2006년 민선 대통령의 취임 이후 정치적으로는 안정을 찾아가고 있으나, 경제적 어려움이 계속되고 있으며 공권력과 치안력이 지방에까지 미치지 못하고 있습니다.
ㅇ 특히, 잦은 정전 등 공공재가 충분하지 못합니다.
ㅇ 사회 전체적으로 아직 많은 불안 요소들이 잠재해 있어 라이베리아 여행은 필요한 경우가 아니면 자제하는 것이 좋습니다.
자연재해
ㅇ 열대성 소나기가 심하게 내릴 때는 도로가 침수, 파괴되어 차량 통행이 불가능하게 되거나, 대형사고의 위험이 증가합니다.
ㅇ 12월~2월 사이 건기에는 하마탄이라고 하는 먼지바람(황사)이 사하라 사막으로부터 불어 오므로 호흡기 질환에 유의해야 합니다.
유의해야 할 지역
ㅇ 수도 빈민가는 통행을 피하시고, 특히 야간에 혼자 다니는 것은 위험합니다.
ㅇ 에볼라, 콜레라 등 전염병 발병지역에 대해 항상 관심을 갖고 발병지역 방문자제가 필요합니다.
ㅇ 경치가 좋은 일부 해안이 있으나 강한 이안류와 높은 파도에 주의하여야 합니다."
라트비아,Latvia,LV,유럽,2023-11-24,"사건ㆍ사고 현황
[테러, 인질 등에 대한 상황 및 정세]
ㅇ 라트비아는 1991년 구소련으로부터 분리 독립 후 2004년 EU 및 NATO 가입, 2014년 유로존 가입, 2016년 OECD 가입 등 서구 세계로의 편입 노력을 가속화해 오고 있어 갑작스런 전쟁이나 테러 등 위험은 매우 낮은 상황입니다.
[범죄현황 등 치안상태]
ㅇ 라트비아의 기본적인 치안상황은 안전한 것으로 평가되고 있으나, 여행자가 많은 관광지, 주요기차역 등에서는 소매치기 사건이 종종 발생하고 있는 것으로 알려지고 있습니다.
[안전사고]
ㅇ 여행자들을 상대로 한 소매치기 피해를 당하지 않기 위해서 아래 사항 등에 대한 주의가 요망됩니다.
- 들고 다니는 핸드백 보다는 착용할 수 있는 배낭을 이용하시고 현금 등 주요 소지품은 외부로 드러나는 주머니에 휴대하지 마시고 내부 주머니에 분산하여 휴대하는 것이 좋습니다.
- 외출 시에는 가급적 귀중품 등 불필요한 물건을 휴대치 말고 간소한 차림으로 나가시기 바랍니다. 현금 휴대는 최소한으로 하고 여권은 신분증이므로 항상 휴대하시기 바랍니다.
ㅇ 특히, 심야에 유흥업소를 이용하실 때에는 여권, 휴대폰 도난에 대한 특별한 주의가 필요합니다.
[기타 질병 현황]
ㅇ 특별한 전염병이나 풍토병은 없으나 여름철 야외(공원, 숲속 등)에서 활동하실 경우에는 진드기에 물릴 것을 대비해 긴팔 긴바지를 입으시는 것이 좋습니다.
자연재해
ㅇ 라트비아는 태풍, 지진 등 자연재해가 거의 발생하지 않지만, 라트비아 일부지역에서는 봄철 홍수가 발생하기도 합니다.
ㅇ 여름철에도 기온이 대체로 높지 않으며, 아침, 저녁으로 갑자기 날씨가 추워질 수 있으므로 따뜻한 옷을 준비하시는 것이 좋습니다.
유의해야할 지역
ㅇ 수도 리가의 중앙시장, 기차역에서는 현지인들을 상대로 한 소매치기도 수시로 발생하기 때문에 사람이 붐비는 곳에서는 소지품 분실에 대한 주의가 필요합니다.
ㅇ 수도 리가 구시가지에 있는 유흥업소에서는 종종 외국인을 상대로 사기 사건이 발생합니다. 현지인, 특히 젊은 여성이 주류를 대접하겠다고 하여 접근 후 계산서를 받으면 원래의 가격보다 수배 많은 가격을 청구하는 유형의 사기 사건이 발생하기도 합니다."
러시아,Russia,RU,유럽,2025-05-21,"사건ㆍ사고의 유형
[모스크바]
ㅇ 현지 치안 상황 : 러시아 전역의 치안은 과거에 비해 전반적으로 안정화 되었으나, 수도 모스크바 및 주요 도시를 중심으로 우리 국민 여행객 수도 늘어남에 따라 절도·분실 사건 및 강도·폭행 사건 수가 증가하고 있는 추세이오니, 여행 시 유의하시기 바랍니다.
[주요사건 사고 유형 및 예방안내]
ㅇ 러시아 도로변 호객 택시정식으로 등록되지 않은 택시 이용시 바가지 요금 시비가 많으므로 Gett, Yandex taxi 등 휴대전화 어플을 사용하여 정식 인가된 택시를 이용하시기 바랍니다.
ㅇ 특히, 공항 입국장 앞(호객 기사 주의), 시내 도로변에 서 있는 택시는 탑승하지 마시고 공항 정식택시 창구 및 숙박업소등을 통해 택시를 예약하여 이용하시기 바랍니다. 또한 과다 청구를 대비하여 사전에 요금제를 확인하시기 바랍니다.
ㅇ 모스크바 및 주요도시에서 외국인을 대상으로 하는 소매치기기 범죄가 빈번하게 발생하고 있습니다. 특히 주요관광지, 기차 및 지하철내에서 현금이나 고가의 휴대폰 등을 소지한 관광객을 대상으로 한 범죄가 많으니 여행하실 때 소지품 도난·분실에 주의해 주시기 바랍니다.
※ 도난 및 분실사고 발생 시 현지 경찰신고 절차가 복잡할 뿐만 아니라, 피해회복 또한 어렵다는 점을 잘 인식하시어 사전 예방에 힘써 주시기 바랍니다.
ㅇ 러시아 국경수비대는 러시아에 무사증으로 입국하여 벨라루스를 여행하거나 벨라루스를 경유하여 제3국에 갔다가 러시아로 돌아온 외국인이 출국하려는 경우, 러시아에서 출국했던 기록(여권 상 출국심사인 날인)이 없다는 이유로, 벨라루스 등 제3국에서 체류하였던 기간까지 모두 합산하여 사증면제협정등에서 허용하는 체류기간을 도과한 경우 불법체류한 것으로 판단하여 출국을 제지하는 사례가 발생하고 있습니다.
※ 벨라루스 비자, 거주등록, 러시아~벨라루스 간 항공권, 벨라루스 출입국기록(확인스템프)등을 제시하더라도 국경수비대에서는 여권 상 출국심사인 이외의 자료를 가지고는 공식적으로 출국기록을 인정하지 않음
ㅇ 이에 벨라루스를 여행하시려는 우리 국민께서는 러시아 이외의 국가를 경유하여 출입국하실 것을 권장하며, 특히 러시아로 입국한 경우 벨라루스를 경유하여 제3국 출국 또는 국내로 귀국시에는 러시아 출국기록이 전산 등에 남아있지 않아 이후 러시아 재입국시 문제가 발생할 소지가 있으니 유의하시기 바랍니다.
[블라디보스톡]
ㅇ 현지 치안 상황 : 블라디보스톡 등 러시아 극동지역의 치안은 과거에 비해 많이 안정화 되었으나 아직 여타지역에 비해 강력범죄 발생률이 높기때문에 심야시간대 외출은 (특히 여성 여행객 단독) 가급적 자제하시기 바랍니다.
ㅇ 주요사건 사고 유형
- 소매치기 범죄 증가 : 아르바트 거리, 해양공원, 대형마트 등 외국인 관광객 밀집지역내 소매치기 범죄 발생 증가
- 외국인 대상 택시 요금 시비 : 길거리 호객 택시 이용 대신 막심·얀덱스 등 택시 어플 이용 권장
- 횡단철도 내 분실, 절도, 폭행 및 성추행 등 사건 발생 빈도 증가: 열차 내 개인소지품을 철저히 확인하며, 음주 승객등과의 시비에 주의
[상트페테르부르크 주요 사건사고 유형]
♣ 소매치기 사건
Q1. 길을 가던중에 갑자기 4명이 애워싸고 3명이 길을 막은 후 한명이 가방이나 주머니에서 물건을 훔쳐 가는 사례
Q2. 버스나 지하철 주요관광지 탑승시 덩치가 큰 사람이 탑승 입구를 막아서고 주변에 소매치기 일당들이 몰려와 물건을 강탈하는 사례 (주요관광지 입장권판매소에서도 동일한 수법으로 도난사고 발생)
A. 주요 관광지 및 인파가 많은 곳을 이동시에는 항상 주변을 살피시고 본인의 주변에 이상한 사람들이 접근하는 지를 파악하시며 이동하실 것을 권장합니다.
- 스마트폰만 보고 다니신 다거나 이어폰을 끼고 음악에 빠져 있는 경우 소매치기범의 범행 대상이 되기 쉽습니다.
Q3. 가방을 뒤로 메고 이동 시 소매치기들이 접근하여 가방을 열고 안에 물건을 꺼내가는 사례
A. 인파가 많은 곳에서는 백팩은 앞으로 메주시고, 지퍼 자물쇠 사용 혹은 지퍼를 열기 쉽지 않게 끝 쪽으로 잠그시기 바랍니다.
Q4. 책자 판매나 사인을 유도하며 한명이 주의를 끌고 나머지 일당이 소매치기하는 사례
A. 관광지에서 낯선 사람들이 접근한다면 상대하지 마시고, 그 자리를 피하시기 바랍니다.
유의해야 할 지역
[철수 권고 지역]
ㅇ 체첸을 중심으로 한 북카프카스 지역(북오세티아, 잉구세티아, 다게스탄, 카바르디노 발카리아,북오세티아, 카라차예보체르케스카야, 아디게야)에서 폭탄 테러가 빈발하고 있어 우리 정부는 이 지역을 철수 권고(적색경보) 지역으로 지정하고 있습니다. 따라서 긴급한 용무 외에는 북카프카스 지역 방문을 자제하여 주시기 바라며, 부득이한 경우에는 주러시아 대사관 영사과에 여행 기간 및 연락처 등을 사전에 통보하여 주시기 바랍니다.
[신변안전 유의 지역]
ㅇ 2021.1월 러시아 전역 대규모 시위, 2019.12월 모스크바 시내에서 괴한의 무차별 총격 사건, 2014.10월 체첸공화국 수도 그로즈니에서 자살폭탄테러, 2011. 1월 모스크바 도모제 도보 공항 폭탄 테러, 2010. 3월 모스크바 지하철역 연쇄 폭탄 테러 등 시내 중심부에서 시위 및 테러가 발생한 바 있습니다. 따라서 대규모 군중이 밀집한 장소나 공공장소에서는 신변안전에 각별히 유의하시기 바랍니다.
ㅇ 과거 사례를 살펴보면 스킨헤드 등에 의한 인종혐오 범죄가 발생하였고, 일몰시 지하철역 인근, 축구 경기장, 한적한 공원이나 거리 등은 범죄피해의 우려가 있으니 유의하시기 바라며 특히, 과거 외국인 혐오 범죄가 발생하였던 히틀러 생일(4.20), 전승 기념일(5.9), 국민 통합의 날(11.4) 등 기간에는 더욱 주의하여 주시기 바랍니다.
[블라디보스톡 - 러시아 연해주 등 극동 지역]
ㅇ 독수리전망대 안전구역 밖 사진촬영 (추락사고), 겨울철 해빙기 바닷가 출입 (익사사고), 루스키 섬 트레킹 시 절벽 사진 촬영 (추락사고) 등
ㅇ 러시아 연해주 지방의 핫산 지역은 여행경보 1단계 (남색경보) 여행 유의지역(러시아·북한 국경 접경지역)으로 지정되어 운용 중에 있습니다.
※ 핫산등 출입제한구역의 경우 외국인은 방문 60일전 방문신청서를 지역관할 국경수비대에 제출하여 사전 허가를 받아야 합니다.
[상트페테르부르크 - 주요 관광지 사건]
Q1. 주요 관광지 방문시 동물탈 · 분장 · 비둘기 등으로 관광객들을 유인하여 사진을 찍고 난 후 터무니없는 사진 촬영비를 요구하는 사례
- 멀리서 다른 사진을 찍을 때도 본인들이 찍혔다고 주장하며 금품을 요구
A. 동물탈 · 분장 · 비둘기 등으로 관광객을 대상으로 호객행위 중인 곳에서는 되도록이면 사진촬영을 자제하시기 바랍니다.
Q2. 택시 및 교통편(마차나 말 등) 탑승 후 터무니 없는 가격을 요구하는 사례
A. 택시는 공인된 앱(Yandex.Taxi, 우버, Bolt 등)을 통하여 이용하시는 것이 가격적으로도 저렴하고 안전합니다. 그리고 관광지에서 탈것을 이용할 시에는 탑승 전에 정확한 가격을 합의한 후에 탑승하시기 바랍니다.
Q3. 노점상에서 물건 구입 후 카드 결제 시 카드를 복제하거나 또는 물건 구입 가격보다 높은 금액으로 결재하는 사례
A. 노점상에서는 카드 결제 대신 현금으로 구입하시는 것을 권장합니다."
레바논,Lebanon,LB,중동,2025-05-30,"사건ㆍ사고 현황
[최근 치안상황]
ㅇ (전반적 상황) 레바논의 안전 상황은 전반적으로 양호하지 못합니다. 특히, 시리아와의 국경 지대(동북쪽) 및 이스라엘과의 국경지대(남쪽), 베카 계곡, 베이루트 남부 교외지역, 트리폴리 인근, 난민정착촌 등은 무장충돌 및 테러 위협이 상존합니다. 레바논은 2019년 10월 이후 시작된 심각한 경제 위기로 인하여 대중들의 시위 발발 위험성이 높고 생활고로 인한 범죄가 증가 추세에 있습니다. 또한, 레바논은 여러 정파 및 종파로 나뉘어져 있는 관계로 가족간, 이웃간, 종파간 분쟁이 총격 및 여타 폭력사태로 비화되는 경우가 다반사입니다. 이러한 상황을 감안하여 치안 위험 지역, 특히 현재 여행경보 3단계(출국권고)로 지정된 지역으로의 여행 및 방문은 자제하여야 합니다. 동 지역에서의 비상 상황 발생시 레바논 당국으로부터의 적시적인 도움과 보호를 받는 것이 쉽지 않고, 경우에 따라서는 대사관의 영사 조력에도 한계가 있을 수 있습니다.
ㅇ (생활고로 인한 강력범죄 증가) 2019년 하반기 이후 지속 중인 경제위기로 인해, 레바논 내 범죄율은 증가 추세에 있습니다. 2021.10월 International Information과 레바논 치안당국(Internal Security Forces)의 합동 조사 결과 구체적인 증가 추세는 아래와 같습니다.
- (주거침입) 2019년 대비 265.5% 증가
- (자동차절도) 2019년 대비 212% 증가
- 2021년도 살인 179건, 소매치기 419건, 교통사고 4,885 건 발생(10월까지의 집계)
ㅇ (테러 등 극단주의 세력의 위협) 레바논에서는 시리아 및 이스라엘 국경지대에서의 무장·범죄 단체에 의한 테러 뿐만 아니라, 주요 관광지, 교통집결지, 다중시설(호텔, 클럽, 쇼핑몰, 시장 등), 종교시설, 정부관련 시설 등에 대한 예고 없는 테러 공격이 발생할 수 있습니다. 레바논 내에는 기성 정치권으로 편입된 헤즈볼라 뿐만 아니라, ISIS, 하마스, 압둘라아잠여단(AAB) 등의 폭력적극단주의 단체도 활동중인 것으로 파악됩니다. 2012 ~ 2015년간 테러 및 납치 사건이 빈발하였는바, 대략 713 ~ 737명의 사망자와 2,672명의 부상자가 발생하였습니다. 최근에도 아래와 같이 테러가 발생하였고, 미제 암살 사건도 다수 발생하고 있습니다.
- 2020.9월 북부 지역에서 ISIS 연계조직의 공격으로 경찰 2명 및 민간인 1명 사망 → 레바논군(LAF)의 반격으로 해당 조직 소탕하였으나 그 과정에서 군인 4명 전사
- 2019.6.3. 북부 Tripoli 자살폭탄테러 → 용의자 1명 및 치안기관원 4명 사망
- 2018.1.14. 남부 Sidon 폭발물 테러
ㅇ (정세불안 및 반정부 시위) 2020.8월 베이루트 폭발사고로 인한 반정부 시위 재점화로 Hasan Diab 내각이 퇴진하였으며, 이후 2021.9.10. Mikati 내각이 새로 출범하였습니다. 그러나 레바논 정부의 행정 및 치안 유지 역량은 크게 약화된 실정이며, 2020.3월 디폴트 이후 재정난 또한 심화되어 이에 불만을 느낀 시민들의 반정부 시위가 수시 발생하고 있습니다. 시위대는 주요 도로를 점거하고 타이어를 불태우는 등 과격한 행동을 하는 경우가 많으므로 주의를 요합니다.
ㅇ (정·종파간 갈등) 오는 2022.5월 총선을 앞두고 정·종파간 갈등으로 인한 무력충돌 가능성이 상존합니다. 지난 2021.10.14. 대법원이 소재한 베이루트 인근 타유네 지역에서 종파간 무장 충돌로 7명의 사망자와 32명의 사상자가 보고되었습니다.
ㅇ (주요 치안 위험지역) 레바논 치안 및 정세 불안 지역은 크게 ①레-시리아 북동부 국경 지역(Baalbek, Hermel등), ②Tripoli 등 북부, ③남부 레바논 - 이스라엘 접경 지역, ④난민정착촌 등입니다.
- 레바논-시리아 북동부 국경 지역은 시리아 칼라문 산맥 및 레바논 아르살 일대를 중심으로 시리아 정부군/헤즈볼라 연합군과 ISIS 등 극단주의 세력 간 전투가 치열했던 곳이며, 현재도 극단주의 조직원들의 침투 가능성을 배제할 수 없습니다. 아울러 인신매매/납치/마약밀수와 연관된 조직범죄 활동이 활발하여 매우 주의를 요합니다.(여행경보 3단계, 출국권고 지역)
- Tripoli의 경우 북부 시리아 국경지대를 통한 극단주의 조직원의 유입 가능성이 상존하며, 2019년 이후 수시로 과격한 반정부 시위가 발생하여 다수 사상자가 발생한 바 있습니다.(여행경보 3단계, 출국권고 지역)
- Tyre 등 남부 리타니강 이남 지역의 경우 이스라엘과의 무력충돌 발생 시 공습 및 포격의 위협이 상존합니다. (여행경보 3단계, 출국권고 지역)
- 레바논 내 산재한 12개 팔레스타인 난민 캠프에서는 총격 및 폭탄 등의 사건이 발생할 위험이 상존합니다. (여행경보 3단계, 출국권고 지역)
- 이외에 베이루트 ~ 다마스커스로 이동하는 산간도로와 베카 등지에서의 차량 도난 및 차량 강취 다수 발생하므로 각별한 주의가 요구됩니다.
｢최근 3년간 시아파 및 기독교도 대상 테러 발생 내역｣
- 2019.6.3. 북부 Tripoli 자살폭탄테러
- 2018.1.14. 남부 레바논 Sidon 폭발물 테러
사건ㆍ사고의 유형
ㅇ 내부 정파, 종파 간 갈등 여하 및 시리아, 이스라엘 등 주변국들과의 관계 여하에 따라서 시위, 테러, 납치, 내부 무력충돌, 대외 전쟁 등 위험이 높은 상황이므로 여행자 본인이 스스로 안전에 각별한 주의를 기울이는 것이 가장 중요합니다.
ㅇ 레바논은 국토 면적이 10,425 ㎢(한국의 경기도 정도의 면적)로서 유사시 전국토가 전장화 될 수 있는 소국가이며, 분쟁 발생 시 베이루트 국제공항이 단기간(분쟁 발생과 거의 동시)에 마비되는 특징이 있습니다.
ㅇ 고급 차량으로 한적한 산간도로 특히 야간에 운행하는 경우 차량 강취의 표적이 될 수 있으므로 주의를 요합니다.
ㅇ 레바논을 여행할 경우 국내 또는 레바논 내 지인들에게 여행 일정 및 비상시 연락을 취할 수 있는 연락망을 알려놓도록 하고 여행 중 사고 발생 시 인근 경찰 및 대사관에 신고하여 도움을 요청하는 것이 바람직합니다. 특히 레바논의 정국이 불안하거나 유혈 충돌이 발생하고 있는 경우 대사관에 사전에 입출국 일정, 숙소, 전화번호 등을 통보하여 유사시 안전 여하 파악이 가능토록 하고 필요한 경우 도움을 받을 수 있도록 함이 적절합니다.
ㅇ 레바논 정부군이나 헤즈볼라 등 군사시설 인근 지역에서 사진촬영을 하지 않도록 하고, 조사를 받게 될 경우 의사소통을 비롯하여 문제가 발생할 여지가 있다고 판단되면 대사관으로 연락하여 도움을 요청함이 바람직합니다.
자연재해
ㅇ (대기오염 및 황사) 레바논에서는 20년 이상 된 낡은 중고 자동차가 많이 운행되고 있어 차량 배기가스로 인한 대기오염이 심하며, 계절적으로 발생하는 정기적인 모래폭풍(짙은 황사현상)으로 3-5월 중에 집중적으로 발생합니다.
ㅇ (3∼5도 사이의 간헐적인 지진) National Center for Geophysical Research 자료에 의하면 1956년 지진으로 139명이 사망하고, 6천여 가구의 이재민이 발생한 바 있으며, 최근에도 간헐적으로 3∼5도 사이의 지진기록이 관측되고 있습니다."
레소토,Lesotho,LS,아프리카,2024-02-23,"사건ㆍ사고의 유형
ㅇ 총기를 휴대할 수 있는 나라이나 총기 관리가 철저하여 남아공에 비하면 안전한 편임. 그러나 불법 총기를 남아공에서 밀수하여 범죄에 이용
ㅇ 여행객들의 경우 고가의 물건(카메라 핸드폰 등)을 과시 하면서 다니는 경우 절도의 표적이 되는 경우가 있음
ㅇ 여행중 차량 운행 시 여성이 차를 태워달라고 해도 태워주지 않는 것이 좋음(범죄로 연결될 수 있음)
ㅇ Maseru 지역은 우범지역으로 차량절도가 빈번하게 발생하므로 가급적 방문 자제"
루마니아,Romania,RO,유럽,2023-11-24,"사건ㆍ사고 유형
ㅇ 2016년부터 2019년 4월까지 사건사고 접수는 총 6건으로, 대부분 절도 또는 교통사고 등의 사건임
ㅇ 우리 국민들에 대한 강력범죄 형태의 사건사고는 발생하지 않고 있으나, 단순 절도, 소매치기, 분실, 도난 등 형태의 범죄가 빈번히 발생하므로 여행 시 늘 신변안전에 유의하는 것이 좋습니다.
- 특히, 사람이 많이 모이는 곳에서 소매치기를 조심하시기 바랍니다. 특히, 관광객에게 접근하여 길을 물어보거나 신체를 접촉하는 등의 행위로 관광객의 주의를 분산시킨 후, 주위에 있던 일당이 지갑과 여권을 탈취하는 경우가 있으니 주의하시기 바랍니다.
ㅇ 택시를 이용하실 경우, 외국인 관광객을 상대로 요금을 속이는 경우가 빈번하므로 교민 및 여행객 여러분께서는 이 점 주의하시기 바랍니다.
- 택시 이용 시에는 차량 번호, 요금, 운전자 등을 주의 깊게 확인하시기 바랍니다.
※ 탑승 전 차량 옆면에 표시된 미터 당 기본요금 확인(1.39Ron이 가장 저렴)하고, 탑승 후 택시 내 설치된 미터기 요금 재확인 필요
- 최근 Uber, Black Cab 등 택시 어플리케이션 사용이 증가하고 있으며 간편하게 이용 가능하니 참고하시기 바랍니다.
ㅇ 대중교통 이용시, 버스나 트램보다는 지하철이 안전한 편임을 참고하시기 바랍니다.
자연재해
ㅇ 폭우, 폭설, 강풍으로 인한 피해가 종종 발생합니다.
ㅇ 루마니아는 지진 발생이 빈발(지난 100년간 17번의 지진 발생) 한 자연환경적 특성이 있음을 참고하시기 바랍니다.
- 특히, 수도 부카레스트에서 북동방향 190km 위치한 브란체아(Vrancea) 주
* 루마니아 대규모 지진 발생 사례
루마니아 대규모 지진발생 사례
리히터 규모 7.0 이상
(벽,건물이 무너짐)
리히터 규모 6.0~6.9
(벽에 금 가고 물건이 떨어짐)
리히터 규모 5.0~6.0
1471년 Vrancea (7.3)
1516년 Vrancea (7.5)
1590년 Vrancea (7.3)
1620년 Vrancea (7.1)
1679년 Suceava (7.3)
1738년 Vrancea (7.5)
1802년 Vrancea (7.7)1
1838년 Vrancea (7.5)
1893년 Vrancea (7.1)
1894년 Galați (7.1)
1901년 Black Sea (7.2)
1908년 Vrancea (7.1)
1940년 Vrancea (7.4)
1977년 Vrancea (7.2)2
1986년 Vrancea (7.1)
1545년 Vrancea (6.8)
1790년 Vrancea (6.8)
1812년 Vrancea (6.5)
1945년 Vrancea (6.8)
1990년 Vrancea(6.9,6.2,6.1)
2004년 Vrancea (6.0)
1974년 Timiș (5.6)
1991년 Caraș-Severin (5.6)
2004년 Tulcea (5.0)
2005년 Buzău (5.1)
2005년 Vrancea (5.0)
2005년 Vrancea (5.0)
2009년 Vrancea (5.3)
2014년 Vrancea (5.7)
유의해야 할 지역
ㅇ 북역(Gara de Nord)은 주변에 집시나 노숙자들이 많은 곳으로 분실사고의 대부분이 발생하는 사고 다발 지역이므로 각별한 주의가 필요합니다.
- 북역, 시내 중심지 등에서 외국인 여행객을 상대로 경찰을 사칭하며 신분증 및 소지품 검색을 요구한 후, 지갑에서 고액권 외화만을 교묘히 빼돌리거나 값싼 숙박시설을 제공하겠다며 여행자를 집으로 유인하여 금품을 훔치는 등의 사고가 발생한 사례가 있으니, 주의하시기 바랍니다.
ㅇ 여행 통제지역 : 군부대와 생태계 보호 지역(다뉴브 델타 일부 지녁)을 제외한 전 지역 여행 가능합니다."
룩셈부르크,Luxembourg,LU,유럽,2023-11-24,"사건ㆍ사고의 유형
[혼란스러운 상태에서 날치기]
ㅇ 2~3인 한조가 되어 주변에 동전을 떨어뜨리거나, 말 걸기, 옷 털어 주기 등 혼란스러운 상황을 만들고 상대가 소지품을 땅에 내려 놓는 순간 소지품을 잽싸게 날치기하는 사례가 일어나고 있습니다.
- 대처 : 낯선 사람이 주변에서 이상한 행동이나 접근해 올 때, 우선 소지품에 (절대로 땅에 내려놓지 않도록 하고) 각별히 유의함
[사진 촬영시]
ㅇ 유명한 건물, 동상, 탑 등을 뒷 배경으로 두고 기념촬영할 때, 소지품을 땅에 내려 놓으면 주변에 있던 날치기 범들이 소지품을 가지고 가는 사례가 있습니다.
- 대처 : 기념촬영시 소지품 보호에 유의하여야 함
[자동차 불법침입 도난]
ㅇ 주차된 자동차에 침입하여 가방 등 물품을 도난하는 사고가 발생합니다.
- 대처 : 자동차를 주차할 때는 차내에 가방 등 물품을 놓아두지 않도록 유의 함
[현금자동인출]
ㅇ 현금자동인출기(ATM) 주변은 범죄가 발생하기 쉬운 곳이므로 낯선 사람에 유의하십시요. 한국에서 발행된 금융카드(신용카드, 직불카드, 체크카드 등)중 일부는 룩셈부르크 ATM에서 사용 못하는 경우가 있습니다.
- 대처 : 주변에 낯선 사람이 있을 때에는 다른 곳을 이용하고, 에러가 발생되는 경우에는 2회 이상 현금인출을 시도하지 말고 다른 국가에서 현금을 인출 합니다.
□ 정정 상황 (전쟁, 내란, 테러 등)
ㅇ 룩셈부르크는 인구 50만명의 국가로서 정치적으로 안정되어 있으며, 정변, 국지적 분쟁에 따른 위험은 없습니다.
□ 치안상황 (일반범죄 등)
ㅇ 동구권 및 기타 외국인 불법체류자들로 인한 날치기, 소매치기, 차량 무단침입 절도 등의 단순범죄가 발생하고 있습니다. 복잡한 관광지, 쇼핑가 및 식당 등에서 항상 소지품에 대한 안전 관리가 요망됩니다.
ㅇ 치안, 테러, 불법체류자 및 마약 단속을 위해 실시되는 외국인에 대한 경찰의 불시점검에 대비하여 항상 여권, 비자 등을 소지하여 체포 또는 구금되는 불미스러운 일이 발생하지 않도록 유의가 요망됩니다.
자연재해
ㅇ 홍수 및 가뭄의 피해가 거의 없습니다.
유의해야할 지역
ㅇ 시내 전역
ㅇ 모든 호텔(특히 중급 이하)의 카운터 복도 및 식당에서 식사 할 때"
르완다,Rwanda,RW,아프리카,2025-05-21,"사건ㆍ사고의 유형
ㅇ 르완다는 현재 대체로 안정적 치안상태를 유지하고 있으나, 버스정류장이나 재래시장, 상가 밀집 지역 등 현지인들이 붐비는 장소에서는 테러, 사건사고 등 가능성에 대해 유의하셔야 합니다.
- 2013년, 수도 키갈리(Kigali)의 냐부고고(Nyabugogo),키추키로(Kicukiro), 키미롱고(Kimirongo) 지역에서 대중을 목표로 하는 수류탄 공격 사고가 일어난 바 있습니다.
ㅇ 생계형 절도 범죄(소매치기, 도난, 차량 부품 절도 등)도 종종 발생하고 우리 교민들도 몇 차례 피해를 입은 바 있어 주의가 필요합니다.
자연재해
ㅇ 특별한 자연재해는 없으나, DR 콩고와의 접경 지역은 화산활동지인 것으로 알려져 있습니다.
- 2002년 10월, 2005년 12월, 2008년 2월 등 그간 수차례 진도 5~7사이의 지진이 발생하여 인명피해가 발생하였습니다.
ㅇ 2008년 르완다 서부의 루시지(Rusizi) 지역에 규모 5.9의 지진이 강타하면서 30여명이 사망하고 600명 이상의 부상자가 발생한 바 있습니다.
ㅇ 우기에는 단시간 내에 많은 비가 내리므로 홍수, 산사태 등 피해 가능성에 유의해야 합니다.
유의해야 할 지역
ㅇ 2018.12월 등 관광지인 늉웨(Nyungwe)숲 및 인근에서 무장 괴한의 공격 사건이 보고된 바 있으므로 이 지역 여행시 각별한 유의가 필요합니다.
ㅇ 현재(2019.5월) 우간다, 부룬디와의 관계 경색으로 양국과의 국경 지대에 긴장이 조성될 가능성에 유의해야 하며, 육로를 통한 국경 통행‧통관시 강화된 검색 또는 예고없는 국경 폐쇄 등으로 불편을 겪을 수 있습니다.
- 이와 관련된 최신 정부 발표 내용 및 언론 보도를 확인하시기 바랍니다.
[자연재해 발생 가능 지역]
ㅇ 르완다 국경 인근에 있는 DR 콩고의 니라공고(Nyiragongo)산에서 화산 및 지진 피해 발생 사례가 있으니 방문 시 주의가 필요합니다."
리비아,Libya,LY,중동,2025-01-21,"사건ㆍ사고 현황
ㅇ 2020년 기준 리비아내 범죄현황 : 살인 376건, 납치 242건, 살인미수 48건, 강도 1,058건 발생
※ 리비아 정부기능 및 공권력의 원활한 집행이 이루어지지 않아 사건사고에 대한 통계 비정기적으로 이루어지고 있음
사건ㆍ사고의 유형
ㅇ 내외국인을 막론한 납치, 강도, 살인, 차량강탈 등 총기를 이용한 사건사고가 빈번하게 발생하고 있으며 마약 및 주류 밀매 등의 사건도 증가하는 추세
- 민병세력, 지역 범죄조직 등에 의한 강도, 납치, 차량강탈 등 각종 범죄가 만연
유의해야할 지역
ㅇ 현재 리비아 정부기능 및 공권력의 부재로 다양한 사건사고가 빈번히 발생하고 있으며 민간인도 총기를 소지하고 있는 경우가 많아 전 지역에서 안전에 극히 유의해야 함"
리투아니아,Lithuania,LT,유럽,2022-11-29,"사건ㆍ사고 현황
ㅇ 사회가 안정되어있어 살인, 강도 등의 강력범죄 피해는 거의 없습니다.
사건ㆍ사고의 유형
ㅇ 전체적으로 치안상태가 양호하여 특별한 여행제한지역은 없으나, 빌니우스 시내 관광지, 기차역 주변 등 일부지역에서 여행자 대상 소매치기 사례가 가끔 있습니다.
ㅇ 손가방을 손에서 놓거나 시선을 떼지 말고, 현금 소지를 줄이고 가능한 신용카드를 사용하시기 바랍니다.
ㅇ 야간에 거리를 배회하는 행동을 삼가하고 가능한 3-4명이 함께 이동하시기 바랍니니다.
유의해야할 지역
ㅇ빌니우스 시내 관광지, 기차역 주변 등 일부지역에서 여행자 대상 소매치기 사건이 가끔 발생하니 소지품 관리에 유의하시기 바랍니다."
리히텐슈타인,Liechtenstein,LI,유럽,2022-11-29,"사건ㆍ사고의 유형
[소매치기]
ㅇ 열차역(파두츠) 등 복잡한 장소에서 여행객 대상으로 절도 사건이 발생하고 있습니다.
- 낯선 사람에게 절대 물건을 맡기지 말 것
- 갑자기 길을 묻는 등 접근하여 시비나 긴장을 주는 사람에 대해 침착하게 대처할 것(역 주변, 호텔 체크인, 열차 기다릴 때, 떨어진 물건 주우려 할 때)
[산행]
ㅇ 고산지대는 기압차 및 기후변화가 심해 건강 상태가 안 좋은 노약층은 각별한 주의가 요망됩니다.
ㅇ 산행 중 등산코스를 이탈할 경우 대단히 위험합니다.
ㅇ 산속에서는 해가 일찍 지고 일몰 후에는 기온이 급강하하기 때문에 충분한 시간 여유를 가지고 하산하시기 바랍니다.
[수영]
ㅇ 호수나 계곡물은 수온이 매우 낮으며, 물 흐름 속도가 빠르고 소용돌이가 많기 때문에 수영을 하는 것은 위험합니다.
자연재해
ㅇ 10여 년 전 홍수 피해가 있었음"
마다가스카르,Madagascar,MG,아프리카,2022-08-02,"사건ㆍ사고의 유형
[일반 정세]
ㅇ 마다가스카르는 세계의 4대 섬 중의 하나로, 생태학적으로 가장 풍부한 자원을 가지고 있는 나라 중의 하나입니다.
ㅇ 마다가스카르는 천재지변이나 테러리스트들에 의한 테러 등의 위험은 없으나, 2002년 대통령 선거 시 전임 정권의 대통령이었던 라치라카(Ratsiraka)의 부정선거 시도를 계기로 후임 라발로마나나(Ravalomanana) 대통령 소속 당이 주도한 내란이 8개월 정도 지속된 적이 있습니다.
ㅇ 또한, 2009년 1월 수도 안타나나리보(Antananarivo) 시장이던 라조엘리나(Rajoelina, 현임 대통령)가 주도한 반정부 집회가 정치 소요로 급진전되면서 수백 명의 사상자가 발생하였습니다.
ㅇ 이어 라조엘리나를 지지하는 군의 쿠데타로 라발로마나나 대통령은 외국으로 피신하고 라조엘리나가 임시 과도정부 수반을 맡았으나(2009-204), 국제 사회의 압력으로 2013년 12월 대통령 선거에 출마하지 못하고 자신의 측근이던 라자오나리맘피아니나를 지원하여 당선시켰습니다.
ㅇ 당선된 라자오나리맘피아니나 대통령(2014-2018)은 라조엘리나와 결별하고 라조엘리나가 이끄는 하원 다수당과 대립하였으며, 하원이 대통령 탄핵소추안, 내각불신임안 제출 등 불안정한 정세가 지속되었습니다.
ㅇ 2018년 4월, 대선이 임박한 상황에서 선거법관련 정치적 소요사태가 일어나 시위자 1명이 총상으로 사망하는 등, 대선 정국을 앞두고 또 다시 정세가 불안정해졌으며, 2018년 6월 대선용 중립내각이 구성되었습니다. 2018년 9월 라자오나맘피아니나 대통령은 차기 대선 출마를 위해 대통령직을 사임하고, 리보 라코토베(Rivo Rakotobe) 상원의장이 대통령 권한 대행으로 취임하였습니다.
ㅇ 2018년 11월 7일 대선 1차 투표, 2019년 1월 8일 대선 결선투표 결과 안드리 라조엘리나 전 과도정부수반이 대통령으로 당선되었으며, 2019년 1월 19일 정식으로 대통령으로 취임하였습니다. 권력 이양 및 신정부 출범 과정에서 과거 되풀이 되었던 정치적 소요사태는 없었으며, 평화적으로 라조엘리나 대통령이 이끄는 신정부가 출범하였습니다.
ㅇ 2019년 1월 라조엘리나 대통령 취임 후 2020년 6월 현재까지 특별한 소요 없이 정국이 안정적으로 관리되고 있습니다.
ㅇ 2020년 3월 첫 코로나19 확진자가 발생한 후 국가 보건 비상사태가 선포되었으며, 2020년 6월 현재 국제항공운항이 중단된 상태입니다.
[치안상황]
ㅇ 경제적 빈곤으로 인해 강절도 사건이 빈발하고 있으며, 강도들은 주로 총기를 소지한 채 외국인 및 부유층을 대상으로 삼고 있습니다.
ㅇ 총기를 사용한 강도 사건은 특히 연말연시에 많이 일어나며, 주로 늦은 밤이나 새벽 1시에서 4시 사이에 일어나고 있으며, 대부분의 강도 및 절도는 경비, 가정부, 운전기사 등 집안 내부 사람들과 미리 짜고 이루어지고 있는 경우가 많습니다.
ㅇ 크고 작은 절도 사건들이 많이 일어나기 때문에 시내를 다닐 경우 소매치기, 휴대품 등 고가품 날치기범 등을 조심하여야 합니다.
ㅇ 택시 기사들이 손님을 태우고 다른 지역으로 이동하다가 미리 연락을 하여 둔 공범들과 함께 강도행위를 벌이는 경우가 많으므로 밤에 택시를 탈 경우 각별히 조심하여야 합니다.
ㅇ 야간의 치안상황이 좋지 않기 때문에 밤에는 가능한 한 외출을 삼가고, 인적이 드문 곳은 출입을 자제하여야 하며, 누가 차를 세워도 세워 주지 말아야 합니다.
ㅇ 빈번한 강절도 사건으로 지방도로 야간 통행은 절대로 금해야 하며, 주간에만 통행하도록 해야 합니다. 더불어 지방도의 경우 비포장 도로가 많은 관계로 우기철(10월 ~ 3월)에는 통행이 불가한 구간이 많으며 개조 4륜구동 SUV 차량으로만 진입할 수 있는 구간도 있습니다. 우기철에는 미리 도로사정을 파악하신 후 여정을 준비하셔야 합니다.
[우리 국민 관련 사건사고]
ㅇ 2015년 1월에는 주마다가스카르 한국 명예영사가 강도들에게 납치된 후 돈을 지불하고 풀려난 적이 있고 2015년 4월에는 마다가스카르에 거주하는 주거 단지 내에 있는 우리 국민의 주택에 강도들이 침입하여 전자제품을 훔쳐 가는 사건이 있었습니다.
ㅇ 2017년 4월에는 집을 비운 사이, 우리 국민 자택에 강도가 침입하여 현금 및 현물을 강탈당하는 사건이 있었으며, 2017년 8월에도 집을 비운 틈을 타 우리 국민 자택에 도둑이 침입하여 현물을 절도해가는 사건이 있었습니다.
ㅇ 2018년 9월에는 마다가스카르 남서부 무룬다바 지역 마하보(Mahabo) 인근에서 한국인 여행객 1분이 흉기로 무장한 현지주민에게 현금을 강탈당하는 사건이 발생했습니다. 다행히 동 관광객은 상해를 입지 않았고, 무사히 마다가스카르에서 출국을 하였습니다.
자연재해 및 전염병
ㅇ 11월-3월은 열대성 저기압인 사이클론으로 인해 남서부 쪽 해안에 큰 피해를 입는 경우가 있으므로 동 지역 여행에 유의하셔야 합니다.
ㅇ 9월부터 4월까지는 마다가스카르의 페스트 유행 시기입니다. 동 기간 동안 쥐, 벼룩 및 동물과의 접촉을 삼가주시고, 열이나 감기 증상을 보이는 현지인과의 접촉을 피해 주시기 바랍니다.
ㅇ 수도 등 중부 고원 지역을 제외한 해안 지방에는 말라리아가 성행하며, 북부 해안가를 중심으로 뎅기열이 유행하니 모기에 물리지 않도록 유의가 필요합니다.
유의해야 할 지역
ㅇ 수도인 Antananarivo의 67Ha, Ambohimanarina, Andravoangy, Besaretsy 등 은 외국인이 출입하기에는 치안이 불안한 지역이므로 방문을 삼가야 합니다.
ㅇ 서민들이 거주하는 지역에도 강절도 사건이 많이 일어나므로 밤에 다니는 것은 주의하여야 하며, 이 밖의 지역 또한 가급적 여럿이 같이 다니도록 하여야 합니다."
마셜제도,Marshall Islands,MH,아주,2023-11-24,"사건ㆍ사고의 유형
ㅇ 마샬의 주민들은 대부분 서로 혈연관계로 얽혀있기 때문에 흉악 범죄의 발생률이 낮고, 치안상황이 비교적 양호한 편입니다. 그러나, 절도, 폭행 등과 같은 일반적 범죄 피해 발생 가능성에 주의할 필요가 있습니다.
자연재해
ㅇ 마샬은 적도 부근에 위치하여 열대성 저기압(사이클론)의 통상적 진행경로에서는 벗어나 있으나 강풍, 홍수 등 사이클론의 영향으로 인한 피해가 발생할 수 있습니다.
ㅇ 지진으로 인한 해일 발생 가능성이 있습니다. 마샬은 고지대가 없는 산호초섬으로서 지진으로 인한 해일 발생 위험이 있을 때에는 높은 건물 등으로 대피하여야 합니다.
유의해야할 지역
ㅇ 나이트클럽, 술집 등 시내 유흥가 출입은 위험할 수 있습니다. 또한 야간에 도보로 이동한다거나, 외딴 곳을 단독으로 방문하는 등의 위험한 행동은 자제하는 것이 좋습니다.
ㅇ 마샬 군도의 섬 가운데 Kwajalein 섬은 미국의 미사일 기지가 소재하여 일반인의 출입이 제한되고 있으며(사전허 가제), Bikini 섬은 과거 미국이 핵 실험을 시행했던 지역입니다."
마이크로네시아연방,Federated States of Micronesia,FM,아주,2023-11-24,"사건ㆍ사고의 유형
ㅇ 마이크로네시아연방의 흉악 범죄의 발생률은 낮으며, 치안상황은 비교적 양호한 편입니다. 그러나, 절도, 폭행등과 같은 일반적 범죄 피해 발생 및 음주로 인한 범죄 가능성 등에 주의할 필요가 있습니다.
ㅇ 마이크로네시아연방의 4개주 가운데 Chuuk에서는 거리에서 절도, 폭행 및 차량을 공격하는 등의 사건이 자주 발생하고 있으므로 보다 주의가 필요합니다.
자연재해
ㅇ 마이크로네시아연방은 적도 부근에 위치하여 통상적 열대성 저기압(사이클론)의 이동경로에서는 벗어나 있으나 이로 인한 강풍, 홍수 발생 및 지진으로 인한 해일 발생 가능성이 있습니다.
유의해야할 지역
ㅇ 시내를 배회하는 실업자들의 범죄 대상이 되지 않도록 유의하여 합니다. 야간에는 이동을 자제하고, 주간에도 외딴곳을 단독으로 방문하는 등의 위험한 행동은 자제하여야 합니다.
ㅇ 마이크로네시아연방의 4개주 가운데 특히 Chuuk 지역은 여타 주와 비교하여 치안이 좋지 않으며 거리에서 외국인 대상 절도, 폭행 등이 자주 발생하고 있어 세심한 주의가 필요합니다."
말라위,Malawi,MW,아프리카,2023-11-24,"사건ㆍ사고 현황
[정정상황]
ㅇ Muluzi대통령은 1999년 재선에 성공한 후 2004년 대선에서는 자신의 후계자로 Bingu wa Mutharika를 지명해 이를 대통령에 당선시켰으며, 이후 Mutharika 대통령은 부패척결 및 경제개혁 등을 추진하여 임기중 높은 경제성장을 이끌어 그 결과 2009년 5월 개최된 대선에서 야당 Tembo후보를 압도적인 표 차이로 누르고 재선에 성공하였습니다.
- 이후 Muluzi 전 대통령 및 측근에 대한 강력한 부패척결운동을 벌였으나 갑작스러운 심장마비로 사망, 이후 2012년 4월 Joyce Banda 부통령이 대통령직을 승계하였습니다.
- 2014년 5월에 치러진 대선에는 Bingu Mutharika 전직 대통령 동생이자 민주진보당(Democratic Progressive Party : DPP) 의 당수인 Peter Mutharika 후보가 승리, 대통령에 취임하였습니다.
ㅇ 2019년 5월 치러진 대선에서 Peter Mutharika 후보가 승리하였으나, 부정선거 의혹으로 인해 2020년 2월 헌법재판소에서 대통령 재선거 판결을 하고 2020년 6월에 재선거를 실시하였습니다.
- 재선거 결과 의회당(Malawi Congress Party, MCP) Lazarus Chakwera 후보가 승리하여 대통령에 취임하였습니다.
[치안 상황]
ㅇ 말라위는 현 정부 여당에 대한 서구 원조공여국들의 강력한 지지를 바탕으로 꾸준한 경제성장을 이어가고 있으며, 비교적 안정적인 정치상황을 유지하고 있으나, 일반 국민들 대부분이 극빈층이라는 점에서 생계형 치안불안 요소는 여전히 남아 있습니다.
ㅇ 따라서 치안상태가 남아공, 콩고 등 인근 국가들에 비해 비교적 양호한 편이나, 총기사고, 소매치를 비롯한 강·절도 사건이 종종 발생하고 있고, 공공장소에서 귀금속, 다량의 현금 등을 소지하고 있는 경우 범죄의 표적이 될 수 있으므로 유의해야 합니다. 그리고, 외진 곳은 대낮이라도 출입을 삼가해야 하며, 관광지라도 야간의 도보외출은 매우 위험합니다.
사건ㆍ사고 유형 및 대처요령
[빈번한 사건사고 유형]
ㅇ 신호등에서 신호 대기시 갑자기 차문을 열고 가방이나 귀중품을 날치기 하는 경우가 있으니 주의하여야 하며, 특히 저녁시간에 신호등에서 앞차와 함께 신호 대기시 뒤에서 고의적으로 차량 추돌사고를 내고 강도짓을 하는 경우가 빈번하니 조심해야 합니다.
[사건(사고)발생시 대처방법]
ㅇ 사고가 발생하였을 경우 경찰에 연락을 취하는 한편 부당한 손해방지를 위해 즉시 현지체류 한국인 영사협력원이나 현지교민에게 연락을 취하여 부당한 손해를 입지 않도록 하셔야 합니다.
자연재해
ㅇ 지진, 홍수 등 천재지변 발생 가능성은 적으나, 특히 우기철에는 강, 호수 같은 지역에서 사고 발생 위험 가능성이 있고, 낙뢰로 인한 사고도 종종 발생하고 있으므로 주의하셔야 합니다.
유의해야 할 지역
ㅇ 차량정지 또는 신호대기시 날치기에 유의해야 하며, 현지인들이 밀집해 있는 버스정류장, 음식점 등에서 소매 치기 사건이 발생할 소지가 많으니 조심하셔야 합니다.
ㅇ 또한, 일반 노천 시장에서는 항시 신변 및 소지물품에 주의하셔야 합니다."
말레이시아,Malaysia,MY,아주,2025-06-30,"사건ㆍ사고의 유형
[유형 1 : 오토바이 날치기]
ㅇ 대로를 지나는 여성을 상대로 어깨에 메고 있는 핸드백을 채 달아나는 오토바이 날치기 사건이 자주 발생하고 있습니다. 이 오토바이 날치기범들은 작게는 2인조에서 많게는 20명씩 떼를 이루어 범행을 자행하고 있으며, 특히 대항 능력이 부족한 여성들을 주요 대상으로 하고 있습니다.
ㅇ 일몰 후 시내 중심가나 한적한 곳에서 홀로 산책하거나 이동하는 것을 삼가시기 바랍니다. 특히 Jalan Sultan Ismail과 Bukit Bintang, 차이나타운 인근 지역에서 피해사례가 매우 높습니다.
ㅇ 대로를 보행할 때에는 도로의 반대쪽, 즉 인도의 안쪽으로 통행하시고, 핸드백을 휴대하실 때에는 도로 반대쪽에 핸드백이 오도록 하는 것이 좋습니다.
ㅇ 피해를 당하는 순간 핸드백을 놓치지 않게 저항하거나 갑작스럽게 가방끈이 당겨짐으로 인해 넘어져 상해를 입거나 넘어진 후 뒤따라오던 통행차량에 의해 사고를 입는 경우도 있으므로 주의가 필요합니다.
[유형 2 : 소매치기/절도]
ㅇ 쇼핑몰, 백화점 등의 푸드코트와 같이 개방되어 있는 장소에서 핸드백, 가방, 지갑, 노트북 등을 절도당하는 사례가 매우 많습니다. 이러한 장소에서 식사를 하거나 차를 마실 때 같은 테이블의 옆자리 의자 위에 소지품을 놓아두고 동행인과 이야기하는 틈을 타 순식간에 가방을 들고 도주하는 것입니다.
ㅇ 쇼핑객 등 통행인이 많고 출입구가 없는 개방된 장소에서는 핸드백 등을 옆자리에 두지 마시고 무릎 위에 두거나 여권, 지갑 등의 귀중품은 벨트 가방에 보관하시는 것이 좋습니다.
ㅇ 여권 복사본과 사진은 여권과는 별도로 휴대하는 것이 좋으며, 신용카드 번호와 여행자수표 일련번호를 기재해 두고 분실할 경우를 대비하여 긴급 연락처를 적어둡니다.
[유형 3 : 사기도박]
ㅇ 혼자 여행하는 여행객에게 한국을 아주 잘 아는 체하거나 한국에 대해 관심이 많다면서 접근하여 본인 또는 가족이 곧 한국에 갈 예정이라면서 한국에 대해 이것저것 묻다가 자기 집에 가서 차나 식사를 대접한다고 유인한 후 데리고 간 집에서 사기도박에 빠지게 하여 소지하고 있던 현금은 물론 추가로 현금서비스를 받은 현지화까지 모두 잃게 하는 경우가 자주 발생하고 있습니다.
ㅇ 낯선 자가 접근하여 한국에 대해 관심을 보이면서 이유 없이 친절을 베푸는 경우에는 매우 주의를 기울여 처신해야 하며, 이러한 경우 응대할 필요 없이 무시하면서 상황을 벗어나도록 하는 것이 좋습니다. 특히 KL 국제공항에서 출발한 기차가 도착하는 KL 센트럴역과 관광명소 중 하나인 KLCC(쌍둥이 빌딩) 인근 등 관광객이 많이 통행하는 곳에서 이러한 유인행위가 자주 보고되고 있으니 주의하시기 바랍니다. 또한 말레이시아에서의 도박행위는 법령에 의해 개설된 도박장을 제외하고는 내ㆍ외국인을 막론하고 불법이므로 어떠한 이유로도 가담하지 않아야 합니다.
[유형 4 : 무역 송금 사기]
ㅇ Alibaba.com 등과 같은 온라인 오픈마켓을 통해 알게 된 무역상과 수출입거래 계약을 맺고 대금을 송금했으나 물품은 한국으로 송부되지 않고 현지 무역상(가명, 허위 여권번호, 허위 주소, 허위 사업자등록번호)은 전화 연락은 되나 끝내 찾을 수도, 변제받을 수도 없는 사례가 매우 흔합니다.
ㅇ 온라인 오픈마켓 가입자가 비록 높은 등급을 갖고 있더라도 신용도를 등급 그대로 보장하는 것은 아니므로 주의가 요구되고, 국제 무역거래에 있어 일반적으로 확보되어 있는 거래 안전 제도를 적극 활용하는 것이 필요합니다.
ㅇ Western Union을 통해 대금 송금할 것을 요구할 경우는 특히 사기의 가능성이 높으므로 주의하시고, 송금 사기의 경우 일반 은행으로 송금하더라도 위조 신분증으로 개설한 계좌이거나 타인의 계좌를 차용하는 경우가 대부분이므로 범인을 찾아내기는 거의 불가능하다고 현지 경찰은 밝히고 있습니다.
[유형 5 : 국제 송금 사기(로맨스 사기)]
ㅇ 온라인 사교 사이트를 통해 알게 된 외국인 남성(주로 영국인)이 교제가 어느 정도 진행되고 나면 한국에 있는 여성에게 선물을 보냈다며 알려옵니다. 그러고 난후 난데없이 말레이시아 세관이라며 이메일 또는 전화가 여성에게 와서는 수화인이 당신으로 되어 있는 소포 안에 다액의 현금이 들어있다며, 말레이시아 정부는 이것이 국제 자금 세탁 또는 범죄와 관련된 현찰이 아닌가 의심된다는 내용을 전합니다. 그러면서 이를 원만하게 처리하기 위해서는 US $2,500을 말레이시아 세관으로 송금할 것을 요청하거나 또 다른 에이전트라며 연락이 와서는 자기가 이를 처리해 주겠다며 수수료와 에이전트 fee를 송금할 것을 요구해 옵니다.
ㅇ이 때 송금은 주로 Western Union을 통해 이루어지는 경우가 많습니다. Western Union은 자사 홈페이지의 첫 화면에서도 알리는 바와 같이 모르는 사람에게 자사의 시스템을 통해 절대 송금을 하지 말 것을 고객들에게 요청하고 있습니다. 이는 송금할 때 생성되는 10자리의 MTCN 번호와 수취인 성명이 일치하면 대부분 송금된 돈을 청구인에게 지급하기 때문입니다. 일반은행으로 송금되었더라도 모르는 제삼자의 계좌를 차용하거나 위조 신분증으로 개설한 계좌를 사용하므로 추적이 곤란하다는 것이 현지 경찰의 설명입니다.
ㅇ 세관 수수료 등을 일단 송금하고 나면 그 후에도 각종 명목으로 지속적으로 송금을 요구해 옵니다.
ㅇ 범인과 계속 연락은 되나 이는 대부분 선불제 휴대전화로서 사용자 파악이 곤란할 뿐만 아니라 말레이시아는 아직 휴대전화 위치 추적 기술이 없어 소재 파악이 불가능하며, 범인이 알려준 자신의 신상은 모두 허위로서 신분확인 또한 불가능합니다. 범인이 인터넷을 접속한 IP는 커피점이나 레스토랑과 같이 wi fi를 제공하는 공공장소로 밝혀지고 있어 IP 추적을 통해 범인을 검거한 사례도 없다고 합니다. 이러한 이유들로 인해 말레이시아 경찰과 검찰은 이와 같은 범죄유형에 대해 수사 단서와 증거 부족으로 인해 처벌 사례가 거의 전무한 것으로 확인되고 있습니다.
ㅇ 결론적으로, 영국에서 발송한 소포가 한국으로 배송되면서 말레이시아 세관을 통과할 이유가 전혀 없고, 세관 또는 수화물 처리 대행업체의 계좌를 Western Union으로 사용할 리가 전혀 없으므로 이러한 사기행각에 휘말리지 않도록 주의하시기 바랍니다.
[유형 6 : 택시 강도]
ㅇ 택시를 타자 목적지와 다른 방향으로 주행하다가 인적이 드문 곳에서 흉기로 위협하면서 금품 강탈
ㅇ 택시를 타자 주유소에 들러야 한다며 목적지와 다른 방향으로 가다가 범인 일행을 동승시킨 후 피해자를 흉기로 제압하여 금품 강탈
ㅇ 택시강도에 의해 납치되었다가 풀려나는 경우도 발생
ㅇ 이를 예방하기 위해서는,
- 가급적 콜택시 또는 그랩택시를 이용합니다.
- 정차해 있는 택시나 서행하면서 따라오는 택시 이용은 삼갑니다.
- 유리창이 짙게 썬팅되어 있는 택시는 절대 타지 않습니다.
- 은행 앞에서의 택시 탑승은 특히 더 위험할 수 있습니다.
- 기사가 친절을 베풀면서 음료를 제공할 경우 절대 마시지 않고 즉시 하차합니다.
자연재해
ㅇ 말레이시아는 자연재해로부터 비교적 자유로운 편이지만 말레이반도의 동해안 지방은 10월~2월에 걸쳐 북동 몬순 기간으로 집중호우로 인한 피해가 발생하기도 합니다.
유의해야 할 지역
ㅇ 보르네오 섬인 동말레이시아의 사바주 동부 해안지역 및 도서지역은 필리핀 남부지역의 테러단체(아부사야프 그룹) 조직원들에 의한 여행객 및 선박 납치 기도가 빈번히 이루어지는 지역이므로 여행 및 선박 항해시 여행경보에 각별히 주의하시기 바랍니다."
말리,Mali,ML,아프리카,2022-08-04,"사건ㆍ사고 현황
[내전, 테러(피랍) 사건 등 동향]
ㅇ 말리는 계속되는 테러 발생으로 말리 방문시 각별한 신변 유의 필요
ㅇ 특히, 말리 중북부지역을 중심으로 이슬람 무장세력에 의해 말리 정부군과 유엔 평화유지군 등을 대상으로 한 테러, 여행객 납치 등 사건이 발생해온 바, 긴급한 용무가 아닌 이상 가급적 여행을 삼갈 것을 권고
[범죄 현황 등 치안상태]
ㅇ 수도 바마코 지역에서 살인 및 강도 사건의 발생 빈도가 상대적으로 낮은 반면, 교통사고는 빈번하게 발생하며, 여행객을 상대로 현지 시장 등에서 소매치기, 날치기 등 절도 피해 사례도 발생
ㅇ 지방 방문은 매우 위험함
[기타 참고사항]
ㅇ 상대적으로 치안상황이 안전한 수도 바마코에서도 테러가 발생한 사례가 있으므로 주의가 필요하며, 외출 시 여권 등 신분증을 반드시 소지 필요
- 치안 경찰은 적법한 신분증을 소지하지 않은 사람 경우 일단 경찰서로 이송하며, 신분을 확인 후 귀가 조치
유의해야 할 지역
ㅇ 말리 중북부의 경우 이슬람 무장세력과 현지 반군 세력에 의해 계속적으로 테러, 납치 등 사건이 발생하고 있으므로 매우 위험한 상황이고, 상대적으로 안전하다는 수도 바마코 지역에서도 테러 발생 사례들이 있으므로 말리 전 지역에서는 항상 신변 안전에 대한 유의가 필요한 상황임
- 긴급 용무가 아니면 가급적 방문을 자제 필요"
멕시코,Mexico,MX,미주,2025-05-21,"사건ㆍ사고의 유형
[전반적으로 치안이 좋지 않은 편이므로 각별한 주의 요망]
ㅇ 아시아인은 현금을 많이 소지하고 다닌다는 인식이 있어 범죄의 표적이 되기 쉬우므로 눈에 띄는 복장이나 장신구를 착용하지 않는 것이 좋으며, 가급적 혼자 외출을 삼가고, 보행시 휴대전화 사용 자제
ㅇ 도로에서 택시를 잡는 것보다는 우버(Uber)를 이용하는 것이 권장되며, 차량 탑승 후에는 창문을 열지 말고, 가방이나 소지품이 밖에서 잘 보이지 않도록 바닥에 놓는 것이 바람직
ㅇ 납치가 종종 일어나므로 신분 노출을 자제하고 숙소 정보를 공개하지 않도록 주의
ㅇ 강도를 만났을 경우, 대항하지 말고 얼굴을 쳐다보지 않은 채 지갑이나 금품을 건네줌으로써 빨리 상황에서 벗어나도록 하며, 도주하는 강도를 쫓아가는 것은 매우 위험
자연재해
ㅇ 멕시코는 하절기, 많은 비와 바람을 동반하는 허리케인으로 인하여 베라크루즈주, 따바스코주, 따마울리파스주, 오아하까주, 누에보레온주 등 멕시코만 연안 또는 인근 저지대를 중심으로 산사태, 가옥 침수, 도로 유실 등 피해 발생 빈번
ㅇ 또한 환태평양 지진 발생지역에 위치해 있어, 지진이 자주 발생하며
- 1985. 9. 19 진도 8.1도 지진으로 멕시코시티 내 6천여 건물이 무너져 내렸고, 10만 채의 가옥이 파손되었으며, 수만 명의 사망자, 오십만 명의 부상자와 150만 명의 이재민이 발생한 바 있음
ㅇ 2017.9.19. 발생한 지진(진도 7.1)으로 인해 멕시코시티 288명을 비롯한 전국적으로 369명의 사망자(우리국민 1명) 발생
유의해야 할 지역
ㅇ 치안불안지역(세계 10대 살인율 최다 7개 도시)
- 1위, 셀라야시
- 2위, 티후아나시
- 3위, 후아레스 시
- 4위, 오르레곤 시
- 5위, 이라푸아토 시
- 6위, 엔세나다시
- 8위, 우루아판 시
ㅇ 멕시코 북부 미 국경 인접지역
- 치와와주, 따마울리파스주, 누에보레온주, 이상 꼬아우일라주, 바하캘리포니아주, 두란고주, 시날로아주, 미초아칸주 등 멕시코 북부지역은 마약조직 간 및 마약조직과 연방경찰 또는 군과의 총격전이 자주 벌어지고 있으며, 이 도시들을 연결하는 도로에서 SUV 또는 트럭 종류의 차량 탈취, 납치 등 사건이 빈발하고 있으므로 이 지역을 여행할 경우 안전에 각별히 유의
ㅇ 멕시코시티의 센뜨로(centro)지역에 위치한 떼삐또 시장은 중남미 최대의 암시장으로 밀수품 등 불법 상품 판매, 마약과 무기 밀매, 강ㆍ절도 사건 등 범죄가 횡행, 우리 교민이나 여행객들의 접근 자제 필요
ㅇ 멕시코시티 및 각 지방도시의 시내 중심에는 대부분 쏘깔로(zocalo)라는 광장이 있으며, 많은 상점과 노점이 있어 관광객이 많이 모여드는 곳인 바, 혼잡한 틈을 이용한 절도, 날치기, 강도 피해 유의"
모나코,Monaco,MC,유럽,2023-11-24,"자연재해
ㅇ 특이한 자연재해는 없으나, 여름철에는 고온의 날씨가 계속되고 체감온도가 급상승하므로 해수욕을 하려다 심장마비로 사망하는 사고가 종종 발생하므로 주의가 요구됩니다.
유의해야할 지역
ㅇ 모나코는 국토면적이 전세계에서 두 번째로 작은데다(2.02㎢) 범죄발생률이 매우 낮은 편에 속하기 때문에 특별히 위험한 곳은 없습니다."
모로코,Morocco,MA,중동,2024-06-28,"사건ㆍ사고 현황
ㅇ 코로나 19의 확신 방지 차원에서 지난 2020.3.20. 보건비상사태 최초 선포된 이래 지속적으로 비상사태가 매달 연장되고 있으며, 오후 9시부터 오전 6시까지 야간 통행금지 조치를 실시 중
- 라마단 기간동안에는 오후 8시부터 오전 6시까지 야간 통행금지
※ 위 조치는 코로나19 확산 추이에 따라 변동될 가능성이 있어, 대사관 홈페이지를 통해 최신 동향 확인 필요
ㅇ 서부사하라 지역은 현재 유엔 주도로 이 지역의 법적 지위를 확정하기 위한 과정이 진행되고 있으나, 모로코가 사실상의 지배력을 행사하고 있는 지역입니다. 유엔은 이 지역에서 주민투표를 통해 주권 귀속문제를 확정하기 위해 1991년에 “유엔 서부사하라 주민투표임무단(MINURSO)”을 설치하여 활동하고 있습니다. 모로코 정부는 모로코의 주권 하에 광범위한 자치권을 부여하는 서부사하라 자치안을 2007년에 유엔에 제출하였습니다. 이처럼 이 지역의 주권 귀속문제는 확정되지 않은 상태이지만 현실적으로는 이 지역이 모로코의 행정조직에 편입되어 있으며 이 지역에서 모로코의 법이 적용 및 집행되고 있습니다.
ㅇ 서부사하라는 1980년대 말까지 십여년 간 모로코 군대와 이 지역의 독립을 추구하던 폴리사리오 전선 간에 무력충돌이 벌어졌던 곳으로 일부 지역에서는 아직도 당시 매설된 불발 지뢰가 완전히 제거되지 않은 상태입니다. 이러한 무력충돌 당시 모로코 정부는 폴리사리오에 대응한 군사상 목적으로 모래방어벽(길이 2,700km, 높이 3m)을 모리타니아와의 국경선(남쪽 및 서쪽)을 따라 일정 거리를 두고 설치하였습니다. 현재 이러한 모래방어벽 인근에는 부수적인 군사시설이 있으며 정찰 등 활동이 수행되고 있습니다. 방어벽 서쪽(또는 북쪽)으로부터 방어벽 쪽으로의 민간인 접근은 모로코 군에 의해 통제되고 있습니다.
ㅇ 또한 서부사하라 지역은 우리 대사관이 위치한 모로코 수도 라밧에서 매우 멀리 떨어져 있는(900km~2000km) 외진 사막지역입니다. 사막지역은 그 혹독한 자연환경 자체로 인하여 인간이 여행하기에 매우 위험한 지역이기도 합니다.
[테러 사건]
ㅇ 모로코에서는 2011.4.28. 마라케쉬 자말 알프나 광장의 레스토랑에서 폭탄테러가 발생하여 외국인 관광객을 포함하여 15명이 사망하고 22명이 부당당한 사건이 발생함
ㅇ 최근 인근국 튀니지/알제리/리비아에서 테러사건이 빈번하게 발생함에 따라, 모로코 정부에서도 테러발생 예방을 위하여 상당한 노력을 기울이고 있음(테러예방책의 일환으로 주요 공공건물 및 다중 시설, 외국인 이용 장소에 대해 무장순찰(통상 3명 1개조로 구성)을 하고 있음
ㅇ 그러나, 최근 모로코인 중에 해외의 ISIL 등 과격 이슬람 활동에도 가담하는 사람들이 있어, 모로코에서의 잠재적인 테러 위협은 상존하고 있는 바, 외국인이 많이 모이는 공공장소 출입시에는 신변안전에 유의가 요망됨
[일반 범죄]
ㅇ 모로코는 입헌군주국으로 정치, 경제, 종교 등 제반분야에서 대체적으로 안정을 유지 하고 있어 치안상황도 여타 인근국가에 비하여 상대적으로 양호한 편임
ㅇ 모로코에는 매년 만명의 외국 관광객이 방문하고 있으며, 모로코 정부에서도 관광 진흥을 위해 노력하고 있으므로 외국인들의 여행 또는 생활에 큰 불편함은 없음
ㅇ 그러나 빈부격차가 심하고 청년 실업률이 높으며 사하라 이남에서 넘어온 불법 체류자들로 인해 사회 불안 요인이 상존하고 있음
ㅇ 특히, 카사블랑카, 마라케시 등 관광지 및 대도시에서는 강도(차량 강도 포함), 절도, 날치기, 소매치기 등의 범죄행위가 빈번히 발생하고 있어 소지품(여권, 카드, 현금 등) 관리 등에 주의를 요하며, 선편으로 유럽과 연결되는 북쪽 항구도시 탕제에서는 현지어(불어 또는 아랍어)에 익숙하지 않은 외국인 관광객들을 대상으로 한 절도, 강도, 날치기 등의 사고가 증가하고 있으므로 각별한 주의가 요망됨
사건ㆍ사고의 유형 및 대처요령
[노상강도/날치기]
ㅇ 새벽이나 늦은 밤에 주로 흉기(칼)로 위협을 하며 금품을 갈취하는 사건이 빈번함
ㅇ 차량강도 행위도 발생하고 있으므로, 도시 외곽지역이나 인적이 드문 곳에서는 가능한 정차하지 않도록 하는 것이 바람직하며, 차량 정차시 항상 차문을 잠그고 있어야 함
ㅇ 일단 노상강도나 날치기를 당하면, 가능한 한 신변보호에 최우선을 두고 대응하는 것이 좋음. 강도당한 물품을 회복하려고 무리하게 대응하기보다 신체에 상해를 당하지 않도록 함이 바람직함
ㅇ 강도/날치기 피해를 당하면 가까운 경찰서에 신고하고, 여권을 도난당했을 경우엔 대사관에 신고한 후 방문하여 긴급여권을 받도록 함
[여성 단독으로 여행시 주의]
ㅇ 우리나라 여성이 단독으로 여행을 하는 과정에서, 이슬람에 바탕을 둔 남성우월적 성향의 모로코인들이 여성을 비하하면서 접근하는 경우가 자주 있음. 이러한 경우, 현지인에게 어떠한 반응을 하지 않고 철저히 무시하는 것이 좋음. 현지인들에게 반응하는 경우, 불필요한 오해를 야기할 수 있음에 유의하고, 가능한 한 여성 단독으로 여행하는 것을 삼가기 바람
[불법 관광가이드 유의]
ㅇ 최근 우리국민들중 사하라 사막여행을 위해 방문하는 관광객들이 증가함에 따라, 친밀감을 과시하며 저렴한 가격으로 관광안내를 해 주겠다고 접근하는 경우가 있음. 이러한 불법 관광가이드들은 언제든지 강도로 돌변할 수 있기 때문에 처음부터 이용하지 않는 것이 상책임. 현지에서 여행사를 이용할 경우에도 믿을 수 있는 여행사를 이용할 것을 권고함
[테러]
ㅇ 테러가 일어날 경우, 최대한 신속히 테러 발생 장소에서 벗어나 안전한 곳으로 이동하고, 본인의 신변 안전에 위협이 있을 경우 속히 대사관에 보호 요청
[사막여행시 유의]
□ 폭우 발생
ㅇ 사하라 사막 여행시 갑작스런 폭우로 하천이 범람하여 두절되는 경우가 왕왕 있음. 이러한 경우 최대 2~3일 이내에 도로교통이 정상화되므로 현지 실정을 잘 아는 가이드의 안내에 따르는 것이 좋음
[휴대전화 불통으로 인한 연락두절]
ㅇ 모로코 사막여행을 하면, 사막지역에서는 대부분 휴대전화 및 인터넷이 불통이 됨. 이 경우, 국내 가족/친구들이 연락두절로 인해 크게 걱정하는 경우가 많으로 사전에 가족/친구들에게 사막여행중에는 통화가 불가한 점을 알려주어 걱정하지 않도록 할 것을 권고함
[신용카드 현금서비스시 장애 발생]
ㅇ 모로코 여행중에 신용카드 현금서비스를 받는 과정에서 신용카드가 서비스 기기로부터 나오지 않거나, 신용카드에서는 인출처리되고 신용카드가 나왔는데 현금이 나오지 않는 경우가 있음. 이 경우, 기기에 기재된 전화연락처로 연락하거나, 익일 은행개점 시점에 은행을 방문하여 여권을 제시하면, 은행에서 신용카드/현금을 지급하여 줌
[기타]
ㅇ 남녀 불문, 야간 여행이나 혼자 벽지 또는 원거리 여행을 하는 것은 바람직하지 않으며, 외곽지역이나 시내 뒷골목 등 인적이 드문 지역은 출입을 삼가는 것이 좋음
유의해야 할 지역
□ 탕제(Tanger)
ㅇ 유럽(스페인)에 근접한 항구 도시로 유럽을 목적지로 한 밀입국자들과 마약거래자 등 범법자들이 많아, 여행객들을 노리는 강도 및 절도 사건도 빈번히 발생하므로 특별한 주의를 요함
□ 카사블랑카(Casablanca)
ㅇ 모로코에서 가장 큰 상업도시로 외국관광객들과 사업가를 노리는 날치기 및 강도가 많이 발생, 특히 노천카페 및 기차역이나 버스터미널 항구 주변을 조심해야 함
□ 페스(Fès)
ㅇ 주요 관광지인 메디나는 골목이 무척 비좁고 복잡하기 때문에 길을 잃을 가능성이 있고, 상인들의 호객행위도 심하므로 가이드를 동반함이 바람직하며 비좁은 골목길에 많은 관광객들이 붐벼 소매치기 및 소지품 분실의 가능성에 유의할 필요가 있음
□ 마라케시
ㅇ 사하라 사막 여행을 위한 출발지로서 관광객이 많으므로, 외국인 관광객 대상 강도, 날치기 등이 빈번히 발생하며, 사하라 사막여행을 안내하여 주겠다고 접근하는 경우가 있으니 주의가 요망됨"
모리셔스,Mauritius,MU,아프리카,2023-11-24,"사건ㆍ사고의 유형
ㅇ 범죄율은 낮은 편이나 관광객을 대상으로 한 소매치기, 가방 날치기, 강도 등은 증가 추세에 있습니다.
ㅇ Port Louis 도심 및 해변가의 관광지인 Grand Bay, Perebere, Flic en Flac, Tamarin 지역의 범죄율은 비교적 높은 편입니다.
ㅇ 특히, 인적이 드물고 한적한 곳에 위치한 방갈로(Bungalow)에 침입하여 금품을 절취하는 사건이 늘어나고 있으며, 저항하면 칼로 찌르는 등 강도로 돌변하는 경향이 있습니다.
※ 2008년 8월 한국인 관광객이 Mon Choisy의 Morcellement Sagittaire에 위치한 방갈로에서 강도 상해 피해를 입은 사건 발생
자연재해
ㅇ 사이클론이 매년 11월~5월 사이에 발생하며, 특히 1월~3월 사이에 집중적으로 발생하므로 가능한 이 시기를 피하는 것이 좋으며, 만약 위 기간 중 여행을 해야 한다면 미리 기상청 등을 통해 확인하는 것이 필요합니다.
유의해야 할 지역
ㅇ Port Louis 시내와 Grand Bay, Flic en Flac, Tamarin 등 주요 관광지에서는 도난사고에 주의해야 합니다.
ㅇ 인적이 드문 외진 곳에 위치한 숙박시설은 무장 강도의 위험이 있으므로 가능한 관광부에 등록된 안전한 곳을 선택하시기 바랍니다.
ㅇ 성폭행 범죄가 증가하고 있어 여성이 야간에 해변가를 혼자 걷는 것은 매우 위험합니다.
ㅇ 개인 소지품을 해변이나 수영장 주변에 두고 수영을 하는 경우 도난 피해를 입기 쉬우므로 호텔 내 여행용 가방 안이나 금고에 보관하는 것이 안전합니다.
ㅇ 교통사고를 야기하거나 당한 경우 차량을 임의로 움직이지 말고 경찰관이 올 때까지 사고 현장에서 기다려야 합니다."
모리타니아,Mauritania,MR,중동,2025-05-21,"사건ㆍ사고 현황
[코로나바이러스]
ㅇ 코로나 19의 확신 방지 차원에서 지속적으로 비상사태가 매달 연장되고 있으며, 자정 0시부터 오전 6시까지 야간 통행금지 조치를 실시 중
- 라마단 기간동안에는 새벽 2시부터 오전 6시까지 야간 통행금지로 완화
※ 위 조치는 코로나19 확산 추이에 따라 변동될 가능성이 있어, 대사관 홈페이지를 통해 최신 동향 확인 필요
[테러 사건]
ㅇ 모리타니아는 국토의 3/4가 중앙정부의 통제가 거의 불가능한 사막지역이며, 서부사하라 및 알제리, 말리 등과의 접경 사막지대에서는 테러 및 납치의 위험이 높으나, 모리타니아의 넓은 국토면적에 비해 정부의 치안확보 능력이 미약한 상황임
ㅇ 최근 알카에다 마그렙지부는 사하라지역 인접국 정부가 친서방적이므로 테러공격 필요성을 주장하며 무슬림들을 선동하면서 사하라-사헬지역으로의 테러위협을 확산시키고 있는 가운데, 지난 2010.7.22 모리타니아군과 프랑스정부의 알카에다 테러단체에 대한 대테러 합동 군사작전이후, 알카에다는 이에 대한 보복조치로서 모리타니아군 및 서방인에 대한 테러공격을 계속 시도하고 있음
ㅇ 2009년도에는 모리타니아 수도인 누악쇼트에서 외국공관을 대상으로 한 자살폭탄테러가 최초로 발생하였고, NGO 소속 미국인이 총격을 받아 사망함
사건ㆍ사고의 유형
[일반 범죄]
ㅇ 모리타니아에서 일반범죄율은 그다지 높지 않으나 점차 증가하는 추세이며, 자동차 절도, 강도, 습격 등의 대부분의 범죄가 도시에서 발생
ㅇ 모리타니아는 사법체제가 미비하고, 경찰의 자의적인 수색․검문 등이 이루어지는 등 인권침해의 가능성이 상존함에 유의
[빈번한 사건‧사고 유형 및 대처요령]
[노상강도]
ㅇ 새벽이나 늦은 밤에 주로 흉기(칼)로 위협을 하며 금품을 갈취하는 사건이 빈번함
ㅇ 가까운 경찰서에 신고하고, 여권을 도난당했을 경우엔 대사관에 신속히 연락 후 방문 요함
ㅇ 큰 상해를 입었을 경우, 주위 사람들에게 도움을 청하고 가까운 병원으로 이동 후 대사관에 연락 요함
[테러]
ㅇ 테러가 일어날 경우, 긴급히 그 장소에서 벗어나 안전한 곳으로 이동하고, 본인의 신변 안전에 위협이 있을 경우 속히 대사관에 보호 요청
[기타]
ㅇ 남녀 불문, 야간 여행이나 혼자 벽지 또는 원거리 여행을 하는 것은 바람직하지 않으며, 외곽지역이나 시내 뒷골목 등 인적이 드문 지역은 출입을 삼가는 것이 좋음
유의해야 할 지역
[누악쇼트 해변가]
ㅇ 최근 몇 달간 수차례의 흉기로 위협하는 습격 사건이 발생했으므로 혼자 다니지 않도록 각별한 주의를 요함
[서부사하라 국경]
ㅇ 서부사하라와의 국경 지역에는 지뢰가 묻힌 곳이 많이 있고 알카에다 테러단체가 준동하고 있어, 동 지역으로의 불필요한 방문은 자제해야 함
[북동부 사막 및 말리, 알제리 국경]
ㅇ 모리타니아 북동부 사막 및 인접국과의 국경지역은 경계가 허술하고 최근 알카에다 마그레브지부 테러단체의 활동이 활발해지고 있어 치안이 매우 불안하므로 동 지역으로의 방문은 반드시 자제해야 함"
모잠비크,Mazambique,MZ,아프리카,2025-05-21,"사건ㆍ사고의 유형
□ 모잠비크 정치 상황
ㅇ 모잠비크는 1975.6.25 포르투갈로부터 독립한 이후 Frelimo 정권이 일당독재 체제 구축과 친 공산주의 정책을 추진한 이래로 16년간 내전이 지속되다가 Frelimo 정권이 마침내 Renamo와의 평화 협상을 통해 1990년 신 헌법 공포, 1992. 10월 내전 종식, 그리고 1994년 최초의 민주적 선거를 통해 Joaquim Chissano가 대통령으로 선출되었고 현재 2014년 10월 대선을 통하여 Filipe Nyusi 신임 대통령이 선출되어 집권
ㅇ 모잠비크는 내전 종식 이후 정부의 과감한 경제개혁과 외국 국가들의 적극적인 개발원조로 연 약 8%대의 경제성장을 이룩하고 있으며, 정치적으로도 주변 여타 아프리카 국가들에 비해 비교적 안정세를 보임
□ 모잠비크 치안 상황
ㅇ 모잠비크의 치안상태는 특히 최근에는 남아공 등 인근 아프리카 국가들에 비해 비교적 양호한 편이나, 해외여행객, 특히 현금 과다 보유 여행객으로 인식되고 있는 한국인 등 동양인들을 대상으로 하는 강도, 절도 사건이 가끔 발생하고 있고, 현지인들은 과거 오랜 기간 동안의 내전으로 인해 총기 사건·사고도 가끔 발생하고 있으니 주의 요함
ㅇ 현지 경찰이 범인들과 연계되어 있는 경우가 많아 사건. 사고 발생 시 경찰이 거의 사건 해결에 도움이 되지 않고, 사건 신고 접수하는 정도에 역할이 그치고 있으니 여타 아프리카 국가들에서와 마찬가지로 사전에 사건. 사고가 발생하지 않도록 예방하는 것이 제일 중요
ㅇ 모잠비크 여행 시 손가방이나 값비싼 보석류는 가급적 착용하지 말고, 서류(여권 등)는 반드시 복사본을 소지하고 원본은 안전한 곳에 별도로 보관 권고
ㅇ 까보델가두(Cabo Delgado)주는 이슬람 테러 단체 발호로 인해 우리나라 여행경보 3단계(출국권고) 지역으로 지정되어 있으며, 최든 들어 더욱 위험해지고 있는 추세
□ 빈번한 사건사고 유형 및 대처요령
ㅇ 모잠비크 시내를 도보로 여행할 경우 권총, 칼등으로 위협하는 노상강도 사건이 빈번히 발생하니 항상 주의를 요하며, 핸드폰, 귀중품, 가방 등은 강탈 당하지 않도록 주의 필요. 차는 안전한 곳에 주차하여 헤드라이트, 백미러 등 차량 부품을 도난당하지 않도록 주의를 요함
□ 사건사고 발생 시 대처요령
ㅇ 한국 대사관에 사건사고 발생을 신고하고, 경찰에 사건을 접수. 현지 관행상 경찰서에서 사건 접수서류 작성 등 시간이 많이 소요되는 편
ㅇ 강. 절도범이 총기나 흉기를 소지하고 있는 경우가 많기 때문에 사건, 사고 발생 시 범인과 현장에서 격투를 하거나 추격하는 것은 매우 위험한 일이며, 범인의 인상착의 등 을 잘 관찰한 후 경찰에 신고하여 검거하도록 하는 것이 필요함
ㅇ 코로나 사태 장기화에 따라 백주에도 납치, 강도 등 강력 사건이 빈번하게 발생하고 있어 가급적 불필요한 외부 활동을 자제하는 등 신변안전과 가택 방호에 유의해야함
□ 범죄 발생 사례
ㅇ 강도 사건(2018.5.14.)
- 오후 5시경 Y씨가 퇴근길에 자가용 차량에 접근 시 3인조 강도가 노트북 가방을 갈취하여 도주함. 이 과정에서 가방도 가져가려 시도하였으나 엑스형으로 매고 있어 갈취하지 못함. 신체 상해는 없으며 범인들은 오랫동안 동선을 파악하고 있던 것으로 보임
ㅇ 강도 사건(2018.12.28.)
- 당일 새벽 3시경 마푸투 소재 한인교회 사택에 파이프를 둔 강도 7-8인이 침입하여 노트북, 휴대폰, 현금이 든 지갑을 절취해감. A선교사의 처를 집 밖으로 끌고 나가 금품을 요구하며 협박함
ㅇ 강도 사건(2019.04.14.)
- 오후 4시경, KOICA 출장단 중 2명이 마푸토 대통령궁 인근을 관광하던 중 인적이 드문 길가에서 갑자기 나타난 불상의 칼을 든 무장괴한으로 부터 금품을 갈취하려던 중, 피해자들이 도주하였음. 도주 중 주머니에서 휴대폰을 떨어뜨려 강도가 휴대폰을 습득하고 도망하였음. 피해자들은 다행히 신변에 피해는 없었으며, 그 즉시 경찰에 신고하였음
ㅇ 강도사건(2020.9.19.)
마푸투 인근 마니사에 거주하시는 교민 가정에 총기 무장 강도가 침입하여 우리 교민의 배우자에게 총상을 가하고 금품을 갈취하는 사건이 발생
□ 지난 범죄 사건 사례
ㅇ 거주 주택 주변 현지인 소행으로 보이는 야간 주택 침입 사건으로, 거주인을 폭행하고 금품을 갈취해 감
ㅇ 중앙병원에서 세 블록 정도 북쪽 지역에서, 집이 빈틈을 노려 철문을 부수고 들어와 컴퓨터 등 귀중품을 절도해 감
ㅇ 도로변에서도 빈집털이 사건 발생
ㅇ 중앙병원에서 북쪽으로 두 블록 정도에서 흑인 2명이 차를 대기시켜 놓고 귀가하던 피해자를 강제로 끌고 가려는 시도 발생
ㅇ 해변가 대로를 산책하던 중 칼을 든 강도가 나타나 피해자 핸드백을 칼로 끊고 갈취, 도주하는 사건 발생
ㅇ 야간에 차량으로 이동하다가 무장강도단이 차량으로 가로막아 금품을 갈취한 사례도 있으니 조심 바람(특히 Praça 16 de Junho 로터리 주위는 현지인 부랑자들이 많이 있어 주의 요함)
ㅇ 산책, 조깅 중 칼을 든 강도에게 금품, 휴대폰 갈취 피해를 입은 지역 :
- Jardim dos Namorados 공원 일대
- Rua do Caracol (Avenida Friedrich Engels에서 Avenida Marginal로 내려가는 오솔길)
- Avenida Marginal 상 Clube Naval에서 Maputo Waterfront 사이 조깅로
ㅇ 차량을 타려는 피해자에게 무력 위협해서 금품을 갈취한 사건
- Avenida 10 de Novembro 상 닭집
ㅇ 치안 불안지역(Matola 외곽)에서 임시 체재하는 피해자(현지인)의 거주지에 침입하여 다리미로 고문하여 금품을 강탈하는 사건
ㅇ 모잠비크 경찰복을 입은 자들이(경찰인지 확인 어려움) 야간에 검문검색을 핑계로 돈을 요구하고, 신분증(여권, 운전면허증), 지갑을 강탈하는 사례도 많은 바, 주의를 요함
자연재해
ㅇ 모잠비크는 우기에 사이클론 및 홍수로 인해서 특히 배수시설이 미비된 저지대 지역에서 도로가 유실되거나 잠기는 등 피해가 발생하고 있으며 인도양을 진원지로 하는 지진도(2006년) 발생. 2019년 사이클론 이후 지방지역 복구가 아직 완료되지 않음
유의해야 할 지역
ㅇ 대통령 관저나 수도 마푸토 시내 일부 장소는 일반인의 통행이 금지된 곳(도보 이동 금지, 반대편 인도 이용)도 있으니 주의해야 하며, 특히 사진촬영 금지가 표시된 곳에서는 절대로 사진 촬영을 해서는 안 됨
ㅇ 시내 외곽 현지인 밀집 거주 지역, 유흥가 바이샤 지역이나 시내 재래시장 등에서는 소매치기나 강도, 절도 사건 발생률이 높으니 가급적 출입을 삼가"
몬테네그로,Montenegro,ME,유럽,2023-11-24,"사건ㆍ사고 현황
□ 정정 상황(전쟁, 내란, 테러 등)
ㅇ 역내국가 (구유고연방 국가)와 우호관계 유지, 미국, 러시아 등 강대국과 긴밀한 협력관계 유지 등을 통해 정치·안보의 안정과 경제발전을 추구하는 정책기조를 우선시하고 있습니다.
ㅇ 2017년 6월 NATO 29번째 회원으로 가입하였으며, 2025년 EU 가입을 목표로 하고 있습니다.
□ 치안상황 (일반범죄 등)
ㅇ 몬테네그로는 주요 수입원인 관광산업 육성을 위해 아드리아 해 연안을 관광지로 개발, 외국인 관광객 유치에 심혈을 기울이고 있습니다. 따라서 몬테네그로 정부는 관광지 치안에 대해 각별히 유의하는 등 일반적 치안상황은 양호한 것으로 알려지고 있습니다.
ㅇ 범죄발생률도 비교적 낮은 편이어서 야간에도 도심산책이 가능하나 강도, 도둑, 소매치기 등의 범죄가 종종 발생하고 있으니 여행 시 주의를 기울일 필요가 있습니다.
사건ㆍ사고의 유형
ㅇ 귀중품이나 현금, 여권 등 관광객 대상 소매치기 사고 사례가 종종 있으니 소지품 관리에 주의하시기 바랍니다.
ㅇ 몬테네그로 나이트클럽은 외국인 관광객에게 인기가 있는 장소이지만 혼잡하고 화재 사고 취약한 점이 있습니다.
ㅇ 5월부터 9월까지의 관광 시즌에 현금 도난사건이 증가하는 편이며, ATM 이용시 항상 자신의 PIN 노출을 피하고 소매치기 등에 주의를 해야합니다.
※ 2020년 코로나19 바이러스의 대유행으로 현지에서도 다수의 확진자가 발생하는 등 감염 위험이 있으니 우리 여행객분들은 각별히 주의하여 주시기 바라며, 관련된 최근 정보는 해외안전여행 홈페이지 및 주세르비아대사관 홈페이지 공지사항 등을 수시로 확인 또는 대사관으로 문의하여 주시기 바랍니다.
자연재해
ㅇ 몬테네그로는 지진활동지역에 속해 있으며 1979년 강도 7.1의 지진이 발생한 적이 있습니다.
ㅇ 2010년 12월 초순 몬테네그로를 포함하는 서부발칸지역에는 100년만의 폭우로 일컬어지는 많은 강우량으로 인하여 드리나 강이 범람하는 등 큰 피해가 발생하였습니다. 따라서 예측불허의 자연재재가 발생할 수 있음을 염두에 둘 필요가 있습니다.
ㅇ 2013년에는 폭설이 내려 교통이 혼잡해지고 일부 지방에는 전기가 끊기는 일이 발생했습니다.
ㅇ 2015년 3월에는 폭우로 인한 홍수 때문에 북쪽 지방에는 전기가 끊기고 도시가 잠기는 등 많은 피해가 있었습니다.
유의해야할 지역
ㅇ 도로 여행 시 위험 지역은 북쪽 포드고리짜, Moraca 캐년 도로로 도로폭이 2차선이고 절벽 끼고 있어 매우 위험함. 여름에 특히 혼잡하며 겨울에는 눈이 덮여 교통체증 심하며 교통사고 빈번하게 발생함. 일부 현지인 운전습관은 무모하고 공격적임
ㅇ 신호등이 없는 교차로에서는 항상 오른쪽에서 진입하는 차량에 우선권이 주어진다. 2013 년 1월 발효 된 교통법에 따르면 긴급 도로 정지의 경우에 형광조끼 착용뿐만 아니라, 유럽의 자동차 사고 보고서 양식을 비치. 5 세 미만의 어린이는 차량 안전벨트에 부착 된 카시트에 탑승시켜함. 자동차 겨울 타이어를 11 월 15 일 ~ 3 월 30까지 장착해야함
-->"
몰도바,Moldova,MD,유럽,2023-11-24,"사건ㆍ사고 현황
□ 내전, 테러(피랍) 사건 등 동향
ㅇ 몰도바 내에는 심각한 전쟁은 없으나, 몰도바 내의‘ 트란스드니스트리아’지역이 독립문제로 정정이 불안한 상태입니다. 이 지역의 통과 또는 여행은 가능한 자제하여야 하며, 여행을 반드시 해야 하는 경우에는 주 우크라이나한국대사관을 통해 여행 시점의 정세를 확인하는 등 주의가 요구됩니다.
ㅇ 몰도바는 테러가 자주 발생하는 국가는 아닙니다. 그러나 몰도바 내의 ‘트란스드니스트리아’ 지역의 독립문제로 정치적인 테러 발생 가능성이 있습니다. 그러므로 우리 여행객들은 항상 신변 안전에 유의를 하여야 하며, 테러와 관련해서는 아무리 작은 사항이라도 특이 징후가 있을 시에는 항상 대사관에 알리고 각자 신변안전에 주의하는 것이 좋습니다.
□ 범죄 현황 등 치안상태
ㅇ 몰도바의 치안상태는 양호한 편이나, 경제적인 어려움으로 인해 여행자를 대상으로 하는 범죄가 종종 발생하고 있습니다. 우범지역, 야간 및 단독 외출은 가능한 피하는 것이 좋습니다.
ㅇ 몰도바 정부는 마약 관련 범죄를 매우 엄중히 다루고 있습니다. 마약 밀매 또는 마약 복용 등 마약 범죄에 연루 또는 마약과 관련된 의심 가는 행위는 절대로 없도록 주의하여야 합니다.
※ 몰도바는 우리 대사관이 소재하고 있지 않는 국가입니다. 여행객들은 사전에 여행 지역에 대한 상세한 정보와 현지 초청자의 연락처 등을 반드시 확인하여야 합니다.
사건ㆍ사고의 유형
□ 외국인 보행자(주로 동양인)을 상대로 돈을 갈취하는 사기
ㅇ 거리를 걷고 있는 외국인 보행자 앞에 갑자기 현지인이 나타나 땅에 떨어져 있는 지갑을 놀란 표정으로 줍는 시늉을 하면서 지갑 속의 돈을 나누어 가지자고 제안합니다. 이와 거의 동시에 지갑 주인이라고 하는 또 다른 한패가 나타나서 지갑을 돌려받고 돈의 액수를 확인한 후 본래 자기가 가지고 있는 액수보다 부족하다고 주장하면서 외국인 보행자에게 부족한 돈을 돌려줄 것을 강요합니다.
ㅇ 또한, 요구한 돈을 주지 않을 경우 한패로 보이는 몇 사람이 더 나타나 에워싸고 위협을 가하면서 돈을 갈취하거나, 외국인 보행자의 지갑을 확인해보자고 하면서, 확인하는 과정에 돈을 감쪽같이 소매치기를 합니다.
- 대처요령
&nbsp;ㆍ현지인으로부터의 예기치 않은 호의는 일단 경계합니다.
&nbsp;ㆍ위의 상황의 경우에는 무관심 또는 무시하고 지나치시기 바랍니다.
□ 차량과 관련된 계획적인 강도 및 도난사고 사례
[사례1 운전자를 유인하는 사례]
ㅇ 공공장소(한국인이 주로 가는 식당 등) 주차장에서 지나가는 행인을 가장한 범인이 주차 중인 또는 주차 대기 중인 운전자에게 길을 묻는 척하면서 기사를 차 밖으로 유인, 운전자가 잠시 방심하고 차를 잠그지 않고 차를 비운 사이 다른 공모자가 차량 문을 열고 가방, 재킷 등 차 안의 물건을 훔쳐 달아납니다.
- 대처요령
&nbsp;ㆍ어떠한 경우라도 차량문을 잠그지 않은 채 차량의 시야 밖으로 나가지 않습니다.
&nbsp;ㆍ가방 및 옷가지 등 소지품은 차내에 두지 않고 가능한 지참하고, 부득이한 경우 트렁크에 넣습니다.
&nbsp;ㆍ고용된 기사가 있다고 해도 절대 물건을 차 안에 두지 않습니다.
[사례2 지나친 도움으로 운전자를 유인하는 사례]
ㅇ 도로상에서 자가운전 중 다른 차량 기사 및 승객으로부터 당신의 차에 이상(불이 났다거나, 트렁크가 열렸다거나, 펑크 등)이 있다고 알려오면서 차량을 도로변에 정차시키도록 유도한 후, 자가운전자가 차량을 점검하는 동안 이상을 알려준 차량의 승객 또는 기사가 차량 안의 소지품을 훔쳐 달아난다.
&nbsp; - 대처요령
&nbsp;ㆍ지나가는 차량에서 호의를 베풀어 차량의 이상을 알려주어서 차량을 정차, 확인하는 경우 반드시 차량 문을 잠근다.
&nbsp;ㆍ차량 이상을 안내한 현지인도 자신의 차량을 정차하여 도움을 주는 등의 지나친 호의는 반드시 경계합니다.
[사례3 고의적인 차량 사고 유발]
ㅇ 범인들이 사전에 범행 대상 차량을 선정, 고의로 차량 바퀴의 바람을 빼둔 후 차량 주인이 차를 몰고 갈 때 뒤를 따라 나가 차량 바퀴에 이상이 있다고 알려줍니다. 한 명이 차량 바퀴 교환까지 도와주는 과정에서 다른 한 명은 차량 안의 소지품을 훔쳐 달아납니다.
- 대처요령
&nbsp;ㆍ차량 확인·바퀴 교환 시에도 반드시 차량문은 잠급니다.
&nbsp;ㆍ바퀴 교환 시에는 보통 지갑을 넣어두는 상의를 벗고 작업을 하는 점을 범인들이 노리고 저지르는 범행인 만큼 지갑은 반드시 몸에 소지합니다.
□ 현금인출기 카드 또는 신용카드 사기
[사례1 ATM 카드 도용 사례]
ㅇ 범행자들이 ATM 기계에 일반 사용자가 확인하기 어려운 불법 카드 정보 판독기를 부착(ATM 기계 카드 삽입구에 원래의 삽입구와 거의 같은 모양의 불법 판독기를 덧씌움) 하여, 카드 사용자가 불법 판독기가 부착된 기계에 카드를 삽입하는 경우 동 카드의 정보가 사용자가 인식하지 못하는 상태에서 불법 복사합니다. 이어 ATM 기계 좌우 측에 걸려 있는 선전 인쇄물 보관대에 숨겨진 소형 비디오카메라에 의해 사용자가 누르는 비밀번호가 녹화되어 결국 모든 카드 정보가 범행자들에게 유출됩니다.
[사례2 신용카드 도용 사례]
ㅇ 신용카드 도용은 몰도바에서 많이 발생하는 유형의 범죄 수법으로 식당 또는 상점 직원이 소형의 카드 정보 특수 전달기를 사용하여 사용자의 카드 정보를 범행자들의 다른 카드에 전달, 입력시키는 경우, 또는 은행구좌 종류에 따라서는 카드 사용자의 구좌에 직접 연결되는 경우가 있습니다.
- 대처요령
&nbsp;ㆍ현지의 사정상 위와 같은 사례의 범행은 적발이 어렵고 적발하더라도 보상받기가 어렵습니다. 여행객들은 카드 사용에 항상 주의를 기울여야 하고, 조금이라도 의심이 가는 경우 거래은행을 통해 바로 카드 사용을 중지시키시고 개인 정보 유출 여부를 확인하는 것이 좋습니다.
자연재해
ㅇ 지진, 태풍 등의 천재지변은 거의 없으나, 겨울이 다소 길고(11~4월) 혹한과 폭설이 있는 만큼 겨울철 여행객들은 이에 대한 충분한 준비를 하여야 합니다.
유의해야 할 지역
ㅇ 특별히 외국인을 상대로 사건사고가 자주 발생하여야 하는 지역은 없으나, 늦은 밤에 외출하는 것은 가급적 자제하는 것이 좋습니다."
몰디브,Maldives,MV,아주,2024-06-28,"사건ㆍ사고 현황
□ 정정 상황 (전쟁, 내란, 테러 등)
ㅇ 전쟁은 없으며, 내란, 테러 등은 거의 발생하고 있지 않으나, 1988년 11월 몰디브 상인과 손잡은 스리랑카 타밀 과격파로 추정되는 외국세력이 정부전복을 시도한 사건 및 2007년 9월에는 말레 시내에서 폭발물이 폭발, 외국인 12명이 부상한 사건이 발생한바 있습니다.
ㅇ 몰디브는 수니파 이슬람 국가로서 이슬람 과격주의자의 활동거점으로 이용될 수 있으며, 몰디브 정부의 개방적·자유주의적 정책에 이슬람 세력이 반발하는 경향이 있으므로 유의할 필요가 있습니다.
ㅇ 최근 과격 이슬람주의(IS)에 가담하는 몰디브 인들이 있는 것으로 파악되고 있어, 특히 수도 말레 섬에서는 주의가 필요합니다.
□ 치안상황 (일반범죄 등)
ㅇ 몰디브를 방문하는 외국인 관광객들은 주로 섬 전체로 구성된 리조트에서 생활하므로 현지인과 접촉할 일이 거의 없어, 외국인 관광객의 범죄피해는 드문 편입니다.
ㅇ 그러나, 리조트에서라도 현지인에 의한 절도, 성범죄가 발생하고 있으므로, 현금, 카드, 여권 분실 등에 유의할 필요가 있습니다. 한편, 몰디브에서는 최근 마약문제가 심각한 사회문제로 대두되고 있으며, 마약의 세대 간 전이현상도 보고되고 있습니다.
ㅇ 기본적으로 본인의 소지품과 귀중품(현금, 카메라, 지갑, 스마트 폰 등)을 주의하여 몸에 밀착하여 소지하고 있으면 소매치기 하거나 강제로 뺏어가는 일은 없으나, 수도인 말레 시내나 국제공항 등에서 본인의 부주의로 인하여 귀중품을 의자나 공항에 방치하고 화장실에 간다거나 카메라나 스마트폰 등을 의자나 벤치에 두고 깜빡 잊고 자리를 비운 경우에 도난/분실 사고가 자주 발생하므로 기본적인 안전수칙을 지키시면 불미스러운 일을 예방할 수 있습니다.
ㅇ 말레 섬을 방문할 때에는 주요 교통수단인 오토바이를 특히 주의하여 살펴야 합니다. 몰디브는 우리나라와는 반대로 우측통행을 하는데다가 길이 좁아서 일방통행 도로가 많으므로 좌/우 양쪽을 잘 보면서 다니셔야 합니다.
ㅇ 관광객을 대상으로 한 소매치기나 강도사건은 드물지만 여행객이 가이드 없이 다닐 경우, 각종 기념품 상점이나 식당에서 호객행위를 하여 바가지 요금을 씌우는 일이 빈번하므로, 여행사 직원이나 현지 가이드를 동행하여 다닐 것을 권장합니다.
사건ㆍ사고의 유형
ㅇ 특히 스노클링등 물놀이를 할 경우 충분한 준비운동 내지 안전수칙 위반 등으로 인한 익사사고가 가끔 발생하니 유의하셔야 합니다.
자연재해
ㅇ 2004년 쓰나미 발생
유의해야할 지역
ㅇ 몰디브에는 우리 공관이 없으므로 여행 중인 우리 국민들은 여권분실에 특히 주의해야 합니다. 여권 분실 시 리조트 매니저 등을 통해 몰디브 출입국 당국에 여권분실 경위와 출국일자 등을 설명하고, 몰디브를 겸임하고 있는 주스리랑카 대한민국대사관에 신고, 여행증명서를 발급받으셔야 합니다.
ㅇ 여행객들이 숙박하는 호텔과 리조트 내 수영장에서는 사고가 드물지만 바다에서 수영하는 경우, 익사사고 등이 발생하고 있습니다.
ㅇ 숙소, 공항, 식당 등에서 소지품 도난사고 등이 발생하고 있습니다.
ㅇ 몰디브를 여행하던 신혼부부가 연락이 되지 않는다면서 행방 확인을 요청하는 민원이 많으나, 대부분은 신혼여행 중 몰디브에 도착하였다는 전화를 하지 않아 접수된 민원이니, 신혼여행객이나 일반여행객은 한국 내 가족에게 리조트명, 리조트연락처, 항공 스케쥴과 비행편을 알려주고 출국하여 가족들이 안심하도록 배려가 필요합니다."
몰타,Malta,MT,유럽,2022-11-29,"사건ㆍ사고 현황
□ 범죄현황 등 치안상태
ㅇ 정치, 경제, 사회적으로 안정되어 있으며 전반적으로 치안상황은 양호합니다.
- 연 150만명의 관광객(몰타 인구 40만명의 3배이상)이 방문하는 관광국가입니다.
ㅇ 폭행 등 사건사고 발생시, 상호간 합의 후 용서 등과 같은 제도를 용납지 않고 엄벌하니 음주 후 사건사고를 일으키지 않도록 주의할 필요가 있습니다.
사건ㆍ사고의 유형
ㅇ 관광지, 버스 터미널 등에서 소매치기, 인적이 드문 산책로 및 공원 등에서 지나가는 사람의 핸드백을 날치기하는 사건, 임차한 자동차에 놓아둔 가방 등이 없어지는 사건이 간혹 발생하고 있습니다.
- 최근 들어 불법체류자(주로 아프리카 지역 출신)들에 의한 범죄가 증가하고 있습니다.
자연재해
ㅇ 몰타(섬 4개) 자체가 지진 진앙지가 된 적은 없으나, 지중해 지진대에 속해있어, 동 지진대에 속한 다른 지역(그리스, 터키, 이탈리아 등)에서 발생한 지진의 간접 영향을 받습니다."
몽골,Mongolia,MN,아주,2024-06-28,"사건ㆍ사고의 유형
□ 치안상황
ㅇ 주간의 경우 치안상황은 비교적 양호한 편에 속하나 야간의 경우 택시강도와 노상강도가 가끔씩 발생하고 공공장소에서 소매치기가 빈번. 또한, 외국인에 대한 시비 등이 발생한 바도 있음
ㅇ 최근 몽골 경제 불황으로 빈곤층이 늘어나면서 외국인 대상 범죄의 가능성이 높아지고 있음
ㅇ 과거 우익단체들이 외국인 업체의 약점 등을 빌미로 공갈 협박하거나, 극심한 빈부격차에 따른 분노와 반외국인 정서 등 표출이 발생한 사례도 있었음
□ 사건·사고예방
ㅇ 여성 혼자서 또는 여성들끼리 여행 시 현지 가이드에 의한 추행이나 성폭행 사건들이 발생하고 있으므로, 현지 가이드에 대한 경각심을 가지고 술자리 등 필요이상의 접촉을 피하시기 바람
ㅇ 캠핑장에서 지나친 음주 자제 필요. 특히 몽골, 보드카는 알코올 도수가 높아 한순간에 정신을 잃어버리는 경우가 많고 술에 만취될 경우 범죄에 무방비로 노출될 가능성이 큼. 도난사건도 빈번히 발생하므로 취침 시 문을 꼭 잠그고 게르에 외부인 출입 시 각별히 주의
ㅇ 심야시간대에 혼자서 도보이동 하는 것은 위험하오니 반드시 일행과 함께 이동하거나 가급적 택시를 이용
ㅇ 칭기스칸공항, 수흐바타르 광장, 나란톨 시장, 울란바타르 역, 국영백화점 인근, 자이승 전승기념탑, 13구역 선데이 플라자 등에서 소매치기 피해 발생. 가방은 반드시 앞으로 메고 수시로 소지품이 제대로 있는지 확인해야 함
ㅇ 차량 탑승 시 반드시 안전벨트를 착용하여야 하며 현지인 기사에게도 안전운전을 강력히 권고해야 함
ㅇ 승마 중 낙마하여 다치는 사례가 빈번히 발생하고 있음. 자신의 능력에 맞는 수준에서 승마를 하고 초보자의 경우 반드시 필히 가이드를 대동해야 함
특히, 말 뒤에 서 있는 경우 말 뒷발에 채일 수 있으니 주의하시고, 낙마사고를 대비하여 안전장구를 반드시 착용하고 가이드의 안내를 잘 따라 주시기 바라며, 특히 안장 발걸이[등자]에서 발을 빼지 못하여 말에 끌려갈 경우 중상으로 이어지는 경우가 많으니 사전에 충분한 안전교육을 받으셔야 함
- 몽골은 의료시설이 열악하고 여름철 성수기 항공편 좌석 확보가 어려우므로 안전사고를 당할 경우 큰 위험에 처할 수 있으니 항상 안전에 신경써 주실 것을 당부 드림
□ 기타 유의 사항
ㅇ 일반 승용차도 택시영업을 하고 있어 이용 시 요금 시비 또는 범죄피해를 당할 우려가 있으니 콜택시를 이용하는 것이 안전 (콜택시 1900-1950, 1900-1991 등)
ㅇ 유흥가와 호텔 등지에서 몽골 여성과 무분별하게 어울리는 것은 범죄의 표적이 될 가능성이 높으며, 성추행 등의 가해자로 경찰에 신고 될 경우 재판이 종료 시까지 장기간 출국이 불가함
ㅇ 최근, 몽골인 여성이 성추행 등 피해를 당했다며 남자친구를 부르거나 경찰에 신고하겠다고 하고 합의금을 요구하는 사례가 발생하였음. 경찰에 신고가 될 경우 혐의가 입증되지 않더라도 수사 종료 전까지 출국이 불가능하고 상대 여성이 이러한 점을 악용할 가능성이 있음에 유의
ㅇ 음주 후 술집 주변이나 노상에서 폭행사건이 빈번히 발생하며 몽골 당국은 음주상태로 시비 소란에 휘말리면 사건의 경위와 관련 없이 일단 유치장에 입감하는 등 음주자에 대해서 강경한 조치를 취하는 만큼 주의를 요함. 따라서 음주 후에는 도보 이동을 자제하고 차량으로 바로 이동하실 것을 권장
ㅇ 노래방에서 여성과 동석하고 있다가 성매매로 신고되어 경찰 조사받는 사례가 자주 발생하고 있음
ㅇ 식당, 주점 등 건물 내는 물론, 공항버스 정류장 등 공공장소에서 흡연 시 벌금이 부과될 수 있음
ㅇ 골동품이나 불교경전, 공룡알, 미술품 등을 구입하여 반출 시 문화재 반출혐의로 출국이 정지될 수 있으니 의심스런 물건은 구입을 자제하여 주시고 구입 시, 구입처를 명확히 하고 영수증을 챙기시기 바람
예) 2016년 7월 및 2018년 6월에 우리 국민이 문화재반출 혐의로 조사기간 동안 출국정지 된 사례 발생
ㅇ 관광비자로 입국하여 비즈니스나 종교 활동 등 체류자격 외 활동으로 단속되어 추방되는 사례도 종종 발생하고 있음"
미얀마,Myanmar,MM,아주,2025-05-21,"사건ㆍ사고의 유형
ㅇ미얀마는 오랜 기간 군부의 강력한 통치권이 행사되어 왔던 경험이 있고 대규모의 경찰력을 보유하고 있으며 불교의 영향에 따라 국민성이 전반적으로 온화하여, 살인, 강도, 납치 등 강력 범죄 발생 빈도는 낮은 것으로 평가되고 있습니다.
ㅇ 미얀마에서는 외국인이 자신의 명의로 사업을 하기가 어렵기 때문에 미얀마인과의 합의하에 명의를 빌려서 사업을 운영하는 경우가 많은데, 미얀마인과 공동 사업을 하다가 사업체, 수출입물품 등을 횡령당하거나, 이중계약으로 인해 오히려 사기로 고소를 당하는 사건도 발생하고 있으니 주의해야 합니다.
ㅇ 또한, 미얀마 체류 비자는 대부분 체류 기간 최대 3개월 이하의 단기 체류 비자임을 악용하여 장기 비자 발급을 주선하는 사례도 발생하고 있는데 동 비자 발급을 주선하는 중개업자는 고의가 아니라 하더라도 발급을 담보하지 못하는 경우가 종종 발생합니다.
ㅇ 한편, 도로 시스템이 한국과 마찬가지로 우측통행(왼쪽 핸들)이지만, 우측 핸들 차량(일본산 차량)이 대량 운행되고 있고 도로 사정도 열악하여 교통사고가 빈번히 발생하는 편입니다.
ㅇ 특히 최근 차량이 급증하고 있음에도 불구하고 열악한 교통신호 제어 시스템, 빈번한 무단횡단 등으로 인해 사고율도 높아지고 있고, 저녁 늦은 시간대에는 고속 차량이 많아 교통사고 발생에 유의해야 합니다.
자연재해
ㅇ 2011년 3월 24일 미얀마 동부지역(Golden Triangle 지역)에서 진도 7.0의 지진이 발생하여 70여 명 사망, 120여 명 부상 및 약 4백만 미불의 재산 피해(300여 채의 주택, 30여 개 종교시설, 11개 학교, 병원 및 일부 공공시설 붕괴)가 발생하였습니다.
ㅇ 2008년 사이클론 Nargis가 미얀마를 강타하여, 주택 45만 채 파괴, 35만 채 손상, 피해지역 의료시설 75% 및 4000여 개 학교 파괴, 60만 헥타르의 농지 범람, 50%의 가축 익사, 2008년도 추정 GDP의 2.7%에 해당하는 피해가 발생한 바 있습니다.
ㅇ 우기(5월~10월)에 열대성 소나기가 심하게 내릴 때는 운전이 불가능할 정도이므로 유의해야 하며, 배수시설이 열악하여 도로가 범람하는 경우가 많고, 강풍으로 가로수가 갑자기 부러지는 등의 사고가 발생할 수 있습니다.
ㅇ 환절기(3~4월, 10~11월)에는 평상시보다 뎅기열 환자가 늘어나며, 이질성 장염도 발병하고 있습니다.
ㅇ 또한 길거리에 주인 없는 개가 돌아다니는 경우가 많고 광견병 감염 우려가 있으므로 주의해야 합니다.
유의해야 할 지역
ㅇ 지방의 경우 외국인이 여행하기 위해서는 호텔관광부의 사전 허가를 받아야 하는 지역이 다수 있으므로, 사전 허가 대상인지 여부를 확인하고 관련 허가 절차를 밟아야 합니다.
ㅇ 2008년 양곤과 만달레이 등 주요 대도시에서 폭탄 테러가 13건, 2009년 4건 발생하였으며, 2010년에도 양곤에서 개최된 미얀마 물 축제 기간 중에 폭탄 테러가 발생하였습니다. 2011년에도 지방지역에서 반군 세력이 매설해 놓은 지뢰 폭발사고 및 반군 세력에 의한 총기난사 사건이 발생한 바 있습니다. 이 외에도 국경지대 등에서 미얀마 정부군과 반군 간 교전이 발생하고 있습니다."
미합중국,United States of America,US,미주,2025-05-21,"사건ㆍ사고 현황
□ 천재지변, 전쟁, 내란, 테러 등에 대한 상황 및 정세
ㅇ 미국 본토는 서쪽으로는 태평양에서 동쪽으로는 대서양까지 이어지는 대륙이며, 이 외에도 북극해에 인접한 알래스카, 남태평양에 위치한 하와이, 괌, 그리고 푸에르토리코 등에 걸쳐 다양한 기후에 노출되어 있음에 따라, 지역별, 시기별로 태풍, 지진, 토네이도, 홍수 등 다양한 천재지변에 대비해야 할 필요가 있습니다. 대서양에 인접한 미 동남부 지역(플로리다, 루이지애나, 조지아 등)과 남부 지역 (텍사스 남부, 루이지애나, 미시시피)에는 매년 8월 중순부터 10월까지 허리케인 피해 가능성이 있으며, 로키 산맥 동쪽의 중서부 지역(콜로라도, 캔자스, 오클라호마, 텍사스), 남부 지역(테네시, 미주리, 아칸소, 앨라배마, 미시시피)에는 이른 봄부터 늦은 가을까지 토네이도 피해 가능성이 있습니다.
ㅇ 한국인들의 주요 거주 지역이며 관광지이기도 한 캘리포니아 주는 간혹 지진 또는 대형 화재에 의한 피해가 발생하는 지역입니다.
ㅇ 9.11 사태 이후 국토 안보부 창설 및 각종 국내ㆍ외 대테러 태세 강화로 테러 위협에 대한 경계는 매우 삼엄한 상황인 바, 테러 공격의 주요 대상으로 간주되는 공항, 항만, 대도시 공공시설, 주요 정부 청사 등 출입시에는 각종 보안 및 검색 가능성에 대비해야 할 필요가 있습니다.
□ 혐오범죄 피해 가능성
ㅇ 미국내 발생하는 아시아계를 겨냥한 혐오범죄와 관련, 신체의 공격, 욕설, 폭력 등 범죄 피해를 입은 경우에는 반드시 경찰에 신고해 주시기 바랍니다.
- 긴급 상황시 : 911
- 영어 구사가 어려운 경우, 911 상담원에게 한국어 통역서비스를 요청하시기 바랍니다.
- 혐오범죄 예방을 위해 △현지 문화 준수, △과잉 대응 자제, △인적 드문 곳 · 야간 외출을 자제해주시기 바랍니다.
[샌프란시스코]
ㅇ 샌프란시스코에서는 차량 털이와 파손 범죄가 빈번하게 발생합니다... 심지어 트렁크를 열고 절도하는 사례도 발생하므로 유의해야합니다.
[워싱턴 DC 지역]
ㅇ 주미국 대사관 관할 지역인 D.C, 메릴랜드, 버지니아는 백악관, 국회의사당 등 연방정부 건물들이 산재해 있는 지역으로 9.11 사태 이후 테러 대비에 대한 경계가 잘 정착되고 있으며, 정부 건물에는 모두 보안 검색이 진행되고 있습니다.
ㅇ 버지니아 내륙지역으로 근래 잦은 토네이도의 발생으로 이재민의 피해가 발생하고 있으나, 한인 밀집 지역은 아직 피해가 없었습니다.
[앵커리지]
ㅇ 2018.11월 강도 7.2의 지진으로 인명피해는 없었으나, 건물 및 도로 등 파손·붕괴 등이 있었음. 크고 작은 지진이 1년 평균 50,000건
ㅇ 버지니아주와 메릴랜드주는 비교적 안전한 지역이며, 긴급상황 발생 시 경찰이 신속 출동하므로 생활에는 큰 지장이 없습니다. 그리고 각 경찰국마다 한인 통역, 번역 안내가 되어 있습니다.
□ 살인, 강도, 납치 등 범죄 피해 가능성 등 치안상태
ㅇ 미국은 연방, 주(州), 시 별로 사법질서가 매우 정착된 나라이기는 하지만, 개인 총기 소유가 합법화되어 있는 관계로 각종 총기 사건이 빈번한 나라이기도 합니다. 따라서, 거주 또는 여행 지역의 치안 상황에 대해 사전에 충분히 숙지할 필요가 있습니다.
ㅇ 주로, 한국인들이 많이 거주하고 있는 주요 대도시(LA, 뉴욕, 워싱턴, 시카고 등)는 특히 범죄 피해의 가능성이 있으므로 해당 도시의 위험 지역 등을 사전 인지해야 합니다. 긴급상황 발생 시 경찰에 신고하는 것이 우선이며, 각 경찰국마다 한인 통역, 번역 안내가 제공될 수 있습니다.
- 테네시주뿐 아니라 애리조나와 조지아, 버지니아주도 실탄이 장착된 총기를 술집에서 소지할 수 있도록 허용하고 있으며 여타 18개 주는 술을 판매하는 식당에서 총기류 소지가 가능합니다.
[워싱턴 DC 지역]
ㅇ 워싱턴 DC는 크게 NW(북서), SW(남서), NE(동북), SE(동남) 행정 지역으로 구분되는데 NW가 가정 안전한 편이며 SE는 각종 범죄 등 위험요소가 많습니다.
ㅇ 버지니아주와 메릴랜드주는 비교적 안전한 지역이며, 긴급상황 발생 시 경찰이 신속 출동하므로 생활에는 큰 지장이 없습니다. 그리고 각 경찰국마다 한인 통역, 번역 안내가 되어 있습니다.
사건ㆍ사고의 유형
ㅇ 미국 방문 또는 이민자들을 상대로 언어소통의 문제점을 이용 운전면허 취득, 비자 변경 등의 사기 사건이 발생하는 바, 신중한 대처가 요구됩니다.
- 대처 : 지역 한인회, 봉사 센터, 또는 변호사를 통하여 정상적인 절차로 진행하는 것이 가장 현명한 선택입니다.
ㅇ 한국보다 음주운전에 대한 처벌이 엄하고 음주단속 및 처벌을 강화하는 추세를 보이고 있습니다.(영주권자라도 추방)
- 대처 : 음주시 대리운전이나 택시를 이용한 귀가가 최선이며, 차량에는 어떠한 술병도 있어서는 안되며, 만약 술을 구입하여 이동 시는 차량 트렁크에 넣어 이동하여야 합니다.
ㅇ 운전 중 신호위반이나 속도위반 등으로 경찰의 제지를 받을 시, 차에서 내리거나 경찰에게 항의하는 행동을 할 경우, 현장 체포당하니 주의하시기 바랍니다.(경찰의 지시대로 움직이는 것이 가장 현명함)
- 대처 : 경찰의 지시 없이는 차량에서 하차하지 말고, 두 손은 운전대에 위치시키고, 경찰의 요구 사항에 따라서만 행동을 하면 됩니다.
자연재해
ㅇ 과거 여름 홍수와 겨울 태풍으로 인해 인명 및 재산 피해가 발생한 경우가 있으니 주의 바랍니다.
유의해야 할 지역
[괌]
ㅇ 괌 전 지역에서 주차 차량의 창문을 부수고 차량안의 물건을 강탈하는 사건이 계속 증가하고 있습니다. 또한 여행객을 위협하고 소지품을 강탈하는 강도 범죄 사례도 발생하고 있으니 여행객들은 각별히 주의하시기 바랍니다.
※ 소지품을 도난당한 후 절도범이 객실 번호가 적혀있는 호텔 조식 쿠폰과 객실카드를 가지고 해당 객실까지 침입한 사건 발생, 이에 따라 외출 시 호텔명 및 객실 번호가 적혀있는 물품은 소지하지하도록 유의
ㅇ 괌 소재 호텔 및 게스트하우스에서 취침 중 테라스 창문을 통해 들어온 도둑에 의해 물품을 도난당한 사례가 발생, 외출 또는 취침 시 숙소 내 창문과 출입문 방범시설 및 잠금장치 등을 꼭 확인하시어 유사사례 피해를 입지 않도록 주의하시기 바랍니다.
ㅇ 괌을 방문한 관광객이 해변에서 수영 중 익사 사고가 종종 발생하고 있습니다. 해당지역을 방문 또는 체류하시는 분들은 단독으로 수영하는 일이 없도록 하여 주시고 수영 전 안전사항도 꼭 숙지하시기 바랍니다.
ㅇ 우리 관광객이 많이 방문하는 리티디안 해변의 경우 도로사정이 열악하여 차량 타이어 파손 등이 우려되오니 운행 시 유의하시기 바랍니다.
[뉴욕]
ㅇ 코로나-19 대유행이후, 뉴욕시 등에서 아시안계를 대상으로 한 혐오범죄가 증가하고 있습니다.
- 주요 발생지역은 지하철, 공원, 인도 상이며, 인종혐오 발언이나 폭행 등이 발생하고 있습니다.
ㅇ 현지 사정에 익숙하지 않은 경우, 가급적 대중교통 이용을 자제하시기 바랍니다.
[샌프란시스코]
ㅇ 최근 들어 샌프란시스코에서 차량 털이와 파손 범죄가 큰 폭으로 증가하고 있습니다. 이러한 피해를 예방하기 위해서는, 잠깐이라도 차에 귀중품을 두고 내리는 경우가 없어야 합니다. 주차장이나 길거리에 차를 세워 놓고 쇼핑, 식사를 하러 가는 경우, 반드시 실내를 점검하여 눈에 띄는 물건이 없는지 확인해야 합니다. 특히 핸드백, 휴대전화, 배낭 등 귀중품뿐만 아니라, 신발, 옷가지도 절도범의 목표물이기 때문에 물건을 항상 소지하도록 하고, 부피가 큰 물건 등은 호텔에 두고 나오거나, 트렁크에 보관해야 합니다. (최근에는 트렁크를 열고 절도하는 사례도 증가하므로 유의해야 합니다.)
[시애틀]
ㅇ 워싱턴주(2012. 12월부터), 알래스카 주(2015. 2월부터), 오리건주(2015. 7월부터)에서는 마리화나(대마초) 구입과 흡연이 합법화되었으나, 우리 국내법상 해외에서의 대마관련 상품 (대마쿠키, 초콜릿등) 및 대마초(전자담배용 카드리지 포함) 구입, 흡연도 허용되지 않습니다. 호기심 차원에서 또는 우연히 대마초(마리화나)를 흡연 혹은 대마관련 상품을 섭취·사용 할 경우 체내에 장시간 축적되어 향후 소변 또는 모발 검사 시 적발되어 처벌됨을 유의하시기 바랍니다.
ㅇ 시애틀 시내 주요 관광명소인 China Town, Pioneer Square, T-Mobile Park(시애틀 매리너스 홈구장) 일대는 현지 사정에 익숙하지 않은 여행자들에게는 위험할 수 있으니, 혼자 다니거나 일몰 후에 다니는 것은 자제하기 바랍니다.
ㅇ 최근 한인 밀집 지역인 페더럴웨이(Federal Way), 린우드(Lynnwood) 등에서 고가의 가방 등 귀중품을 두고 주차하는 아시아계 주민들을 대상으로 한 차량 절도 사건이 빈번히 발생하고 있으니, 차량 안에 귀중품을 두고 주차하지 마시고, 트렁크에 보관하거나 직접 소지하시기 바랍니다.
[시카고]
ㅇ 시카고 남, 서부(South Side, Englewood, Garfield Park, Cicero 등) 지역은 시카고 지역에서 발생하는 총기 사망사건(2020년 총 719건)의 대부분이 발생하는 매우 위험한 지역입니다. 주로 갱단에 의한 총기사고가 빈발하고 있으니 출입을 자제하시기 바랍니다."
바누아투,Vanuatu,VU,아주,2022-08-22,"사건ㆍ사고의 유형
□ 치안상황 (일반범죄 등)
ㅇ 멜라네시아 3개 도서국가(파푸아뉴기니, 솔로몬 아일랜드, 바누아투) 중 가장 치안이 좋으며 종족 간 분쟁도 거의 없는 등 평온한 상태를 유지하고 있습니다.
ㅇ 주민의 성격이 온순하며, 가옥 간에 담장이 있기는 하나 형식적이고 범죄발생률이 낮습니다.
□ 정정 상황 (전쟁, 내란, 테러 등)
ㅇ 1980년 독립하였으며 그 이전에는 영국과 프랑스의 공동 통치를 받았습니다. 독립직후 Espiritu santo의 분리주의 운동이 있었으나 파푸아뉴기니의 도움으로 이곳의 질서를 회복하였습니다.
ㅇ 그러나 현재 정치, 경제, 사회면에서 평온을 유지하고 있어 비교적 평화스러우며 치안도 안정적인 상태로 남태평양 지역의 주요 관광지입니다.
ㅇ 강력범죄 발생이 흔치 않으며 비교적 자유롭게 활동할 수 있습니다.
ㅇ 현지인들이 술에 약하고 평소 술을 많이 마시지 않아 음주로 인한 사건사고는 미미한 수준이나, 크리스마스 시즌에는 평소보다는 술을 많이 마시게 되는 분위기가 조성되어 술에 약한 현지인들로 인해 돌발적으로 벌어지는 사건이 있을 수 있어 특히 이 기간에는 조심을 하시기 바랍니다.
자연재해
ㅇ 보통 2월중에 사이클론(태풍)이 발생하며 여태까지 피해가 크게 발생하지 않았으나, 2015년 3월에 발생한 대형 사이클론(Pam)에 의해 수도 Port Vila의 주택 90%가 손상되고 도로, 항만, 농작물 등에 막대한 피해가 발생하였습니다. 또한 바누아투 기상청 측은 바누아투를 포함, 6월-10월까지 주요 도서국가에 대형 사이클론 발생을 경고한 바 있습니다.
유의해야할 지역
ㅇ 국민들이 비교적 온순하고 친절하며 주ㆍ야간 모두 도보로 시내를 활보할 수 있으나 만일의 경우를 대비하여 야간 출입 시에는 현지인 또는 우리교민과 동행이 요망합니다."
바레인,Bahrain,BH,중동,2024-06-28,"사건ㆍ사고의 유형
ㅇ 대체로 치안이 안정되어 있으나 간헐적으로 국지적인 시위가 발생하고 있어 주의가 필요합니다.
※ 2017.5월 Duraz 지역(시아파 종교 지도자 거주지)에서 시아파의 연좌농성 진압과정 중 종교 지도자 지지자 5명이 사망하고, 경찰 30여명이 부상
ㅇ 시위는 주로 시아파 밀집지역(Sitra, Budaiya)에서 발생하며, 주요 간선도로에서 타이어 소각 등의 방식으로 기습시위가 발생합니다.
ㅇ 아래 사항을 유의하시기 바랍니다.
- 반정부 시위집회가 예상되는 장소에 접근을 자제하시기 바랍니다.
- 만일 시위나 집회 발생지역으로 진입 시, 시위현장에서 신속히 이탈하시기 바랍니다.
- 수상한 물건 가까이에는 가지 말고, 도로 상에 설치된 쓰레기통에 손대지 마시기 바랍니다.
- 현지 다중들이 많이 모이는 곳에는 가급적 접근을 자제하시기 바랍니다.
자연재해
ㅇ 3 ~ 5월중 환절기에 심한 먼지바람이 불어오는 경우가 있으며, 이 시기에는 장시간 외출을 삼가는 것이 좋습니다."
바베이도스,Barbados,BB,미주,2023-11-24,"사건ㆍ사고의 유형
ㅇ 자동차 운전석 위치가 한국과 반대이며 좌측통행이므로 현지 운전 시 주의가 필요합니다.
ㅇ 현지에서 운전 시 반드시 현지 운전 면허증을 취득해야 합니다.
ㅇ 현지 운전자의 난폭한 운전으로 차량 및 보행자가 종종 사고에 노출되고 있으니 운전에 보다 세심한 주의가 필요합니다.
ㅇ 바베이도스는 대부분 평지로 이루어 졌으나, 도로 폭이 좁아 안전 운전을 위해서는 보다 세심한 주의가 필요합니다.
ㅇ 시내 중심가 및 외진 곳은 우범지역으로, 가능한 방문을 자제해 주시고, 필요 시 신원이 확실한 현지인과 동반 방문을 권합니다.
ㅇ 사건사고 발생에 필요할 시 경찰서 211, 앰뷸런스 511, 소방서 311로 연락하시길 바랍니다.
ㅇ 수상 스포츠 시, 야간 이용 및 1인 활동 금지, 공식적 스포츠로 공인된 곳을 이용하시기 바랍니다.
자연재해
ㅇ 보통 6월 ~11월 카리브지역 허리케인 시즌이나 최근 몇년동안 12월에도 허리케인 발생"
바하마,Bahamas,BS,미주,2023-11-24,"사건ㆍ사고 현황
ㅇ 바하마는 영연방에 속해있는 영어권 국가로서 관광과 금융 산업이 경제의 두 축을 이루고 있는 국가입니다. 현재 범죄율이 증가하는 추세에 있으나 서구 선진국들의 범죄율과 비해 크게 다르지 않으며 특히 관광객들이 많이 다니는 지역은 안전하다고 알려져 있습니다.
사건ㆍ사고의 유형
ㅇ 관광객들에게 가장 많이 발생하는 사고는 수상 스포츠 관련 사고입니다. 매년 많은 관광객들이 부주의한, 부적절한 수상 스포츠 장비 사용으로 인해 상해를 입습니다. 바하마에서는 보트, 제트스키와 같은 수상 스포츠 장비 대여업체들에 대한 규제가 느슨하기 때문에 관광객들은 반드시 신뢰할만한 대여 업체를 통해서 장비를 빌려야 하며 사전에 충분히 장비 사용법을 연습하는 것이 좋습니다. 그리고 문제 발생 시 충분한 보상을 해줄 수 있는 보험에 가입되어 있는지 업체 측에 확인해야 합니다.
ㅇ 관광객을 노린 범죄 중 흔하게 발생하는 것은 관광객들이 자주 가는 레스토랑이나 클럽 주변에서 차로 교통편을 제공해 주는 척하면서 강도나 폭력을 저지르는 것입니다. 때문에 방문객들은 반드시 노란 면허판이 붙어있으며 택시라는 문구가 확실하게 표시된 차량이나 호텔에서 제공하는 차량만을 이용해야 합니다.
ㅇ 관광객들은 해가 진 이후 혼자 돌아다니거나 인적이 드문 지역을 배회하는 것을 삼가야 합니다. 호텔 이용시에는 항상 객실문을 잠그고 다니며 객실문을 열어주기 전에 방문객의 신원을 반드시 확인합니다. 그리고 여권, 비행기 표, 현금, 카드와 같은 귀중품은 호텔 금고 내에 보관하며 관광지에서 귀중품에 대한 관리를 소홀히 하지 않습니다. ATM은 해가 진 이후에는 사용을 삼가고 부유한 옷차림이나 장신구를 하고 돌아다닐 경우 범죄의 표적이 될 가능성이 있습니다.
ㅇ 바하마에서는 18세 이후 음주가 가능하며 과도한 음주는 개인 안전에 대한 보호를 취약하게 하므로 즐기되 과도한 음주는 삼가고 특히 여성의 경우는 더욱 주의할 필요가 있습니다.
ㅇ 범죄 발생 시 현지 경찰에게(Royal Bahamas Police Force) 긴급번호인 919번으로 연락하면 됩니다."
방글라데시,Bangladesh,BD,아주,2025-05-21,"국내정세
ㅇ 방글라데시는 과거 총선을 전후로 폭력시위인 ‘하탈(Hartal)'이나 선거 운동가들과 경찰간 충돌이 자주 발생하였으며, 이슬람 극단주의 세력의 테러 가능성도 높습니다. 최근, 여야당간 대립과 여당내 당파 갈등으로 인한 정치폭력 사건이 증가하고 있습니다.
ㅇ 집회나 시위가 폭력적으로 변질될 경우 도로가 봉쇄되고 상업지구 업무가 마비되며, 차량방화, 화염병 및 폭발물 투척, 기차/여객선 탈선공격 등을 포함한 폭력사태가 빈번하게 발생하므로 거주 교민 및 여행자분들께서는 이러한 사태 발생시 주방글라데시 대사관의 안내를 참고하여 주시기 바랍니다.
ㅇ 특히, 외국인은 쉽게 눈에 띄어 표적의 우려가 높으므로 총선 전후 방글라데시내 불요불급한 여행을 자제하고, 거주 교민의 경우 정당 사무소가 있는 굴샨, 바나니 및 올드다카 지역, 혹은 대규모 집회가 열리는 장소의 접근을 피하는 등 신변안전에 최대한 유의하시기 바랍니다.
사건ㆍ사고 현황
[테러발생]
ㅇ 2015년 외국인을 겨냥한 총격 사건이 연달아(9.27, 10.3) 발생하였고, 2016.7.1. 다카 시내 외교지역 식당에서 인질 테러 발생으로 외국인 17명 포함 총 22명이 사망하는 사건이 있었습니다.
ㅇ 2017년 이후 주재국 정부의 대테러작전 강화로 테러 사건의 빈도 및 사상자는 감소하였으나, 사이버공간을 활용한 테러 모의•선전활동으로 급진주의 사상 확산은 지속되고 있습니다.
- 종교·교육기관 등 공공장소, 인파가 몰린 장소, 외국인이 자주 방문하는 장소에 대한 출입을 최대한 자제하여 주시기 바랍니다.
[범죄현황 및 치안상태]
ㅇ 방글라데시는 세속주의 이슬람교 국가이나, 종교적 극단주의 세력이 힘을 얻고 있으며, 2013년 이후 세속주의 블로거 및 외국인들에 대한 테러 공격이 빈번히 발생하고 있습니다.
ㅇ 최근 주재국은 이슬람 극단주의 무장단체 처치, 불법 총기류 단속, 마약밀매 단속 등 방범에 주력하고 있으나 총기나 칼 등 무기를 사용한 강도·살인 범죄가 꾸준히 발생하고 있습니다.
ㅇ CNG(삼륜자동차) 운전기사가 외국 관광객에게 목적지 도착 이후에 터무니없는 가격을 요구하는 경우가 있으므로, 미터기가 달려있는지 사전에 확인하시거나 탑승 전에 차비를 흥정한 후 이용해야 합니다. 특히 야간 시간대에 CNG 운전기사가 인적이 드문 장소로 이동하여 강도로 돌변하는 경우도 다수 발생하고 있으니 주의를 요합니다.
ㅇ 릭샤 이용 혹은 거리 보행 시 자동차 및 오토바이를 이용한 소매치기가 많이 발생하고 있어 소지품에 주의하시기 바랍니다.
- 가급적 일몰 후 외출은 삼가고, 릭샤 이용시 작은 손지갑을 들고 다니며, 큰 길에서는 차량 반대쪽 방향으로 보행하는 것이 바람직합니다.
ㅇ 주재국은 이슬람교 국가로서 주류를 마약 관리법(Narcotics Control Act)에 규정하여 통제하고 있으며, 주재국민뿐만 아니라 외국인도 관계당국의 허가 없이는 주류를 수입, 보관, 판매 및 구입할 수 없습니다. 특히 술과 관련해서는 다른 어떤 범죄보다도 엄격하게 처벌(긴급체포, 구속) 하고 있으므로 각별히 유의하시기 바랍니다.
[교통사고 및 안전사고]
ㅇ 2018.7월 버스 난폭운전으로 고등학생 2명이 사망하여 9일간 전국적으로 교통안전 시위가 발생하였고, 2019년 3월에도 버스에 의한 대학생이 사망하여 대학생들의 시위가 발생하였습니다. 이와 같이 차량 증가와 함께 교통사고가 급증하고 있으며, 방글라데시 국가위원회 통계에 따르면 2020년 교통사고 사망자는 6,686명, 부상자는 8,600명으로 집계됩니다.
ㅇ 수도인 다카조차 교통체계가 미비하며, 현지 운전자들의 준법의식 부족 및 난폭운전으로 교통사고가 빈번하게 일어납니다.
- 특히, 버스, 트럭과 같은 대형차량의 사고율이 높으며, 고속도로와 시골지역에서는 사망사고율이 더 높습니다.
ㅇ 2021.4월 34명의 사망자가 발생한 선박 전복사고 사례와 같이 수상운송의 경우 선박의 노후화와 안전의식 부족으로 탑승인원 초과, 화물 과적 등이 일반화되어 있어 대형사고가 자주 발생하고 있으므로 선박을 이용할 때에는 이러한 점을 고려하여야 합니다.
자연재해
ㅇ 방글라데시는 환경변화에 매우 취약한 나라로, 홍수, 번개, 산사태와 같은 자연재해 자주 발생하며, 대응능력이 부족하여 피해가 번번합니다.
ㅇ 인도나 네팔 등 주변국에서 발생되는 지진은 방글라데시까지 영향을 끼치며, 2018년 두차례 5.3, 4.2 규모의 강진이 감지되었습니다.
- 또한, 이 지역을 방문하려면 관계당국에 미리 신고하고 방문 허가를 받아야 합니다.
-->"
베냉,Benin,BJ,아프리카,2025-05-21,"사건ㆍ사고 현황
[정정 상황 (전쟁, 내란, 테러 등)]
ㅇ 일부지역에서 부족간 분쟁은 가끔 발생하고 있으나 전쟁 또는 내란의 발생징후는 없음. 그러나 연말연시 또는 선거철에는 치안이 불안해지는 경향이 있으므로 이 시기에는 야간 이동을 자제
ㅇ 다른 서부 아프리카에 비해 치안 상태가 좋은 편에 속하나 소매치기, 절도사건, 총기 강도 사건은 자주 발생하므로 주야간 모두 한적한 곳에 가는 것을 삼가야 함
사건ㆍ사고의 유형
[소매치기]
ㅇ 주재국에서 소매치기 사건이 자주 발생하므로 중요한 물품은 가급적 휴대하지 말고 사람이 붐비는 곳에서 낯선 사람의 접근을 경계해야 함. 특히 공항에서 소매치기는 아니더라도 별도의 수고비를 요구하기 위해 여행객에게 접근하여 물건 등을 들어주거나 택시를 잡아주겠다며 호의를 베푸는 현지인을 주의
[차량 및 오토바이 강도]
ㅇ 차량이 정차한 순간 문을 열고 소지품을 강탈 후 준비해 놓은 차를 타고 도주하는 사건이 발생하기도 하고, 운전 또는 정차 중인 차에 접근하여 강절도 행위가 발생하므로 항상 차량의 문을 잠그도록 하며 인적이 드문 곳에서의 주ㆍ정차를 삼가해야 함. 또한, 차내에 절도범의 표적이 될 만한 물건이 있을 경우 차량 유리를 파손 후 절도하는 경우가 있으므로 귀중품을 남겨두지 않도록 하며 부득이 남겨 놓을 경우 물건이 보이지 않도록 해야 함
ㅇ 노상 또는 차량강도를 만났을 경우 우선 범인의 지시에 절대 순응하는 것이 좋으며, 금품을 지키기 위해 몸싸움을 할 경우 범인이 흉기를 사용하게 되어 생명의 위험까지 발생할 수 있으므로 절대 몸싸움을 해서는 안 됨. 또한, 소리를 질러서 도움을 요청할 때는 범인으로부터 안전거리를 확보한 상태에서 요청하는 것이 좋음
[금융사기]
ㅇ 로맨스 스캠 : 결혼을 빙자하여 SNS 등을 통해 항공료, 방문비용 등을 송금하도록 유도하니 각종 명목으로 금품을 요구하는 경우 유의
ㅇ 거액 상속, 비자금 관련 사기: 거액의 상속금 또는 고위 공무원의 비자금이 은행에 묶여 있어 동결 해제를 도와주는 조건으로 거액을 주겠다고 제안하면서 은행 수수료 또는 기타 비용을 이체하도록 유도
[택시 이용시 주의사항]
ㅇ 택시를 이용한 강절도 행위도 빈번하게 발생하고 있으므로, 불가피하게 택시를 이용할 경우 호텔 프런트에 택시를 불러줄 것을 요청하고 아는 사람에게 택시 차량번호를 남겨두는 것이 좋음. 또한 차량에 탑승시 앞좌석에 앉지 말고 뒷좌석에 앉는 것이 보다 안전하며 출발 전 호텔 등에서 목적지까지의 대략적인 시간과 경로 등을 확인하는 것이 좋음. 되도록 저녁에 택시 이용을 자제하시기 바라며 불가피하게 저녁에 이용하실 경우 호텔 프론트 데스크에서 택시가 아닌 임대업체의 차량을 불러줄 것을 요청하시기 바람
[각종사기사건]
ㅇ 호텔 등에서 외화 밀반출을 도와주면 사례하겠다거나 지폐의 잉크 제거비를 부담하면 해당지폐의 일부를 주겠다는 위조지폐 유통조직이 있으니 주의가 필요하며, 또한 금 관련 저가 판매제의를 하는 금 관련 사기범죄자가 많으므로 이들에 대해 절대 관심을 보이거나 응대를 하지 말아야 함. 경찰의 감시에 걸릴 경우 간혹 공범으로 몰려 조사를 받아야 하는 경우가 있음
[교통사고시 주의사항]
ㅇ 운전중 외국인에 의한 대인 교통사고가 발생한 경우 지나가던 제3자 현지인이 도와주는 차원이 아닌 불필요한 간섭을 하는 경우가 많으며, 군중심리에 의해 흥분하여 심지어 폭행을 일삼는 경우도 있으므로 피해자 구제와 신변안전을 우선시 하되, 많은 현지인등이 접근하는 경우 경찰에 빨리 신고하고 현장 사진 확보후 현장을 벗어나는 것이 좋음. 이런 상황을 예방하기 위해 현지에서는 가급적 직접 운전하지 말고 현지 기사를 채용하는 것을 권장함
[사고 보험]
ㅇ 주재국 여행시에는 반드시 여행자보험에 가입하도록 하고, 도난사고 등을 당한 경우 경찰에 신고하고 도난 물품에 대한 경찰 Report를 발급받아 보험회사에 제출하여 도난물품에 대한 보상을 받도록 하는 것이 좋음
자연재해
ㅇ 우기에 집중적으로 도로 파손이 많으나 보수공사가 제때에 이루어 지지 않기 때문에 여행시 주의를 요합니다.
ㅇ 우기에 강한 폭우로 인한 정전 사고가 많고 그로 인해 떨어진 전신주나 전선으로 인해 감전 사고도 흔치 않게 발생 합니다.
유의해야할 지역
ㅇ (고속도로 운행시) 화물차의 적재상태가 좋지 않으므로 고속도로를 운행시에는 주야간 모두 물건을 많이 실은 화물차의 뒤를 따라가지 말아야 함
ㅇ (재래시장 또는 빈민가) 사람이 많이 붐비는 재래시장 또는 빈민가 등을 여행시는 많은 현금을 소지하지 말고, 가급적 친분이 있는 현지인 또는 운전기사 등을 대동하고 이동하는 것이 좋음"
베네수엘라볼리바르,Venezuela,VE,미주,2022-08-04,"사건ㆍ사고의 유형
□ 베네수엘라 치안 상황
ㅇ 주재국의 전체적인 범죄사건은 해마다 증가하는 추세로 수도인 카라카스 도심지역 및 인근지역에 분포한 대규모 빈민가(barrio)에서 불법총기에 의한 강력사건이 다수 발생하여 일반적으로 매우 위험한 상황임
ㅇ 특히, 강력범죄 빈발 지역으로서 카라카스 지역의 저소득층 거주밀집지역인 Petare, Catia 지역 및 Libertador 도로 주변 지역, Paraiso, Santa Monica, El valle 등이 위험지역임
ㅇ 콜롬비아와의 국경지역(Zulia, Tachira, Barinas, Apure 등 4개 주)에서는 콜롬비아 반정부 게릴라 조직이 여전히 활동 중이며, 불특정 다수를 대상으로 한 흉악범죄가 발생하고 있고 석방금을 노린 유괴 및 마약관련 범죄가 빈발함
ㅇ 주재국 범죄조직은 군과 경찰로부터 탈취한 무기로 무장을 해 웬만한 지방경찰을 압도하고 있는 상황이며, 경찰이 범인을 체로할 경우 남은 조직으로부터 보복을 두려워 해 범인검거를 회피하고 있는 것으로 관찰됨
ㅇ 최근 베네수엘라 국민의 대거 해외 이주로 살인율은 다소 하락하였으나 여전히 세계 최고 수준인 것으로 나타남
□ 사건사고별 안전수칙
[예방을 위한 일반적 행동요령]
ㅇ 강도 범죄가 다수 발생하는 빈민 밀집 거주지역이나 베네수엘라 시내 구시가지 등 위험지역 출입을 자제하고, 불가피한 일로 해당지역 이동이 필요할 경우 반드시 동행자를 확보하고, 지인 등에게 행선지를 알려야 함
※ 야간에 혼자 거리를 거닐거나 주간에도 한적한 골목길을 이용하여 목적지로 이동하는 행위 삼가
ㅇ 지하철이나 버스 등의 대중교통 이용 자제
ㅇ 차량이동시 최대한 인적이 드문 골목길을 피하고 대로를 이용
- 빈민가를 지나는 길은 삼가고, 주차시에도 유료 주차장 등 반드시 안전한 장소에 주차
ㅇ 타이어 펑크 등 차량 이상을 빌미로 주변에서 정차를 유도하는 경우 절대 차량을 세우지 말고 안전이 확보된 지역(주유소 등)으로 이동 후 확인함
- 또한, 야간에 가벼운 접촉 사고발생 시에는 사람이 많은 곳으로 이동, 시비를 가려야 함(범인들이 고의로 접촉사고를 일으켜 차량을 정차시키는 수법)
ㅇ 택시 이용시는 가능한 콜택시 및 신원이 확인된 자의 택시를 이용함
- 특히, 야간의 경우는 일반 택시 이용을 피하고, 부득이하게 이용을 할 경우는 동행과 함께 이용
[여행객을 위한 상황별 행동요령 - 부당한 체포 및 구금]
ㅇ 당황하지 말고 침착하게 현지 사법당국의 절차에 따름
ㅇ 우리 공관에 구금 사실을 알리도록 현지 사법당국에 요청함
- 그러나 해외에서 사건·사고가 발생할 경우, 주재국의 법과 절차에 따라 수사와 사건 처리가 진행되며, 재외공관은 자국민이라는 이유로 현지 사법당국에 특별한 대우를 요구하거나, 직접 해당사건을 담당할 법적 권한이 없음을 기억해야 함
※ 영사관계에 관한 비엔나 협약 제36조(파견국 국민과의 통신 및 접촉) 1항 (b) : 파견국의 영사관할구역내에서 파견국의 국민이 체포되는 경우, 또는 재판에 회부되기 전에 구금 또는 유치되는 경우, 또는 기타의 방법으로 구속되는 경우, 그 국민이 파견국의 영사기관에 통보할 것을 요청하면, 접수 당국은 지체없이 통보하여야 한다. 체포, 구금, 유치 또는 구속되어 있는 자가 영사기관에 보내는 어떠한 통신도 동 당국에 의하여 지체없이 전달되어야 한다. 동 당국은 관계자에게 본 세항을 따를 그의 권리를 지체 없이 통보하여야 한다.
ㅇ 현지 언어가 능통하지 않을 경우, 사법당국에 통역 지원이 가능한지 문의함
ㅇ 본인이 모르는 외국어로 작성된 문서나 내용을 정확하게 이해하지 못할 경우, 함부로 서명하지 말아야 함
ㅇ 영사와의 면담 시 향후 진행될 사법절차, 현지 법체계에 대한 일반적인 정보를 제공받을 수 있음
ㅇ 체포·구금 당시 부당한 대우, 가혹 행위, 반인권적인 사항이 있었을 경우, 영사와의 면담시 관련 사실을 알려 관계 당국에 시정을 요청함
[납치에 대비한 행동요령 - 실제 납치]
ㅇ 납치의 경우 일반적으로 범죄조직과 연관되어 있으며, 범행시간은 5:00~8:00와 17:00~23:00 사이임
ㅇ Express kidnap라고 하는 납치산업이 유행하고 있는데 보통 1-2만불의 몸값을 요구함
□ 납치됐을 경우의 안전수칙
ㅇ 납치 당시 저항을 하지 않음
ㅇ 진정해야 하며, 절망하지 않음(30분이 가장 두렵다고 함)
ㅇ 조용하게 물어보는 질문에만 대답함
ㅇ 정상적으로 행동하고, 납치범들과 논쟁을 하지 말고, 두려워하는 모습도 자연스럽게 보여주어야 함
ㅇ 30분정도 경과 후, 납치범들이 원하는 것이 무엇인지 대화를 시도함. 그러나 제안을 하면 안 됨
ㅇ 감금 장소로 오는 이동경로와 시간을 기억해 위치를 확인하려고 노력함
ㅇ 몸에 통증이 있다면 최대한 빨리 납치범에게 음식과 약을 요구함
ㅇ 납치되어 있는 장소에서 긴 기다림을 준비하고 정신적으로 강해져야 함
ㅇ 오랜 시간 근육을 사용하지 않기 때문에 문제가 될 수 있으므로 틈틈이 몸을 움직임
ㅇ 납치범들의 신분과 감금장소에 대한 확인을 위해 잘 기억하고 관찰해둠
ㅇ 항상 경계심을 가지고, 시간개념과 정신을 잃지 않도록 주의함
[강도를 당할시 행동요령 - 안전수칙]
ㅇ 강도와 싸우거나 논쟁을 벌이지 말고 침착하게 자제력을 잃지 않도록 노력함
ㅇ 자연스러운 것 이상으로 무서워하는 모습을 보이지 말고 일단 순순히 따르도록 함. 무기를 빼앗으려고 시도하지 말고 흉기 앞에서는 당할 수가 없다는 것을 명심함
ㅇ 강도를 당할 때 소리를 지르지 말고 강도의 두 눈을 응시하거나 소지품을 순순히 내어 주도록 함. 강도를 침착하게 다루어야 함
- 모든 동작은 천천히 하여 야단법석을 떨거나 급작스러운 행동으로 당신이 강도를 공격하기 위해 무기를 꺼낸다고 의심하게 하지 않도록 유의함
자연재해
ㅇ 베네수엘라만의 특별한 자연재해들(예: 지진)은 없으나 우기 때 강수량 증가로 빈민촌들이 밀집해 있는 고산지역 (달동네)에서는 산사태가 빈발하게 발생하여 인명 손상이 나고 있으며 평지에서도 가옥 침수 등 홍수로 인한 피해를 입기도 합니다. 카라카스 시내에도 배수시설이 부실해서 폭우 시 시내 교통이 마비되기도 합니다.
유의해야 할 지역
ㅇ la guaira의 maiquetia 국제공항도 범죄 우발지역으로 강도, 소매치기, 납치 등 사건이 빈발하게 일어나고 있는 지역입니다.
ㅇ 그 외 범죄 발생 지역은 la redoma de petare, el bulever de catia, francisco miranda 혼잡지역, avenida de paraiso, montalban, los chaguaramos, santa monica, valle abajo, la union en el hatillo, macaracuay 등입니다."
베트남,Vietnam,VN,아주,2023-11-24,"사건ㆍ사고 현황
[테러, 인질 등에 대한 상황 및 정세]
ㅇ 베트남은 안정적인 정치체제하에서 강력한 공안 조직을 통해 타국에 비해 상대적으로 양호한 치안 상태를 유지하고 있어 내란이나 테러 가능성은 낮은 것으로 평가됩니다.
[범죄 현황 등 치안상태]
ㅇ 전반적으로 살인, 강도, 강간 등 강력범죄의 비율은 낮습니다.
ㅇ 그러나 휴대폰 날치기, 소매치기 등 절도 범죄 피해가 꾸준히 발생하고 있어 소지품 보관에 각별히 유의할 필요가 있습니다.
ㅇ 오토바이를 이용한 가방, 휴대폰 등 날치기 피해가 지속 발생하고 있습니다. 가급적 가방을 도로 반대방향에 두고, 현금은 소액만 소지하며 지갑은 몸 안쪽에 보관하는 것이 좋습니다.
ㅇ 특히 베트남에서 여권 분실 시 여권 재발급 외 별도로 출국사증 재발급(약 5일 소요)이 필요하므로 여권 분실에 각별히 유의할 필요가 있습니다.
ㅇ 또한 베트남은 마약 복용, 소지, 제조, 매매 등을 엄중히 처벌하므로 마약 복용 등 불법행위를 하지 않아야 합니다.
ㅇ 베트남은 성매매 관련, 성매매자도 제재하며 특히 미성년자 성매매는 엄중히 처벌하니 불법행위를 하지 않아야 합니다.
자연재해
ㅇ 하노이를 비롯한 북부지역 및 다낭ㆍ후에 ㆍ호이안 등 중부지역은 태풍의 영향권에 있어서 매년 많은 피해가 발생하고 있습니다. 특히 산간오지 및 섬의 경우 수시로 교통두절 현상이 발생하므로 산간오지 및 섬으로 들어갈 경우에는 주의를 요합니다.
ㅇ 베트남은 상대적으로 배수시설이 잘 되어 있지 않아서 집중적으로 비가 오게 되면 침수피해가 발생할 수 있으며 차량 통행에 많은 어려움을 겪을 수 있습니다.
안전사고
ㅇ 리조트․해변 등에서 물놀이 중 다치거나 익수 사고로 사망하는 안전사고가 종종 발생하고 있습니다. 음주 후에 수영․스쿠버다이빙․스노클링 등은 절대 하시면 안 됩니다.
ㅇ 순환기계․신경계 질환이 있는 분 기타 영유아의 물놀이 사고에 각별히 유의하여야 합니다.
ㅇ 배를 탈 때에는 반드시 구명복 등 안전 장비를 착용하기 바라며, 장비․기구에 이상이 없는지 확인하기 바라며 바다․호수에 빠질 수 있는 위험한 행동은 삼가야 합니다.
ㅇ 물놀이 전 기상 예보를 확인하고 바다에서 물놀이 시에는 기상 변화를 확인하여 갑작스런 날씨 변화에 대비하기 바랍니다.
뎅기열 유의
ㅇ 뎅기열은 뎅기 바이러스에 감염된 매개 모기에 물리면 발병하는 질병입니다.
ㅇ 뎅기열로 인한 사망 사례도 계절과 상관없이 지속 발생하고 있으니 유의할 필요가 있습니다.
ㅇ 모기기피제를 적극 사용하고 외출 시에는 노출 부위를 최소화하기 바랍니다.
ㅇ 야외활동 시 모기가 많이 있는 풀숲 및 산속 등은 가급적 방문을 지양하기 바랍니다.
ㅇ 뎅기열은 잠복기가 평균 5~7일이고 잠복기 후 발열기가 찾아와 본격적인 증상(고열, 두통, 근육통, 관절통, 식욕부진)이 나타나므로 이런 증상이 있는 경우 바로 종합병원에 내원하여 치료를 받으시기 바랍니다."
벨기에,Belgium,BE,유럽,2022-08-22,"사건ㆍ사고의 유형
[가방 등 소지품 날치기]
ㅇ 버스터미널에서 버스를 기다리는 중에, 기차역에서 표를 구입하는 중에, 택시정류장에서 가방을 잠시 땅에 내려둔 사이 가방을 날치기 당함
(대처)
ㅇ 통상 2-3명이 한 조가 되어 공항이나 기차역 및 지하철역에서 여행객의 주의력을 분산시킨 후 날치기를 시도하는 바, 낯선 사람이 주변에서 이상한 행동을 하거나 접근해 오면 소지품 관리에 각별 유의
- 길 또는 행선지 등을 묻거나, 옷에 이물질을 묻힌 후 털어주는 척하거나, 또는 주변에 동전을 떨어트릴 때 등 주의
[열차 안에서의 소지품 날치기]
ㅇ 기차 내 선반 위에 가방을 두었다가 화장실을 다녀온 사이, 그리고 누군가 창문을 두드려 창밖을 잠시 본 사이에 선반 위나 좌석에 놓아둔 가방이나 소지품 등을 도난당함
(대처)
ㅇ 누군가 기차 창문 밖에서 창을 두드리며 시선을 끌 때나, 기차 좌석번호를 확인한다고 할 때에도 선반 위나 좌석의 가방 등 소지품 관리 철저
- 지하철(Metro) 또는 경전철(Tram) 안에서 그리고 정류 역에 정차시 순식간에 여행가방 또는 휴대폰을 낚아채어 도주하는 사례도 많은 바 늘 주변 경각심 유지
[자동차 내 보관품 날치기]
ㅇ 자동차 유리창을 깨고 내부 또는 트렁크에 놓아둔 소지품 훔쳐 감
ㅇ 운전자가 자동차 뒤 트렁크에 소지품(컴퓨터 가방, 휴대품 등)을 넣은 후, 자동차에 승차하여 시동을 조작하는 순간에 범인이 뒤 트렁크를 잽싸게 열고 소지품을 갖고 달아나는 사례
(대처)
ㅇ 자동차 내부 보이는 곳에 소지품을 놓지 않도록 함
ㅇ 자동차 주변에 낯선 사람이 있을 때 뒷 트렁크에 소지품을 넣지 않도록 함
[자동차 날치기]
ㅇ 일시 정지한 자동차 뒷 유리창에 스티커(광고지 등)를 붙인 후, 운전자가 차에서 내려 제거 작업하는 순간에 자동차를 몰고 사라지는 사례 (자동차 안에 둔 주택 주소, 출입 열쇠, 카드 등 이용 가능)
(대처)
ㅇ 자동차에서 내리지 말고, 다른 곳으로 가서 제거 작업을 하도록 함
[식당에서 소지품 날치기]
ㅇ 의자 뒤에 걸어두고 식사하는 사이에 가방을 가져가는 사례
ㅇ 의자에 가방을 놓고 뷔페 음식을 가지러 간 사이에 가방을 가져하는 사례
ㅇ 의자 뒤에 윗도리를 걸고 식사하는 사이에 윗도리에 있는 지갑 및 소지품을 가져가는 사례
(대처)
ㅇ 무릎 위에 가방을 놓고 식사하는 방법이 좋으며, 주머니에 지갑을 넣은 채 의자 뒤에 옷을 걸지 않도록 하고, 뷔페 음식을 가지러 갈 때는 가방을 들고 가거나 동행에게 맡기길 권장 함
[공항에서 소지품 날치기]
ㅇ 공항에서 체크인하거나 입국장에서 지인과 만나면서 수화물 및 소지품에 시선이 떨어지는 사이에 날 치기 당하는 사례
(대처)
ㅇ 수하물 및 소지품에서 시선이 떨어지지 않도록 함
[호텔에서 소지품 날치기]
ㅇ 호텔에서 체크인 또는 체크아웃 하는 사이를 틈타서 날치기하는 사례
(대처)
ㅇ 수하물 및 소지품에서 시선이 떨어지지 않도록 함
ㅇ 짐꾼을 이용할 때는 호텔 소속 직원인지 눈여겨볼 필요 있음
[사진 촬영 시 소지품 날치기]
ㅇ 유명한 건물, 동상, 탑 등을 뒤 배경으로 기념 촬영하기 위해 소지품을 땅에 내려놓을 때, 주변에 있던 날치기 범들이 소지품을 가지고 달아나는 사례
(대처)
ㅇ 기념 촬영 시 소지품 관리에 유의하여야 함
[현금 자동인출기 인근에서 날치기]
ㅇ 현금 자동인출기(ATM)에서 현금을 인출할 때 현금을 날치기하는 사례
(대처)
ㅇ 현금 인출시에는 항상 주변 경계심을 유지하며, 주변에 수상한 사람이 있을 때에는 가능한 다른 곳을 이용함
자연재해
ㅇ 홍수 등의 자연재해 피해는 거의 없습니다.
ㅇ 가을과 겨울에 바람이 세고 비와 안개가 잦아 습도가 상당히 높은 편입니다.
유의해야 할 지역
ㅇ 브뤼셀 시내의 그랑플라스(Grand Place), 오줌싸개 동상(Manneken Pis), 사블롱(Sablon) 지역을 포함한 박물관, 공원 등의 관광지, 기차역(미디역, 북역, 중앙역), 버스터미널, 브뤼셀 공항 및 쇼핑가인 루이즈(Louise) 거리에서 날치기 및 소매치기 사고가 자주 발생합니다. 쇼핑센터, 식당, 호텔로비 및 열차 안에서도 항상 소지품 도난에 주의를 기울여야 합니다.
* 특히, TGV, Eurostar 운행지인 미디역(Gare de Midi)과 Euroline 버스터미널이 위치한 북역(Gare du Nord)은 도난사고 다발지역이므로 각별한 주의 필요
ㅇ 브뤼셀에서 1~2시간 거리에 위치한 브뤼헤(Brugge), 겐트(Gent), 안트워프(Antwerp) 등의 관광명소, 시내 및 기차역 등지에서도 소지품 관리에 유의하여야 합니다.
ㅇ 유럽 지하디스트들의 온상지로 알려진 Molenbeek 지역은 가급적 방문을 자제하고, 우범지대인 브뤼셀 북역 인근지역은 특히 야간에 신변안전에 각별한 주의가 필요 합니다.
주요 피해 사례 ㅇ&nbsp;호텔에서 체크인/체크아웃 하는 도중에 가방을 날치기 당함.
ㅇ&nbsp;버스터미널에서 버스를 기다리고 있는 중에, 기차역에서 표를 구입하는 중에, 택시 정류장에서 가방을 잠시 땅에 내려둔 사이 가방을 날치기 당함.&nbsp;
ㅇ&nbsp;관광중심지 그랑플라스(Grand Place) 방문 직후, 소지했던 가방이 열려 있고 그 안에 넣어 둔 돈을 소매치기 당한 사실 인지.
ㅇ&nbsp;기차내 선반 위에 가방을 두었다가 화장실을 다녀온 사이, 그리고 누군가 창문을 두드려서 창 밖을 잠시 본 사이에 선반 위나 좌석에 놓아 둔 가방이나 소지품 등을 도난 당함.
ㅇ&nbsp;호텔에서 식사 중에 벗어 둔 양복 속의 지갑이나, 옆에 둔 가방을 소매치기 또는 날치기 당함.&nbsp;
□&nbsp;예방 안내&nbsp;
ㅇ&nbsp;통상 2~3명이 한 조가 되어 공항이나 기차역 및 지하철 역에서 여행객의 주의력을 분산시킨 후 날치기를 시도하는바, 낯선 사람이 주변에서 이상한 행동을 하거나 접근해 오면 소지품 관리에 각별 유의
ㅇ&nbsp;길 또는 행선지 등을 묻거나, 옷에 이물질을 묻힌 후 털어주는 척하거나, 또는 주변에 동전을 떨어뜨릴 때 등 주의&nbsp;
ㅇ&nbsp;지하철(Metro) 또는 경전철(Tram)이 역에 정차할 때 순식 간에 여행가방 또는 휴대폰을 낚아 채어 도주하는 사례도 많은 바 늘 주변 경각심 유지&nbsp;
ㅇ 누군가 기차 창문 밖에서 창을 두드리며 시선을 끌 때나, 기차 좌석번호를 확인한다고 할 때에도 선반 위나 좌석의 가방 등 소지품 관리 철저
ㅇ&nbsp;호텔에서 체크인/체크아웃 할 때, 식당에서 식사 중에도 소지품에서 항상 챙기는 등 &nbsp;경각심 유지"
벨라루스,Belarus,BY,유럽,2025-05-21,"★ 현재 우크라이나 전쟁으로 인해 벨라루스 내 우크라이나 접경지역에 여행경보 4단계(흑색경보, 여행금지, 방문시 처벌), 이외 전지역에 여행경보 3단계(적색경보, 출국권고)가 발령되어 있습니다. 불요불급한 용무가 아닌 단순 여행은 자제해 주시기를 권고드리며, 불요불급한 용무로 방문할 경우 대사관 대표메일( belemb@mofa.go.kr )로 비상연락망 정보(성명, 생년월일, 전화번호, 출국예정일)를 보내주시면 감사하겠습니다.
사건ㆍ사고 현황
ㅇ (2008.7월) 벨라루스 독립기념일을 기념하는 갈라콘서트장에서 신원미상자가 설치한 폭탄이 폭발하여 약 50여 명이 부상했습니다.
ㅇ (2009.10월) 민스크 시내(Yakuba Kolasa 거리 부근)에서 현지인이 투르크메니스탄 유학생을 공기총으로 위협하며 금품을 갈취하려다 경찰에게 연행된 사건이 있었습니다.
ㅇ (2010.4월) 악짜브리스까야(Oktyabriskaya) 지하철역에서 일어난 폭탄 테러 사건으로 인명피해가 다수 발생했습니다.
ㅇ (2020년) 부정대선 규탄 대규모 시위가 수차례 발생하였으며, 정부의 강경 진압으로 국제적인 제재가 부과되고 있습니다.
ㅇ (2022.2월~현재) 우크라이나 전쟁에 대한 벨라루스의 러시아 지원으로 국제적인 제재가 부과되고 있으며 우리 정부도 동참 중입니다.
사건ㆍ사고의 유형
ㅇ 외국인에 대한 테러·인질사건 발생 사례가 거의 없으며, 극우 민족주의 성향 세력에 대한 강한 통제 정책으로 유색인에 대한 폭력사례는 거의 발생하지 않습니다.
- 단, 자동차 안에 귀중품을 둔 채 자리를 비울 시 차 유리를 부수고 물건을 훔쳐가는 사건이 발생할 수 있으니 유의하시길 바랍니다.
ㅇ 대중교통 및 시장 등의 사람들이 많이 모이는 번잡한 곳에서는 소매치기에 주의할 필요가 있으며, 인적이 드문 외진 곳으로 혼자 통행할 경우 각별히 주의해야 합니다.
자연재해
ㅇ 1986년 우크라이나 체르노빌 원전 폭발 사고 시 가장 많은 피해를 입은 국가로서 원전 피해 지역(특히 고멜 주)에서 생산되는 농산물 등의 섭취는 주의할 필요가 있습니다.
ㅇ 여름철 집중호우가 내리는 경우 배수시설이 좋지 않아 대로가 침수 되는 일이 자주 발생합니다.
-->
유의해야할 지역
ㅇ 1986년 우크라이나 체르노빌 원전 폭발 사고 시 가장 많은 피해를 입은 국가로서, 원전 피해 지역(특히 고멜 주)에서 생산되는 농산물 등의 섭취는 주의할 필요가 있습니다."
벨리즈,Belize,BZ,미주,2022-08-02,"유의해야할 지역
ㅇ 갱단들이 주로 활동하는「Belize City」남쪽은 정부로부터 “범죄 다발지역(”crime ridden“)으로 선포되어 집중 관리되고 있는 지역이니, 가급적 방문을 삼가는 것이 좋습니다.
- Queen Street, George Street, Kraal Road는 특히 위험한 지역이니 낮에도 출입을 삼가야 합니다.
ㅇ 벨리즈-과테말라 국경지역인 “Caracol”주변에 종종 무장강도가 출현하고 있습니다. 이 지역의 마야유적지 관광을 희망한다면 반드시 관광가이드와 함께 그룹으로 다닐 것을 권장합니다.
사건ㆍ사고의 유형
ㅇ 2013년도부터 관광객을 대상으로 하는 무장강도, 소매치기, 성폭행 등의 범죄가 증가하고 있습니다. 또한, 살인사건 등의 강력범죄도 지속적으로 발생하고 있으니 주의가 필요합니다.
- 최근 혼자 다니는 여성 여행자를 대상으로 성폭행 사건이 다수 발생하였으며, 유엔발표에 따르면, 벨리즈에 2,200~7,700명의 에이즈 환자가 있는 것으로 추정되고 있습니다.
ㅇ 마야유적지 등 인기 관광지에는 경찰들이 배치되어 있어 범죄율이 낮은 편이지만, 관광객은 항상 범죄의 대상이 될 수 있으니 주의해야 합니다. 보통 범죄자들은 혼자 다니는 사람을 대상으로 강도를 저지르는 경우가 많으며, 대부분의 강도들은 금품을 갈취한 후 위해를 가하지 않지만 저항한다면 공격하는 경우도 있습니다.
자연재해
ㅇ 벨리즈는 7~11월에 허리케인이 자주 발생하는 지역입니다. 이 시기에 여행하시는 분은 항상 일기예보를 주의 깊게 듣고, 안내에 따라 행동해야 합니다.
- 1955년 허리케인이 벨리즈 북부를 강타, 천명 이상의 사망자가 발생하였고, 1961년 당시 수도였던 벨리즈 시티가 허리케인과 해일로 황폐화된 후, 수해의 걱정이 없는 벨모판으로 수도를 이전하였습니다.
ㅇ 벨리즈의 섬들은 허리케인이나 열대성 폭우에 매우 취약하며, 통신 두절, 수상택시 또는 페리 운항 중단, 홍수 등이 발생될 수 있습니다.
※ 허리케인 정보는 아래 사이트에서 실시간으로 알 수 있습니다.
- http://www.guidetobelize.info/en_weather.html
- http://www.cpc.ncep.noaa.gov
생활안전 유의사항
ㅇ 외출시
- 가급적 혼자 다니지 말고 동료와 동행할 것.
- 옷차림을 간소하게 하고, 과다한 장신구 착용을 삼갈 것
- 밤늦은 시간에는 외출 및 인적이 드문 해변에 나가는 것은 삼갈 것
- 소지품은 빼앗겨도 괜찮을 정도만 가지고 다닐 것
- 현찰은 여러 주머니에 나누어서 넣을 것
- 인적이 드문 지름길은 피할 것
- 도시 외곽에 위치한 마야유적지는 유명 관광회사를 통한 단체관광을 권장함
ㅇ 모르는 사람 접촉시
- 가급적 현지인들과의 시비에 휘말리지 말고 현장을 피할 것
- 모르는 사람이 권하는 음료수, 주류 등은 마시지 말 것. 약을 타서 정신을 잃게 한 후, 납치, 강도, 강간 등의 범죄를 저지를 수 있음
ㅇ 교통
- 버스는 차량 정비가 잘 되어 있지 않은 경우가 많아 위험하니 가급적 택시 이용
- 택시는 반드시 녹색번호판을 단 차량을 이용해야 하며 합승하지 말 것
- 자가 운전시 도로사정이 열악하여 교통사고의 위험성이 높으므로 야간에는 운전을 삼가고, 도로가 건기에는 먼지로, 우기에는 진흙탕으로 변하니 주의할 것
ㅇ 야외활동
- 스쿠버 다이빙 샵의 대여 장비가 적절히 관리되지 않는 경우가 많으므로 철저히 확인할 것
- 사전에 수상스포츠 코치, 가이드, 보트운전자의 자격증 소지 여부를 확인 할 것"
보스니아헤르체고비나,Bosnia-Herzegovina,BA,유럽,2022-11-29,"사건ㆍ사고의 유형
□ 정정 상황 (전쟁, 내란, 테러 등)
ㅇ 보스니아는 90년 탈냉전이후 문화적, 종교적 차이로 인한 민족갈등이 폭발하여 회교도, 세르비아인, 크로아티아인간 내전이 치열하였으나 미국을 비롯한 국제사회의 개입으로 안정을 되찾았고 치안상황이 점차 나아지고 있습니다.
ㅇ 하지만 아직 각기 다른 종교를 배경으로 정당간의 갈등의 골이 깊은 관계로 정치적 상황은 여전히 복잡한 상태라 할 수 있으며, 보스니아는 다문화와 다종교의 사회이기에 현지인들과의 대화시 어느 한 종교만을 두둔하는 대화는 자제할 필요가 있습니다. 수년 전 축구경기장에서 축구 팬들 간의 인종갈등 폭력 사태가 발생했던 것이 보스니아 사회의 한 단면을 보여주는 좋은 예가 됩니다.
□ 치안상황 (일반범죄 등)
ㅇ 보스니아는 치안상황이 점점 나아지고 있지만 사라예보, 야이체, 모스타르 등 주요 관광지에서는 소매치기를 주의해야 합니다. 또한 최근 자동차 절도 사건이 증가하고 있으므로 각별한 주의가 요망됩니다.
ㅇ 특히 내전후 경제적 상황이 악화되어 젊은이들이 점점 마약남용이나 범행을 저지르는 경향이 있습니다. 시내외곽 지역 야간통행은 자제할 필요가 있으며, 시내라고 해도 야간통행시 홀로 다니는 것은 삼가는 것이 좋습니다.
□ 빈번한 사건·사고 유형 및 대처요령
ㅇ 보스니아 여행자들이 주의해야 할 안전수칙은 다음과 같습니다.
가. 소매치기
ㅇ 보스니아내 많은 관광지에서 소매치기 피해가 가끔 발생하고 있습니다.
[대책]
ㅇ 모르는 사람이 친절하게 접근해 오면 경계심을 갖고 대응하며 특히 자신의 휴대품에 주의해야 합니다.
ㅇ 현금은 가능한 한 의복의 내부 주머니의 넣어두고 지갑도 분산하여 휴대하는 것이 좋습니다.
ㅇ 혼잡한 곳이나 대중교통을 이용할 때에는 가능한 한 가방을 옆이나 뒤로 매지 말고 앞으로 매시기 바랍니다.
ㅇ 레스토랑에서 식사하는 도중 이석할 때는 가방을 의자 등에 놓아두지 말고, 반드시 시선이 닿는 곳에 놓아두시기 바랍니다.
ㅇ 공항이나 호텔에서도 가방 등 휴대물품을 잠시 놓아두고 이석한 사이에 날치기 당하는 사례가 많습니다. 잠시라도 휴대품을 방치하지 마시기 바랍니다.
나. 자동차 절도
ㅇ 보스니아에서는 자동차 절도 사건이 빈번히 발생하고 있습니다.
[대책]
ㅇ 차문을 잠그고 창문은 끝까지 올리시기 바랍니다.
ㅇ 차에 장착된 오디오를 빼가는 경우가 있으니 차량을 오랜 시간 비울 때는 오디오를 빼서 별도로 보관하시는 것이 좋습니다.
ㅇ 귀중품은 트렁크에 보관하시고 자동차 안에 눈에 띄는 곳에 물건을 두지 마시기 바랍니다.
ㅇ 차량에서 잠시 떠날 때에도 항상 시동을 끄시기 바랍니다.
ㅇ 차량등록증 등 자동차관련 서류를 차안에 두지 마시기 바랍니다.
ㅇ 어둡고 후미진 곳에 주차하지 마시기 바랍니다.
ㅇ 주차장에서 항상 주위를 살피기 바랍니다.
자연재해
ㅇ 보스니아헤르체고비나 전체가 강한 지진대에 속합니다.
- 최근 지진으로 인한 피해발생 사례는 없으므로 여행시 큰 걱정을 하실 필요는 없습니다.
ㅇ 겨울철 보스니아헤르체고비나에는 눈이 많이 내려 교통이 통제되는 경우가 잦고, 사라예보의 경우 가파른 비탈길이 많으니 가급적 직접 차량을 운행하는 것은 자제하는 것이 좋습니다.
유의해야할 지역
ㅇ 사라예보의 중심가는 비교적 안전하지만 교통사고의 발생은 종종 있습니다. 지뢰사고의 위험이 있으니 산간지역, 비포장도로, 부서진 집 주위, 외진 곳에 대한 출입을 피하고, 차나 사람이 많이 다니는 포장된 도로를 이용하는 것이 안전합니다.
ㅇ 사라예보 중심지에 위치한 회교사원, 세르비아 정교회 등 사라예보 관광지 주변에서는 소매치기를 주의하시고 항상 소지품에 신경을 쓰시기 바랍니다."
보츠와나,Botswana,BW,아프리카,2024-02-23,"사건ㆍ사고의 유형
ㅇ 치안은 대체로 안정되어 있으나 주차된 차량 창문을 깨고 가방등을 절취하는 사례가 빈발하고 있으니, 귀중품은 소지하고 가방은 외부에서 보이지 않는 트렁크에 보관
ㅇ 보츠와나 북부 마운에서 호텔주변을 산책하던 여행객이 강도를 당한사례가 있고, 가보로네에서 야간에 도로를 걸어가던 한국인이 강도를 당하는 등 야간도보이동은 매우 위험하니 주의
자연재해
ㅇ 태풍 등 자연재해는 거의 없으나 초원에서 대형 산불이 나는 경우가 종종 있으므로 유의하여야 합니다.
유의해야 할 지역
ㅇ 수도인 Gaborone의 빈민지역인 Oldnaleri 지역은 여행 시 주의가 필요 하나 그 외 지역은 여행하는데 큰 어려움은 없습니다."
볼리비아,Bolivia,BO,미주,2025-06-30,"사건ㆍ사고의 유형
[버스터미널 직원 사칭]
ㅇ 최근 버스터미널 내에서 버스회사 직원을 사칭하여 짐을 실어주는 척 혹은, 짐을 수하물로 부쳐야 한다고 유도한 후, 방심한 사이 캐리어를 가지고 달아난 사례가 발생한바, 정당한 이유 없이 수하물 적재 거부는 없음을 상기하시고, 짐을 수하물로 부치도록 유도할 경우, 직접 카운터로 가셔서 확인하시기 바랍니다.
[택시강도 사건 빈발]
ㅇ 4-5인조 택시강도 사건이 빈발하고 있으니 유의하시기 바랍니다.(택시 합승 절대 금지)
- 20~30대 여인 혹은 50대 아줌마(주로 여성)가 배낭 여행객에게 접근하여 한국 친구라며 사진을 보여주거나 한국 친구가 있다고 경계심을 누그러뜨린 뒤, 목적지까지 합승할 것을 권유하여 미리 기다리고 있던 택시에 탑승하면(택시기사와 사전 계획한 범죄) 잠시 뒤 경찰 복장을 한 일당이 여권, 마약 검사 등을 이유로 검문을 요구하고 배낭, 개인 물품, 금품 등을 강탈한 뒤 인적이 드문 도로가에 하차시키고 도망가는 수법
※ 아무런 이유 없이 제삼자가 호의로 제공하는 교통수단 대신 자신이 선택한 교통수단만을 이용하고, 대중교통 이용 시에는 차량 번호와 특징을 메모할 것을 권고합니다.
ㅇ 예방법으로는 터미널에서 택시에 승차시 Pasajeros Seguros(승객 안전), Transporte Seguro(안전교통수단) 스티커가 부착된 터미널 등록 택시를 이용하거나 일반 택시 이용 시 되도록 RADIO TAXI 로고가 붙어있는 택시를 이용하고 길거리에서 검문을 요구할 시 응하지 말고 주변에 사람들이 많은 곳으로 즉시 이동하시기 바랍니다.
[불법택시를 이용한 강도]
ㅇ 주재국 도심부 이동 시 RADIO TAXI라는 로고가 차 지붕에 있는 회사에 소속된 비교적 안전한 택시가 있으니 RADIO TAXI 로고가 없는 불법택시는 이용하지 마시기 바랍니다.
[경찰 사칭 범죄]
ㅇ 도심부 광장이나, 붐비는 곳에서 경찰 제복을 착용 한 후 경찰을 사칭하거나, 사복경찰임을 밝히고 길거리에서 검문을 요구하며 물건을 확인해야 한다며 차로 이동하여 강도가 발생한 경우가 있으니, 사복경찰이나, 경찰이라며 길거리 검문을 요구할 시 응하지 마시고 주변 사람들이 많은 곳으로 즉시 이동하시거나 주변의 경찰 초소를 찾으시기 바랍니다.
-->
[연락 두절(우유니 소금사막 여행 시)]
ㅇ 우유니 소금사막의 경우 통신 사정이 열악하여 WI-FI 서비스가 불가한 지역이므로 투어 계획 시에는 미리 한국에 지인들에게 투어 기간 동안 연락이 어려울 것이라는 정보를 미리 알려주시기 바랍니다.
[융가스 죽음의 도로 추락 사고]
ㅇ 융가스 도로는 1932-37년 파라과이 전쟁 포로들에 의해 건설된 비포장도로입니다. 최근 들어 죽음의 도로 자전거 하이킹을 위해 볼리비아를 방문하는 사례가 늘고 있으며 또한 추락 사고도 빈번하게 발생하고 있습니다. 자전거 하이킹 업체 대부분이 보험에도 가입되어 있지 않아 사고·추락시 부상에 따른 보상을 받을 수 없으며, 추락할 경우 사체 수습이 어려운 만큼 우리 국민 분들께서는 되도록이면 동 죽음의 도로 방문을 자제하여 주시기 바랍니다.
[입국 도장]
ㅇ 페루 푸노 지역의 경우 출입국 관리사무소 직원의 숫자가 적어서 간혹 출입국 심사를 거치지 않고 입국이 가능한 경우가 있습니다. 하지만 그런 상황이 발생하더라도 꼭 입국 도장을 받아오시기 바랍니다.
* 향후 출국 시 이유 불문하고 입국 도장이 없는 경우 벌금을 지불하셔야 합니다.
ㅇ 출입국시 모두 입국 신고서, 세관신고서, 외화 신고서를 작성하여야 합니다.
- 모든 여행객은 수하물을 회수한 후 세관을 통과하여야 하며, 세관 통과시 버튼 색(녹색:무사통과, 적색:검사)에 따라 세관 검사를 하게 됨. 따라서 문제가 될 물품은 자진 신고하는 것이 필요함
- 외화신고는 반입하는 외화의 액수에 관계없이 모두 신고를 하여야 함
ㅇ 최근 볼리비아 출입국 당국은 동양인의 입국 시 귀국 항공권 소지 여부를 입국 심사시 확인하고, 미 소지시 입국 거부를 하는 사례가 있는 만큼 귀국 항공편을 확인하여 주시기 바랍니다.
[티티카카 호수 방문]
ㅇ 티티카카 호수를 방문하시는 경우 배를 타시게 되는데, 차량을 이동시키는 바지선과 여객선이 있습니다.
귀찮으시더라도 하차하시어 여객선을 이용하시기 바랍니다. 버스에 탑승한 채 바지선에 올랐다가 바지선이 침몰하여 버스 안 탑승객 대부분이 사망하는 사건이 발생한바 있습니다.
ㅇ 2018년 티티카카 호수의 태양의 섬에서 한국인 여행객이 피살된 채 발견된바, 동 지역은 현재 원주민 부족 간의 잉카유적 소유권 및 영토를 놓고 분쟁이 다분히 발생하고 있는바, 여행객에게 위험요소가 다분하오니 이를 주지하셔서 여행을 자제하시기 바랍니다.
- 현재, 태양의 섬 원주민들은 외국인, 특히 동양인에게 호의적이지 않은 분위기임
[볼리비아 방문 시에는 운동화 착용]
ㅇ 볼리비아는 인도·도로 사정이 열악하여 운동화 미착용시 발목에 무리가 갈 수 있습니다.
- 특히나 달의 계곡 방문 시 슬리퍼를 착용하는 경우가 있는데, 달의 계곡은 방문객이 많이 적은 관계로 계곡 사이에 추락하였을 경우 장기 실종사건이 될 수 있습니다.
[여권 분실]
ㅇ 여행 중에 여권을 분실하는 경우가 빈번합니다. 분실한 여권은 범죄에 악용될 소지가 높으므로 특히 관리에 주의합니다.
- 여권이나 신분증, 신용카드 등은 돈지갑과 다른 주머니에 휴대하시기 바랍니다.
- 여권이나 신분증은 사본을 휴대하는 것이 좋습니다. 여권 복사본과 사진은 여권과는 별도로 휴대합니다.
- 신용카드 번호와 여행자수표 일련번호를 기재해 두고 분실할 경우를 대비하여 긴급 연락처를 적어둡니다.
[번개 납치]
ㅇ 총기, 칼 등을 소지하거나 현지 경찰을 가장한 강도가 피해자를 단시간 납치하여, 현금, 휴대폰 등을 빼앗거나 피해자를 위협하여 현금인출기(ATM)에서 현금을 찾도록 하고 피해자를 교통수단이 연결이 되지 않는 곳이나 인적이 드문 곳에 내려놓고 도주하는 납치 사건(통칭“번개 납치”)이 자주 발생합니다.
- 주차시 인적이 드문 어두운 장소를 피하고, 부근에 수상한 사람이 없는지 확인하셔야 합니다.
- 차에서 내릴 때, 차 시동을 끄기 전에 반드시 주변을 잘 살펴보아야 합니다.
- 차에 시동을 걸면 가급적 빨리 발차하고, 정차한 채로 카 라디오 등을 조작하지 말아야 합니다.
- 조명이 없는 어두운 곳은 가급적 걷지 마시기 바랍니다.
- 보석, 현금, 신용카드를 불필요하게 다른 사람에게 보이거나 차량 안에 귀중품을 두지 마시기 바랍니다.
- 현금은 낮에 인출하고, 밤에는 현금 자동인출기(ATM) 사용을 삼가야 합니다.
- 은행에서 나올 때 미행자가 없는지 확인하여야 하고, 미행자가 있다고 생각되면 가까운 가게, 신문 판매소 또는 사람 통행이 많은 장소로 이동하고, 경찰(110번)에 전화하시기 바랍니다.
- 신호등에 정차시, 차는 중앙차선에 정차토록 하고, 인도 옆 차선 정차는 가급적 피합니다.
- 휴대전화 사용에 열중하지 말고, 아울러 길을 묻는 낯선 사람을 주의하시기 바랍니다.
- 가족에게 낯선 사람에게 하루 일과를 말하지 않도록 주의시키기 바랍니다.
- 모르는 사람을 차에 태우지 마시기 바랍니다.
- 피해를 당한 경우, 저항하지 말고 범인과 교섭하거나 피해자 측에서 범인과 통화하지 말고 조속히 경찰에 알리시기 바랍니다.
□ 기타 사건ㆍ사고
[마약]
ㅇ 2010년 볼리비아에 체류하는 우리 국민이 금전적 대가를 미끼로 접근한 외국인의 부탁으로 타인의 짐을 유럽으로 운반하던 중 마약 운반에 연루되어 네덜란드에서 구속되는 일이 발생한 바 있습니다.
ㅇ 자신도 모르는 사이에 ‘마약 운반’에 관여되는 일이 없도록 하기 사항을 유의하시기 바랍니다.
- 본인의 가방 및 물건은 본인이 직접 포장하기 바랍니다.
- 모르는 사람으로부터 가방이나 물건을 운반해 달라는 부탁을 받으면 거절해야 합니다. 또한, 아는 사람의 부탁이라도 본인이 포장하지 않은 물건은 운반하지 마시기 바랍니다.
- 공항 등에서 물건을 잠시 맡아달다고 하더라도 절대 거절하기 바랍니다.
자연재해
ㅇ 볼리비아는 기본적인 배수시설이 제대로 구축되어 있지 않아 우기인 11월~3월 간 폭우로 매년 홍수, 산사태 등의 자연재해가 반복하여 수십만 가정이 피해를 입고 있습니다. 특히, 폭우가 쏟아지는 시기에는 주요 도로가 무너져 내리거나 범람하여 도시 간 이동에 많은 차질을 주고 있는 바, 동 시기에 볼리비아를 여행하시는 분들께서는 이점 유의하여야 합니다.
ㅇ 또한, 미국 지질연구소의 자료에 의하면 볼리비아는 지진 위험이 매우 높은 지역에 위치해 있으며 최근 100년간 대지진의 피해를 입지 않아 향후 대지진 피해의 가능성이 많은 지역 중의 하나이고, 볼리비아의 주택은 철골 구조가 아닌 건물이 많아 지진 발생 시 대규모의 피해가 예상되는 만큼 호텔 선정 시 이점 유의하셔서 지진의 충격을 견딜 수 있는 숙박시설에 투숙하는 것이 바람직합니다.
유의해야 할 지역
ㅇ 볼리비아 지방의 산속이나 인디언 마을 등에는 국가의 공권력이 제대로 미치지 않는 곳이 많으므로 이러한 곳을 여행할 때는 각별히 신변안전에 유의하시기 바랍니다.
- 최근에는 국가 공권력이 미치지 않는 벽지에서 주민들에 의한 린치가 빈발하고 있으니 상기 지역을 여행하실 경우에는 이를 주의하셔야 합니다.
ㅇ 볼리비아 경찰청 발표 위험지역
- 라빠스시 위험지역 : 뻬레스 벨라스꼬(Perez Velasco), 산 프란시스꼬(San Francisco), 후아리스띠 에기노(Juaristi Eguino 광장), 망꼬 까빡(Manco Kapac), 막스 빠레데스 (Max Paredes), 무리요(Murillo 거리), 피게로아(Figueroa), 엘로이 살몬(Eloy Salmon), 우유스트 (Huyustus)등
- 엘알또시 위험지역 : 도세 데 옥뚜브레(12 de Octubre), 비야 돌로레스(Villa Dolores), 비야 떼하다(Villa Tejada), 디에시세이스 데 훌리오(16 de Julio지역 광장), 호세 바이비안(Jose Ballivian 대로), 비야 뚜나리(Villa Tunari), 리오 세꼬 (Rio Seco), 각 광장 등
- 산타크루스시 위험지역 : 도블레 비아 라 구아르디아(Dobe Via La Guardia), 도스 데 아고스또(2 de Agosto 대로), 라 꾸치야(La Cuchilla), 꾸아뜨로 데 노비엠브레(4 de Noviembre), 꾸아뜨로 로떼스(Cuatro Lotes), 쁠란 뜨레스 밀 이 쁘리메로 데 마요(Plan Tres Mil y Primero de Mayo), 에끼뻬뜨롤(Equipetrol), 우르바리(Urbari) 등
- 코차밤바시 위험지역 : 라 꼬로니야(La Coronilla), 끄리스토 데 라 콘코르디아(Cristo de la Concordia 주변), 시끌로비아(Ciclovia 주변), 소나 수르 (Zona Sur), 은행ㆍ쇼핑 센터ㆍ유흥 장소가 위치한 지역 주변
ㅇ 상기 주요 도시별 위험지역 외에도 관광명소, 은행 및 환전소 등 주변에서는 금품갈취 범죄가 빈발하는 만큼, ▲택시 합승 절대 금지, ▲고액 현금이나 물건 휴대 자제, ▲동반자 없는 개인적인 방문 자제, ▲야간이나 인적이 드문 시간대 방문을 자제하는 등의 일반적인 범죄 예방수칙을 준수하셔야 합니다.
- 특히, 라파스 외곽과 위성도시인 엘알또 지역에서는 야간에 미니버스나 노선 택시 등 대중교통 이용객들을 상대로 한 강도 조직(cogotero)들의 강도 살인행위가 빈발하고 있는 만큼 야간이나 인적이 드문 장소에서의 대중교통 이용은 절대적으로 자제하여 주시기 바랍니다."
부룬디,Burundi,BI,아프리카,2025-05-21,"사건ㆍ사고의 유형
ㅇ 버스 안, 길거리 소매치기
ㅇ 주차 차량의 창문을 깨고 절도
ㅇ 야간 주거침입 강도
ㅇ 택시 강도
유의해야 할 지역
ㅇ 수도 부줌부라에는 절도, 총기 강도 등 각종 강력범죄 발생이 잦으므로 항상 안전에 유의하여야 합니다.
ㅇ 부줌부라 외곽 지역(특히, 부줌부라인근, Bubanza, Citibitoke 등)은 반군들이 여전히 활동하고 있기 때문에 이들 지역으로의 여행은 가급적 삼가주시기 바랍니다.
ㅇ 버스 이용시에는 소매치기, 교통사고를 조심하여야 하며, 택시는 영업허가를 받은 정식 택시를 이용하여야 택시강도 피해 위험이 적습니다."
부르키나파소,Burkina Faso,BF,아프리카,2022-08-02,"사건ㆍ사고 현황
□ 정세 일반
ㅇ 과거 20년 이상 집권해온 콩파오레 대통령이 물러나고 카보레 대통령이 집권, 동 대통령은 2020.12월재선에 성공
- 2015년 이래 지속적으로 테러가 발생중인 상황을 감안, 카보레 대통령은“국가화해, 사회통합”을 최우선 국정과제로 제시하며, 국가의 안전과 발전 도모중
□ 테러
ㅇ 수도 와가두구를 포함한 전역에서 테러 발생 가능성 다대
ㅇ 말리, 니제르 및 코트디부아르 접경 지역에서 경찰, 군인 및 민간인에 대한 공격 지속 발생중
- 2021.2.18. 니제르와의 국경지역에서 극단적 폭력주의 테러단체가 민간차량을 습격, 17명의 사상자 발생
- 2020.11.11. 말리와의 접경지역에서 무장단체의 공격으로 부르키나파소군 22명 사상자 발생
[납치]
ㅇ 부르키나파소를 포함한 사헬 지역 내 납치 위협 상존
- 2019년 1월 캐나다 시민(금광 프로젝트 회사 소속 근무자)이 동부 지역의 Gayeri 근처에서 납치되었으며 2일 후 니제르 국경 근처에서 사망 한 채로 발견
ㅇ 관광, 인도주의적 구호 활동, 언론 또는 사업 분야에 종사하는 사람들은 폭력적 극단주의 단체의 납치 표적이 될 가능성이 높으므로, 신변안전에 각별히 유의 필요
- 2021.1.19. 가톨릭 신부 납치 후 1.21 시신 발견
- 2020.8.11. 이슬람 원로지도자 납치, 8.15 시신 발견
- 2019.3.17 카톨릭 신부 납치 후 3.23 시신 발견
- 2018.12.15 캐나다 여성 및 이탈리아 남성 커플, 차량으로 남서부 부르키나파소 지역을 여행하며 자원봉사활동차 토고로 이동중 납치, 2020.3월 캐나다로 귀환
[범죄]
ㅇ 주요도시에서는 노상 범죄가 빈번하게 발생하며, 외국인이 범죄 표적이 될 가능성이 높은 바, 야간 및 좁은 골목기, 조명이 약한 거리의 단독 통행은 삼가고 항상 주의를 경계하는 것이 필요
- 무장 단체가 주요 도로에서 대중교통인 버스나 오토바이 운전자를 공격 및 강탈
- 특히 야간에는 노상 강도에 의한 강도 피해가 빈번
ㅇ 범죄자들은 많은 사람이 모이는 시장 등지에서 주로 휴대전화, 귀중품, 노트북, 현금 등을 목표로 외국 방문객에 대한 강도 범죄를 저지르는 바, 공공 장소에서는 귀중품 소지를 자제하는 등 유의 필요
[사기]
ㅇ 거액의 자금을 해외로 반출하는 데 도움을 주면 일정 비율을 분배해주겠다는 제의나, 금, 다이아몬드를 값싼 가격으로 살 수 있다는 등의 제의와 같이 상식선에서 보았을 때 과도한 이익을 보장하는 제안이나 거래는 일단 의심을 가지고 신중하게 판단 필요"
부탄,Bhutan,BT,아주,2024-06-28,"사건ㆍ사고의 유형
□ 테러, 인질 등에 대한 상황 및 정세
ㅇ 인도 동북부에 위치한 부탄은 남부지방의 네팔계 부탄인들의 반정부운동등이 사회불안요인으로 작용하나, 전반적으로 전쟁, 테러, 내란 등의 위협은 적은 편입니다.
ㅇ 2013년 7월, 부탄-인도 국경지대에서 인도 아삼지역의 최대 종족집단 ""민족민주전선(The National Democratic Front of Bodoland,NDFB)""의 IK Songbijit파와 부탄군대(the Royal Bhutan Army, RBA)간의 무장세력충돌이 있었습니다.
□ 일반 범죄 등
ㅇ 히말라야 내륙에 위치함에 따라 외부와의 접촉이 적고 아직 전통적 생활 방식을 유지하고 있어 비교적 범죄발생률은 높지 않으나, 소매치기 등 사소한 범죄는 발생하므로 소지품 관리에 신경 써야 합니다.
ㅇ 낮은 범죄발생률에도 불구하고 부탄 내 성범죄 발생률이 2008년 23건, 2011년 51건, 2012년 50건으로 늘어나는 등 증가하고있는 추세이므로 야간이동시 주의가 필요합니다.
※ 최근 들어 청소년 범죄가 늘고 있는 추세이므로 야간에 청소년들이 몰려 있는 곳에서는 주의가 필요합니다.
유의해야 할 지역
ㅇ 중부나 동부쪽은 치안상 큰 문제가 없으나, 남부 국경근처에는 소매치기가 이따금 발생하므로 주의를 요합니다."
북마케도니아,North Macedonia,MK,유럽,2023-11-24,"사건ㆍ사고의 유형
ㅇ 간혹 스코페 시내에서 시위가 발생하며, 대부분 평화적으로 진행되지만, 시위지역은 가급적 피하는 것이 바람직함
ㅇ 스코페 도심에서는 소매치기가 종종 있으며, 아이들이 돈을 구걸하는 척 하면서 지갑 등을 훔치는 경우도 많으므로, 특히 대중이 밀집한 도심에서 소지품 관리에 유의해야 함
자연재해
ㅇ 1960년대 북마케도니아 수도 스코페에 대지진이 있었으며 최근에도 약성 지진이 간헐적으로 일어나고 있으므로 유의 필요"
불가리아,Bulgaria,BG,유럽,2023-11-24,"사건ㆍ사고 현황
ㅇ 불가리아는 기본적으로 치안이 안정되어 있습니다. 다만, 간혹 소매치기 등으로 인해 지갑, 여권을 분실하는 사례는 접수되고 있습니다.
사건ㆍ사고의 유형
[소매치기]
ㅇ 버스, 전차, 지하철 안에서 소매치기가 발생하고 있습니다. 이들은 3~6명 그룹을 지어 차에 타서, 외국인 등에게 필요 이상으로 신체접촉을 가하여 주의를 분산시킵니다. 가급적 택시 이용이 바람직하며, 버스, 전차 등 이용 시 집시들 접근을 경계하고, 몸을 밀착할 경우 피해야 합니다.
ㅇ 또한 관광 명소 및 시내중심 쇼핑가에서 물건을 구경하고 있는 동안 소매치기를 당하는 경우가 있습니다. 특히 시내 한복판 외국관광객 대상 상가나 노상(벼룩시장)을 구경할 때에는 주의를 요합니다.
[절도]
ㅇ 숙소에서는 객실에 보관 중인 중요 물품이 도난당하는 사례도 가끔 발생하므로 추가로 락을 걸어두는 등 주의를 요합니다.
[도로교통]
ㅇ 횡단보도 도보 통과 시, 파란 신호등이 켜졌을지라도 좌측 차량과 전면 차량의 진입이 동시에 허용되므로 횡단 시 차량통행 여부를 주시하면서 횡단하는 것이 필요합니다.
[음용수 마시는물]
ㅇ 불가리아는 수질이 아주 좋은 편이나 대부분의 수도관이 부식되어 호텔 등에서 수돗물을 음용 시 위생에 문제가 있으니, 생수를 사용할 것을 권합니다.
유의해야 할 지역
ㅇ 흑해연안에 위치한 Sunny Beach는 외국인 관광객 밀집지역가운데서도 특히 피서철 각종 안전사고가 빈번히 발생하는 지역입니다. 지나친 음주로 인한 낙마, 부상 등의 사고도 종종 발생하는 지역이니 노약자나 어린이들의 안전에 주의를 요합니다."
브라질,Brazil,BR,미주,2022-08-02,"사건ㆍ사고의 유형
[사례] 번개 납치
ㅇ 총기, 칼 등을 소지한 강도가 피해자를 단시간 납치하여, 현금, 핸드폰 등을 빼앗거나 피해자를 위협하여 현금인출기(ATM)에서 현금을 찾도록 하고 피해자를 교통수단이 연결이 되지 않는 곳이나 인적이 드문 곳에 내려놓고 도주하는 납치 사건(통칭“번개 납치”)이 자주 발생합니다.
[대책]
ㅇ 주차 시 인적이 드문 어두운 장소를 피하고, 부근에 수상한 사람이 없는지 확인하셔야 합니다.
ㅇ 차에서 내릴 때, 차 시동을 끄기 전에 반드시 주변을 잘 살펴보아야 합니다.
ㅇ 차에 시동을 걸면 가급적 빨리 발차하고, 정차한 채로 카 라디오 등을 조작하지 말아야 합니다.
ㅇ 조명이 없는 어두운 곳은 가급적 걷지 마시기 바랍니다.
ㅇ 보석, 현금, 신용카드를 불필요하게 다른 사람에게 보이지 마시기 바랍니다.
ㅇ 현금은 낮에 인출하고, 밤에는 현금 자동인출기(ATM) 사용을 삼가야 합니다.
- 은행에서 나올 때 미행자가 없는지 확인하여야 하고, 미행자가 있다고 생각되면 가까운 가게, 신문 판매소 또는 사람 통행이 많은 장소로 이동하고, 경찰(190번)에 신고하시기 바랍니다.
ㅇ 신호등에 정차 시, 차는 중앙차선에 정차토록 하고, 인도 옆 차선 정차는 가급적 피합니다.
ㅇ 휴대전화 사용에 열중하지 말고, 아울러 길을 묻는 낯선 사람을 주의하시기 바랍니다.
ㅇ 가족에게 낯선 사람에게 하루 일과를 말하지 않도록 주의시키기 바랍니다.
ㅇ 모르는 사람을 차에 태우는 것은 금물입니다.
ㅇ 강도 피해를 당한 경우 저항하지 말고, 범인과 교섭하거나 피해자 측에서 범인과 통화하지 말고 조속히 경찰에 알리시기 바랍니다.
[기타 사건ㆍ사고]
ㅇ 음주운전 금지
- 음주운전 금지법에 따라 단속이 심하며, 적발 시 벌금이 많고, 운전면허증을 압수당합니다.
- 적발 시 벌금 2,934.70헤알(2021년 기준)이며, 12개월 동안 운전면허증이 압수됩니다.
ㅇ 마약
- 마약조사는 브라질 연방경찰의 권한에 속하고, 형벌도 매우 엄격합니다. (마약 소지, 국외반출 등은 3-15년 금고 또는 최저임금의 50-360일분 상당의 벌금형)
- 자신도 모르는 사이에 ‘마약 운반’에 관여되는 일이 없도록 하기 사항을 유의하시기 바랍니다.
ㆍ 본인의 가방 및 물건은 본인이 직접 포장하기 바랍니다.
ㆍ 모르는 사람으로부터 가방이나 물건을 운반해 달라는 부탁을 받으면 거절해야 합니다. 또한, 아는 사람의 부탁이라도 본인이 포장하지 않은 물건은 운반하지 말기 바랍니다.
ㆍ 공항 등에서 물건을 잠시 맡아달다고 하더라도 거절하기 바랍니다.
ㅇ 총기 소지
- 총기는 군대, 경찰, 공안 직원, 경비회사 경비원 등 법률로 인정된 사람만 소지할 수 있습니다. 총기를 개인이 소지하는 경우에는 연방경찰에 등록하여야 하며, 등록하지 않고 소유하다가 적발되면 경찰에 체포됩니다.
- 또한, 총기를 소유할 수 있는 연령은 25세 이상이고, 보관 장소를 자택 내로 한정하고 있습니다.
ㅇ 도난
- 관광객 표시가 나는 물품을 휴대하지 말고, 값어치 있는 물품의 휴대를 자제하시기 바랍니다.
- 여권은 호텔 등에 보관하고 여권 복사본을 휴대하기를 권장합니다.
- 경찰에 신고하여도 물품을 회수하거나 찾는 것은 매우 어렵다는 점을 유의하여야 합니다.
- 브라질 출국 시와 도난 보험금 청구에 사용될 수 있는 경찰 신고서(Boletim de ocorrencia ; Police Report)을 경찰서(Delegacia)에서 발급받기를 권합니다.
ㅇ 휴대폰 날치기
- 도로상에서 휴대폰 통화를 하면서 걸어갈 경우 오토바이나 자전거 등을 탄 범인이 휴대폰을 날치기하는 경우가 많이 발생합니다.
- 가급적 도로를 도보로 이동할 경우 휴대폰을 사용하지 마시고 부득이하게 휴대폰을 사용해야 할 경우에는 인근 식당이나 가게 등으로 이동하여 사용하시기 바랍니다.
자연재해
ㅇ 우기에는 집중호우가 계속되면서 산사태가 나거나 가옥이 파괴되고, 도시지역에는 주요 도로가 침수되는 피해가 발생합니다. 또한, 강물 범람으로 고립되는 지역이 발생하므로, 가급적 여행을 삼가고, 운전 시 조심해야 합니다.
- 특히, 집중호우 시에는 운전을 할 수 없을 정도로 앞이 잘 보이지 않으므로 운전을 삼가시기 바랍니다.
유의해야 할 지역
ㅇ 브라질리아
- 시내 중앙 버스터미널(Rodoviaria) 부근, 사맘바이아, 빠라노아, 성 세바스찌엉, 따과찡가, 쎄이란지아, 쁠라나우찌나, 산따 마리아 등 위성도시에는 범죄 발생률이 높습니다.
ㅇ 벨렝
- 관광명소인 쁘라싸 다 헤뿌블리까, 벨로 뻬조 시장주변은 소매치기, 들치기 등이 많습니다. 야간에 영업하고 있는 약국, 음식점등도 강도의 표적이 되기 쉬우므로 야간 출입을 삼가시기 바랍니다.
ㅇ 마나우스
- 마나우스에서는 천연자원 보호를 위한 관리가 엄격합니다. 동식물의 채취 및 국외로 반출을 할 경우에는 사전에 브라질 환경재생가능 천연자원기관(IBAMA)의 허가를 받아야 합니다.
ㅇ 헤시피
- 보아 비아젱 및 구시가지를 연결하는 간선도로 주변에는 빈민가가 많이 있고, 흉악사건 다발지역입니다.
ㅇ 상파울루시
- 헤 뿌블리까 광장, 세 성당 등이 있는 구시가지 지역에는 관광객 대상 범죄가 많이 발생합니다.
- 이삐랑가ㆍ모름비에 위치한 대규모 파벨라(빈민촌) 인근 지역과 시 외곽의 파벨라 밀집 지역에는 살인ㆍ강도 등 강력범죄 발생률이 높습니다.
ㅇ 리오 데 자네이로시
- 시내 곳곳에 산재한 산동네는 거의 대부분 파벨라이며 이들 지역은 상당히 위험하므로 접근하지 않는 것이 좋습니다.
- 보타포구 해변 등 대부분의 해변 지역도 범죄자들의 주요 활동 지역이므로 가방 등을 들고 들어갈 경우 범죄의 표적이 될 가능성이 아주 높고 특히 야간에는 상당히 위험합니다.
ㅇ 포스 두 이과수시
- 이과수 폭포 등 관광코스로 개발된 지역은 치안이 안정되어 있으나 관광코스를 벗어난 지역은 야외는 물론 시내도 동양인 등 외국 관광객을 노리는 범죄가 빈발하고 있습니다.
- 이 지역은 이과수 폭포로 유명한 관광명소이자 아르헨티나, 파라과이 3개국 접경도시로서 비교적 국경 통과가 쉬워 마약
ㆍ총기 등 밀매가 성행하고 있고, 관광객에게 일반 물건으로 위장한 마약 운반을 부탁할 수 있으므로 모르는 사람의 물건은 절대 대신 운반하지 않도록 유의하셔야 합니다.
ㅇ 꾸리찌바시
- 도시계획ㆍ환경보존ㆍ교육 등 측면에서 비교적 모범도시이며 치안상황도 안정된 편이나, 시내 중심가인 Rua 15 de Nobembro에서는 날치기 사건이 많으므로 주의를 요합니다."
브루나이,Brunei,BN,아주,2023-11-24,"사건ㆍ사고 현황
[내전, 테러(피랍)사건 등 동향]
ㅇ 브루나이는 정치 사회적으로 비교적 안정한 국가 체제를 유지하고 있으며, 전국민에 대해 무상 의료 및 무상 교육 등 복지정책 등으로 인해 정부에 대한 일반 국민들의 만족도가 높아 치안상태가 비교적 양호하고 내전이나 테러 등의 위협은 없습니다.
[범죄 현황 등 치안상태]
ㅇ 브루나이는 이슬람 왕정을 기반으로 안정된 사회질서를 유지하고 있어 치안상태는 양호한 편입니다. 그러나 최근 절도 등 경제형 범죄 및 마약중독자 등에 의한 가택침입 및 절도사건이 종종 발생하고 있으며 타국 출신 근로자에 의한 범죄도 보도되고 있습니다.
ㅇ 여행자들은 특별한 신변상의 안전 조치 없이 자유로이 여행할 수 있으나 늦은 시간 단독여행은 피하는 것이 좋습니다.
사건ㆍ사고의 유형
[바닷가 수영 익사사고 주의]
ㅇ 브루나이 해변은 해수욕을 즐기기 위한 안전 시설 등이 미비하며, 해변에서 멀어질수록 바닥 경사가 급해지고 간혹 높은 파도가 밀려올 때도 있어 수영에 적합하지 않는 곳이 많습니다. 현지인을 비롯한 여행객의 인명 사고가 발생하고 있으니 바다 수영시 안전에 각별히 유의해야 하며 최대한 안전한 곳에서 수영을 해야 합니다.
[출입국시 여권에 브루나이 출입국 스탬프 확인]
ㅇ 브루나이 입국시 여권에 입국심사 도장 (stamp 또는 chop)을 받아야 하나, 입국도장이 누락되는 경우 출국시 여권을 압수당하고 출국이 금지됩니다. 여권을 돌려받기 위해서는 진술서 작성, 벌금 납부 등을 거쳐야 하므로 브루나이 입출국시 여권에 출입국 도장이 찍혔는지 반드시 확인하시기 바랍니다.
ㅇ 특히 육로를 통해 말레이시아 국경도시를 방문 후 브루나이에 재입국하는 경우 간혹 여권에 입국심사 도장이 누락된 채 입국할 수도 있으나, 추후 브루나이를 출국하는 시점에서 문제가 발생하므로 반드시 출입국 심사 데스크에서 입국심사 도장을 받아야 합니다. 육로를 통해 브루나이 출국시 출국심사 도장을 받지 않은 경우에는 브루나이 입국이 거절될 수 있습니다.
[담배 밀반입 금지]
ㅇ 브루나이 입국시 담배는 면세 품목이 아니므로 모든 담배는 세관에 신고하고 세금을 납부해야 합니다. 미신고 담배가 적발되는 경우 밀반입(밀수)으로 간주되어 엄중한 처벌을 받을 수 있으므로 유의해야 합니다. 담뱃갑에 건강 경고문이 없는 담배는 반입이 불가합니다.
샤리아 형법 전면 실시에 따른 금기사항 주의
ㅇ 브루나이에서는 2019년 4월 3일부터 이슬람에 기반을 둔 샤리아 형법이 전면 실시되었습니다. 브루나이의 샤리아 형법은 무슬림뿐만 아니라 비무슬림에 대해서도 적용되며, 국적에 관계없이 브루나이 영토 내에서 발생한 범죄에 대해 적용된다고 규정하고 있습니다.
- 절도, 강도, 살인, 상해, 이슬람 선지자 모독, 이슬람 경전 조롱, 라마단 경시, 미풍양속 훼손 등의 범죄는 무슬림 및 비무슬림에게 공통으로 샤리야법이 적용될 수 있습니다.
- 또한 무슬림이 포함된 간통 등 성관련 범죄, 공공장소 음주, 무슬림이 포함된 남녀가 폐쇄된 공간에서 단독으로 함께 머무르는 경우에도(동거 포함) 비무슬림에게 샤리아 형법이 적용될 수 있습니다.
- 한편 ▲라마단 금식기간 중 공공장소에서 음식 섭취, ▲미풍양속을 훼손하는 행위 또는 옷차림, ▲브루나이 국왕이 종교 수장의 자격으로 내린 지시에 대한 모독, ▲이슬람 이외 종교 관련 출판물 전파 등은 샤리아 형법상 범죄에 해당하므로 각별히 유의해야 합니다.
자연재해
[기후]
ㅇ 열대성 기후로 인해 단시간에 집중 호우가 자주 내리며, 심할 경우 자동차 운전이 어려울 정도로 폭우가 쏟아집니다. 폭우로 인해 도로가 범람하기도 하며 강우량이 많을 때는 간혹 산사태나 지반 약화로 인한 도로 파손 등이 발생하기도 합니다. 집중 호우시 낙뢰를 수반하는 경우가 많으며, 비가 오지 않아도 가끔 번개가 발생하기도 합니다.
ㅇ 브루나이는 고온 다습한 열대성 기후로 연중 비가 내리며 밤낮의 일교차가 비교적 큰 편입니다. 이로 인해 천식이나 비염 알레르기 등 호흡기 질환이 있는 경우 불편을 겪을 수도 있습니다. 또한 매년 3월에서 6월 사이 보르네오섬 거주민들이 개간을 위해 숲에 불을 내면서 그 연기가 브루나이에 영향을 미치는 경우 호흡기 질환자가 발생하기도 합니다.
유의해야 할 지역
ㅇ 브루나이는 치안상태가 비교적 양호한 편으로 여행자들이 특별한 신변 안전조치 없이 자유로이 여행할 수 있으나, 야간의 어두운 밤거리는 피하는 것이 좋습니다. 또한 주택가나 도로 등에 유기견들이 모여 다니면서 보행자를 위협하거나 공격하는 경우가 있으니 유의하기 바랍니다.
ㅇ 템부롱(Temburong) 지역에 위치한 열대우림 지역은 외국인이 자주 찾는 관광지입니다. 이 지역을 방문하기 위해서는 육로(말레이시아 국경 통과) 또는 배를 이용해야 하므로 신원확인을 위한 여권을 소지하기 바랍니다. 밀림 지역임을 감안하여 사전에 충분한 정보를 파악해야 하며 악어 등 야생 동물이 출현할 수 있으므로 조심하기 바랍니다. 한편, 브루나이 수도에 있는 강에도 악어가 서식하고 있으므로 안전에 유의해야 합니다.
위생 및 의료체계
[풍토병]
ㅇ 브루나이에서는 말라리아, 뎅기열 등 풍토병 발생이 최근에는 거의 보고되지 않고 있으며, 브루나이 입국시 예방접종 의무는 없습니다. 그러나, 인접한 말레이시아 일부 지역에서는 뎅기열 등이 발생하고 있으므로 가급적 모기에 물리지 않도록 하고, 파상풍, 광견병, A형 및 B형 간염 등의 예방 접종을 받는 것도 좋습니다.
ㅇ 브루나이의 수돗물은 대체로 안전한 것으로 알려져 있으나 수돗물을 마실 경우 정수하거나 끓여 먹을 것을 권장합니다.
ㅇ 열대의 더위로 인해 상온에 보관한 음식이 쉽게 상할 수 있으므로 식중독에 주의해야 합니다.
[의료 시설]
ㅇ 브루나이의 의료체계는 양호한 편이나 우리 나라의 의료수준에는 아직 미치지 못합니다. 병원은 크게 응급실이 갖추어져 있는 종합병원과 소규모 클리닉으로 나누어지며, 대부분 영어 사용이 가능합니다.
ㅇ 종합병원은 수도에 국립 RIPAS 병원과 인근의 제루동(Jerudong) 지역에 민영 JPMC 병원이 있습니다. 두 병원 모두 응급실을 갖추고 있고 24시간 이용 가능합니다.
- 국립 RIPAS 병원은 진료비가 상대적으로 저렴하나(브루나이인은 무상) 이용자가 많아 오래 기다려야 합니다. 응급시가 아닌 경우에는 지역 보건소에서 진료를 받은 후 정밀 검진이 필요한 경우 의사의 추천으로 국립 종합병원으로 옮길 수 있습니다.
- 수도에서 차량으로 약 20분 떨어져 있는 민영 JPMC 병원은 싱가포르 의료진과 교환 체계를 갖추어 수준이 높다고 하나 진료비가 상대적으로 비쌉니다.
※ 종합병원 연락처
- RIPAS 국립병원 : 224-2424
- JPMC 민영병원: 261-1433
ㅇ 개인 클리닉은 수도 도심 곳곳에 다수 있으며 진료대기 시간이 길지 않고 진료비도 비교적 적절한 편입니다.
※ 시내 주요 개인 클리닉
- Klinik TK Chhan(가정의학, 소아과): 전화 242-2142
- Lee Clinic(가정의학, 소아과), 전화: 242-8428(Gadong 지역), 222-8338(Kiulap 지역)
- Yong Clinic(가정의학, 소아과), 전화: 233-8657
- Sing Clinic(가정의학, 소아과), 전화: 245-7161
- ViTaLiV Clinic(이비인후과, 가정의학), 전화: 233-5577
- Dr Prema Clinic(부인과), 전화: 242-1727
- Leslie Ong Dental Surgery(치과), 전화: 245-1122, 245-1818
ㅇ 일반적인 감기약, 진통제, 소화제 등은 대형 슈퍼마켓 코너에 있는 약국에서 처방전 없이 구입이 가능하며, 처방이 필요한 약품은 클리닉이나 병원에서 처방 후 바로 구입할 수 있습니다."
사모아,Samoa,WS,아주,2023-11-24,"사건ㆍ사고의 유형
ㅇ 경범죄(주거침입, 절도, 폭행 등)
자연재해
ㅇ 사이클론(Cyclone) 11월~4월
ㅇ 뎅기열(Dengue fever) 및 장티푸스(Typhoid Fever) 주의
유의해야 할 지역
ㅇ 특정 유의 지역 없으나 일반 촌락 방문 시에는 촌장의 허락을 받는 것이 좋음"
사우디아라비아,Saudi Arabia,SA,중동,2025-05-21,"사건ㆍ사고 현황
□ 정정 상황 (전쟁·내란·테러 등)
ㅇ 사우디아라비아는 보수적인 왕정 통치하에 조직적인 정치집단의 활동이 없으며, 기본적인 정치 상황은 안정된 것으로 평가됩니다. 또한 사우디 정부의 강력한 테러세력 척결 노력으로 치안이 다른 중동 국가에 비해 비교적 안정되어 있습니다.
ㅇ 다만, '15년 3월부터 시작된 사우디를 주축으로 하는 연합군의 예멘 공습에 대한 예멘 반군 세력들의 반격, ISIL의 선동 등으로 인해 △사우디 정부군, △서구인(백인) △ 시아파 주거지역을 대상으로 하는 테러가 계속 발생하고 있습니다. 특히, 예멘 접경 지역인 지잔, 아시르, 나즈란 지역과 리야드, 젯다, 담맘 등 대도시의 주요 테러 대상 밀집 지역은 테러 재발 가능성이 있으므로 각별한 주의가 필요합니다.
□ 치안상황(일반 범죄 등)
ㅇ 전반적으로 치안상태는 양호한 편이나, 유색인종(노동자)에 대한 편견이 심하며 최근에는 소매치기와 차량절도 등이 빈번하게 발생하고 있으니, 차량 내에 주요 물품 보관을 가급적 삼가고 도심 외곽 등 인적이 드문 곳을 피하시는 게 좋습니다.
ㅇ 최근 사우디아라비아 내 생활물가 급등 및 자국민고용우선정책으로 경제적으로 불안정한 제3국인이 증가, 금품을 노린 강력범죄가 증가하고 있습니다. 저소득 제3국인 밀집지역 및 도심 외곽 등의 방문을 삼가고 거액을 은행에서 인출 시에는 강도의 습격을 받지 않도록 대비할 필요가 있습니다.
사건ㆍ사고의 유형
ㅇ 체류 기간 초과 문제 : 사업 목적으로 스폰서의 초청을 받아 방문하는 여행객이라도 여권 입국 도장에 기재된 체류기간(Duration of Stay)을 초과하는 경우 초청인(스폰서)은 15,000리얄(4,000미화 상당)을 벌금으로 내야하며 초과체류자는 구금될 수 있습니다. 따라서 방문 인사들은 입국 시 허가된 최장 연속 체류 기간을 반드시 확인하고 주의를 기울이는 것이 필요합니다.
- 복수사증 방문자의 경우, 매 방문시마다 체류 기간(Duration of Stay)이 부여되며 이를 초과하지 않도록 각별한 주의를 요함. 비자의 유효기간(Validity)은 이를 국경(공항,육로,해로 등)에서 사용할 수 있는 기간을 의미하므로 체류기간(duration of stay)와 혼동하지 않도록 유의
ㅇ 차량 접촉 사고 등 : 대부분의 운전자들이 교통질서 의식이 미약하며, 과속 주행, 끼어들기 등 난폭운전이 횡행하여 도로상에서 차량 접촉 사고가 빈번히 발생하므로 차량 운전 시 방어운전 및 안전 운행 등 각별한 주의가 필요합니다.
- 안쪽 차선은 과속 차량이 주행하므로 3차선 주행 시에는 가능한 중간 차선을 이용하는 것이 안전함(최우측 차선은 화물차량이 주로 주행).
- 또한 교통사고가 발생한 경우, 경찰이 현장에 도착, 사고 조서를 작성할 때까지 사고 현장을 유지하는 것이 필수적이며, 상대방과 불필요한 논쟁을 삼가는 것이 바람직(교통경찰이 가해자와 피해자 및 책임 범위 결정).
- 일정 기간(3개월간) 우리나라 국제운전면허 사용 및 렌터카 이용이 가능(단, 쌍방 보험 가입 여부 확인) 하나 단기 출장자의 경우, 가능한 운전기사가 포함된 렌터카 이용을 권장합니다.
ㅇ 사진 촬영 문제 : 대부분의 공공기관 건물들이 보안구역으로 설정되어 사진촬영이 금지되어 있습니다. 또한 아바야를 착용한 여성들에 대한 사진촬영이 금기시되므로 공공장소에서 사진을 촬영할 경우에는 특별한 주의가 필요합니다.
ㅇ 복장 불량 문제 : 사우디는 이슬람 전통을 유지하는 국가로 사우디 여성들이 외출하는 경우, 아바야(검은색의 이슬람 전통복장)를 착용토록 하고 있으나, 외국 여성의 경우 아바야 착용이 의무는 아니며 어깨와 무릎을 가리는 정도의 단정한 복장이 권고 됩니다. 또한 남녀를 불문하고 외출시 몸에 달라붙는 옷이나 이슬람을 모독하는 글, 그림이 있는 옷을 입어서는 안됩니다.
- 경찰을 사칭한 범죄행위가 종종 발생하고 있으므로, 각별한 주의가 필요합니다.
ㅇ 이슬람 규율 위반(주류, 돼지고기 등 금기 음식 및 음란물 반입 또는 소지) : 이슬람 규율에 반하는 주류, 돼지고기, 음란물 등의 반입이나 휴대는 엄격히 금지되며 발각될 경우 즉시 체포 및 실형에 처해질 수 있는바 수화물 탁송 등에 특별한 주의가 필요합니다.
자연재해
ㅇ 진도 3~5 규모의 지진이 년 1~2회 발생하나, 기록될 만한 피해는 없습니다.
ㅇ 가끔 심한 먼지바람이 불어오는 경우가 있으며, 이러한 때에는 장거리 운전을 삼가는 것이 좋습니다.
ㅇ 동절기에는 열대성 소나기가 내리는 경우가 있으며, 폭우가 내리면 도로가 침수되는 경우가 많으므로 폭우 시 운전은 피하는 것이 바람직하며, 낙뢰를 동반하는 경우에는 외출을 삼가는 것이 좋습니다.
- 배수시설이 발달하지 못해 약간의 비에도 쉽게 도로가 일시적으로 침수되거나 범람하는 경우가 많음
유의해야 할 지역
ㅇ 예멘 국경주인 지잔, 아시르, 나즈란 지역, 시아파 중심지역인 알-아흐사, 카티프 지역 등은 가급적 방문을 자제하시고 꼭 출장이 필요한 경우에만 적절한 안전조치를 하시고 방문하시기 바랍니다.
ㅇ 메르스 병원균의 매개체로 지목되고 있는 낙타와 접촉할 가능성이 있는 농장이나 우유가공공장, 그리고 메르스 격리병동 시설 등은 방문을 삼가시기 바랍니다.
ㅇ 주요 도시에는 제3국 출신 근로자들이 다수 거주하며, 시내 중심가 이외의 외곽지역은 범죄 발생 가능성이 높으므로 가급적 저녁에는 단독으로 외곽지역을 방문하는 것은 자제하는 것이 좋습니다.
ㅇ 리야드 중앙역, 시외버스 터미널, 바타 시장 등 사람이 많이 붐비는 곳은 소매치기에 의한 도난 사고가 많이 발생하고 있어 동 지역을 방문하는 경우에는 특별한 주의를 기울이거나 단독 행동은 자제하는 것이 좋습니다."
사이프러스,Cyprus,CY,유럽,2025-05-21,"사건ㆍ사고의 유형
[입국 거부 사례]
ㅇ 과거 북사이프러스 거주 중이던 우리국민이 제3국으로 출국 후 사이프러스 공화국(남사이프러스) Larnaka 국제 공항을 통해 입국하려다 입국 거부 된 사건이 있었으며, 2017년에는 남사이프러스를 거쳐 북사이프러스에 입국하려던 우리국민이 남사이프러스 공항에서 입국을 거부(강제출국)당하는 사례가 발생하였음
ㅇ 기존에는 사이프러스 내 유일 합법 정부인 남사이프러스 소재 공항이나 항구를 통해 입국 후 Green Zone을 통해 북사이프러스에 방문하는 것이 가능하였으나, 최근 남사이프러스는 자국 공항 혹은 항만에서 출입국심사 시 북사이프러스에 체류하는지 여부를 확인하고 북사이프러스 입국 일정이 있는 사람의 입국을 거부하고 강제출국 조치하고 있음
ㅇ 북사이프러스 공항 혹은 항만을 통해 입국 후 남사이프러스로의 방문도 불허하고 있음
ㅇ 또한, 과거 북사이프러스 공항 또는 항만에서 받은 출입국 도장이 있는 경우, 남사이프러스 입국이 거부될 수 있으니 주의가 필요
※ 출입국 심사 시 직∙간접적으로 북사이프러스를 국가로 인정하는 발언이나 행동을 하지 않도록 유의
유의해야할 지역
ㅇ 바로샤 지역 대부분이 군사 보안시설로 사진 촬영 시 형사 처벌 대상
- 2022.9월 북사이프러스는 바로샤 지역 군사시설 불법 촬영 혐의(2020.2월)로 우리 국민 1명을 체포 및 구금(14일) 조치
- 동 분쟁 지역을 방문하는 한국인 관광객(유튜버)이 증가하면서, 사건사고 발생 가능성 다대
ㅇ 사이프러스 수도 니코시아의 중심가는 절도, 폭행 등 범죄 발생이 다른 지역에 비해 매우 높음. 동 지역에서의 숙박을 가급적 자제하거나 부득이 숙박하는 경우 신변안전에 각별한 주의가 필요함
- 신변안전 유의지역 : Ledra 거리, Onasagorou 거리, Phaneromeni 광장
ㅇ 사이프러스는 남사이프러스와 북사이프러스로 나뉘어 있는 특수 상황이기 때문에 양쪽을 오갈 시 주의가 필요함
ㅇ 북사이프러스(소위 “북사이프러스 터키공화국”, so called “Turkish Republicㅇ f Northern Cyprus”)가 1983년 독립을 선언하였으나, UN 안보리는 결의 541과 550을 통해 북사이프러스를 불법정부로 규정하고, 세계 각국에 북사이프러스를 승인하지 않도록 권고했다. 이에 따라 우리정부는 남사이프러스(사이프러스 공화국, Republicㅇ f Cyprus)만을 인정하고 있으며, 북사이프러스를 국가로 승인하지 않고 있다. 그러므로 북사이프러스를 국가로 인정하는 발언이나 행동을 삼가야 한다.
ㅇ 북사이프러스를 방문코자 하는 경우 사이프러스 내 유일 합법 정부인 남사이프러스 소재 공항이나 항구를 이용하여 입국해야 하며, 양측간 통과지점(Greenline 상 통과지점 crosspoint)을 통해 북사이프러스를 방문하여야 한다.
- 남사이프러스 정부는 이러한 방문이나 통행에는 제한을 가하지 않으나, 북사이프러스 방문시 남-북간 통과지점(Greenline)을 통하지 않고 터키를 경유 북사이프러스를 방문하거나, 비행기나 선박편으로 제3국에서 직접 북사이프러스를 방문하는 경우에는 주권침해 또는 간접적으로 북사이프러스 정부 승인으로 해석 가능성이 있기때문에 강제 추방을 할 수도 있음
※ 참고사항 : 남-북 사이프러스간 통과지점(Greenline상 Crosspoint)
ㅇ 남-북 사이프러스는 1974년 터키의 군사개입으로 분단된 이후 2003.4 양측간 신뢰구축조치를 취하기로 합의하고 휴전선상의 완충지역에 최초의 통과지점(Greenline Crosspoint)를 개설했다. 남-북 사이프러스 휴전선(300㎞) 상 완충지역에는 약 930여명의 유엔평화유지군(UNFICYP)이 주둔, 정찰활동을 하고 있다.
ㅇ 현재는 수도 니코시아에 2곳(Ledra Palace 및 Ledra Street), 동부지역 2곳(Pergamos, Strovilia), 서부지역 2곳(Ayios Dometio, Zodia) 등 총 6개의 통과지점이 개설됨으로써 매일 수천 명이 통과지점을 통해 자유롭게 통과하고 있는데, 주로 북사이프러스 노동자들이 남 사이프러스의 일자리로 출근하고 있다.
ㅇ 북사이프러스 입국시 꼭 Green Zone을 이용해서 입국해야하며 터키에서 바로 북사이프러스로 입국하면 안 됨
ㅇ 북사이프러스 입국 스탬프가 있을 경우 남사이프러스 공항 출입국시 제제를 당하거나 1개월 이상 체류했을 시 강제 추방당할 가능성 있음
자연재해
ㅇ 1995년 사이프러스 서부지역인 Paphos지역에서 6도 지진 발생 2명 사망, 몇몇 건물 무너짐
ㅇ 2021년 1월 라르나카 인근지역에서 5.4규모 지진이 발생하였으나 인명 피해는 없었음"
산마리노,San Marino,SM,유럽,2022-11-29,"사건ㆍ사고 현황
[범죄현황 등 치안상태]
ㅇ 전반적으로 치안이 매우 양호합니다.
ㅇ 절도, 강도, 소매치기 사례는 있으나, 강력범죄는 거의 발생하지 않습니다.
사건ㆍ사고의 유형
ㅇ 간혹 타국가에서 원정온 소매치기단에 의하여 소매치기 사건이 발생하기도 합니다.
- 산마리노에서 소매치기로 인하여 여권을 분실하는 경우 산마리노 경찰서에 신고하여 분실확인서(단수여권 발급신청시 사용)를 받아야 합니다.
※ 산마리노에서 분실한 것을 이탈리아 경찰서에 신고하는 경우 접수하지 않으니 유의하시기 바랍니다.
ㅇ 유적지 부근 야외 주차장에 주차시 차량 내부 또는 트렁크에 보관된 짐 도난사건 발생
- 안전한 지하 주차장을 이용하는 것이 좋음
ㅇ 식당에서 식사도중 부득이 의자에 걸어놓은 핸드백이나 옷에 들어있는 지갑이 분실되는 경우가 발생함
- 의자에 걸어 놓은 핸드백이나 옷에 계속 신경을 쓰면서 식사한다.
ㅇ 고의로 타이어를 펑크낸 후 타이어 교환을 도와주는 척하며, 다른 1명이 차량 내에 있는 소지품을 탈취하여 도주.
- 타이어를 교환하는 동안에 차량문을 잠궈 놓는다.
ㅇ 승용차 안과 트렁크에 놓아둔 개인물품(가방, 귀중품) 도난,
- 차량 주정차시 개인물품을 차량(트렁크)내에 남겨놓지 않는다.
ㅇ 승용차 안과 트렁크에 놓아둔 개인물품(가방, 귀중품) 도난
- 차량 주정차시 개인물품을 차량(트렁크)내에 남겨 놓지 않는다.
자연재해
ㅇ 특별한 자연재해의 위험은 없습니다.
유의해야할 지역
ㅇ 특별히 주의하여야 할 곳은 없습니다."
상투메프린시페,Sâo Tomé & Principe,ST,아프리카,2022-07-26,"사건ㆍ사고 현황
ㅇ 현지정세 : 생필품,식료품 부족으로 시위발생 가능성 상존
유의해야할 지역
ㅇ 치안은 안정적임"
세네갈,Senegal,SN,아프리카,2024-06-28,"사건ㆍ사고의 유형
[소매치기/오토바이 날치기]
ㅇ 관광객에게 잘 아는 사람인 듯 2명이 접근하여 한 명은 말을 걸고, 다른 한 명은 주머니 또는 가방에 현금, 물품 등을 강탈하는 유형과 오토바이 2인조 날치기 범죄 사례가 많이 발생하므로 도보 이동시 주의
- 특히 알마디 해안도로(Corniche des Almadies) 및 시내(Plateau) 등 다카르 도심에서 피해 사례가 빈번하여 각별한 주의 필요
자연재해
ㅇ 특별한 자연재해는 없으나, 수도 다카르 지역은 미세먼지와 자동차 매연이 심해 호흡기 질환이 많으므로 마스크 착용 등 주의 필요
유의해야할 지역
ㅇ 주ㆍ야간을 막론하고 혼자 도보로 이동하는 것은 모든 지역에서 위험함. 특히, 도보 이동 시 소형 가방(손가방, 작은 핸드백)은 소매치기 대상이 될 가능성이 매우 높으므로 가급적 차량 및 단체 이동을 권함
- 야간에 도보로 이동시 노상 강도 피해를 당할 위험이 많으므로 각별히 주의 필요
- 경찰을 사칭한 강ㆍ절도단이 문을 열어줄 것을 요구한 사례도 있는 바, 확실히 신분이 확인된 사람 이외에는 방문을 열어주면 안됨"
세르비아,Serbia,RS,유럽,2023-11-24,"사건ㆍ사고의 유형
ㅇ 치안은 비교적 안전한 편이나 되도록 밤늦은 시간 사람이 많이 없는 장소는 피하도록 합니다.
- 베오그라드 중앙역 및 시내중심지역 부근이나 신시가지 부근 집시 밀집지역에서는 외국인을 대상으로 한 폭행 또는 절도가 발생할 수 있으니, 소지품 관리 및 신변 안전에 유의하시기 바랍니다.
ㅇ 세르비아에서는 총기 사용이 법으로 금지되어 있지만 매년 클럽에서 총기사건이 발생하고 있습니다.
- 사례) 2014년 클럽 경호원 2명 총기 부상, 2015년 클럽 경호원 등 3명 부상, 2020년 노비 베오그라드 도로 차량 폭발 사건 등 발생
※ 세르비아에 일부 축구 유학 에이전시에서 문제가 발생하고 있으니. 유학 전 제대로 된 지원 및 체계가 마련되어 있는지 꼼꼼한 확인이 필요합니다.
자연재해
ㅇ 2010년 11월 3일 수도 베오그라드에서 남쪽으로 약 120km 떨어진 크랄례보 (Kraljevo)에서 진도 5.5의 지진이 발생, 2명이 사망하고 50여명이 중경상을 입었습니다.
ㅇ 겨울에는 바람이 강하게 불고 비 또는 눈이 많이 내리는 편입니다.
유의해야할 지역
ㅇ 2020년 코로나19 바이러스의 대유행으로 현지에서도 다수의 확진자가 발생하는 등 감염 위험이 있으니 우리 여행객분들은 각별히 주의하여 주시기 바라며, 관련된 최근 정보는 해외안전여행 홈페이지 및 주세르비아대사관 홈페이지 공지사항 등을 수시로 확인 또는 대사관으로 문의하여 주시기 바랍니다.
유의해야할 점
ㅇ 구시가지 크네즈 미하일로바 거리 카페에 앉아서 차를 마시거나 식사를 할 경우 집시들이 접근하여 물건을 팔거나 돈을 요구할 수 있습니다.
ㅇ 어디를 가던 개인 소지품 관리를 잘합니다. 한국과 달리 소지품을 아무데나 두고 가지 않습니다. 도난의 우려가 있으니 레스토랑 등에서 지갑이나 휴대전화를 상 위에 올려놓지 않고 되도록 가방 안에 보관하도록 합니다."
세이셸,Seychelles,SC,아프리카,2023-11-24,"사건ㆍ사고의 유형
ㅇ 세이셸은 안전한 나라로 인식되고 있으나, 2011. 5월 세이셸의 한 리조트에서 근무하던 우리 국민이 실종된 후 사망한 사건이 있었습니다.
ㅇ 최근 세이셸 내 관광객 등을 대상으로 마약 관련 범죄가 종종 발생하고 있어 주의가 필요합니다.
ㅇ 세이셸을 방문하는 여행객들은 일몰 후 혼자 빅토리아 시내 또는 호젓한 해변 등을 다니는 일은 자제하고, 차량을 렌트하더라도 야간 단독 운행은 삼가시기 바랍니다.
ㅇ 수도 빅토리아가 소재한 Mahe섬은 산악지형으로서, 도로의 폭이 좁고 구불구불한 곳이 많이 있는 반면에 안전 펜스는 드문 편이므로 운전시 특히 주의해야 합니다.
ㅇ 시간에 따라 급류가 발생하여 익사의 위험이 높으므로 수영이나 스노클링시 주의해야 합니다.
자연재해
ㅇ 대부분의 섬들이 사이클론 영향권(cyclone belt) 밖에 위치해 있어 강풍은 거의 없으나, 몬순 우기 철에 홍수와 산사태 피해를 입을 수 있으므로 주의하시기 바랍니다.
유의해야할 지역
ㅇ 세이셸은 비교적 안전하기는 하지만 관광객을 상대로 한 범죄는 어디에서라도 발생할 수 있기 때문에 항상 조심할 필요성이 있습니다.
ㅇ 혼자 여행하는 우리 국민의 경우 가급적 동반자를 대동하고 늦은 야간 활동에 주의해야 합니다."
세인트루시아,St. Lucia,LC,미주,2023-11-24,"자연재해
ㅇ 6~11월 카리브지역 허리케인 시즌이나 세인트루시아는 피해가 적음
유의해야할 지역
ㅇ 거리에서의 소매치기, 강간 또는 강도 사례도 자주 발생하므로, 분명한 주의를 요합니다.
ㅇ 시내 중심가 및 외진 곳은 관광객을 대상으로 하는 범죄가 빈번히 발생하므로 방문을 자제하시고, 필요 시, 신원이 확실한 현지인과 동반 방문을 권합니다.
ㅇ 불특정한 곳에 남겨진 음식 및 음료는 법죄와 연관될 수 있으니, 접촉을 삼가바랍니다.
ㅇ 수상 스포츠 시, 야간 이용 및 1인 활동 금지, 공식적 스포츠로 공인된 곳을 이용하시기 바랍니다."
세인트빈센트그레나딘,St. Vincent & the Grenadines,VC,미주,2023-11-24,"사건ㆍ사고의 유형
ㅇ 길거리에서 종종 소매치기가 발생하니, 여행 소지품에 주의를 요합니다.
ㅇ 도로가 구불구불하고, 가파른 곳이 많기 때문에 운전시 각별한 주의가 필요합니다.
ㅇ 택시 및 대중버스는 비교적 안전하나, 과속으로 인한 사고가 종종 발생합니다.
ㅇ 외진곳에서의 1인 활동 스포츠는 자제하시고 공인된 장소에서 스포츠 활동을 권합니다.
자연재해
ㅇ 보통 6~11월 카리브지역 허리케인 시즌이나 바베이도스는 최근 몇년동안 12월에도 허리케인 발생
유의해야할 지역
ㅇ 외진 지역을 여행하지 않는 것을 권하고 있으며 또한 혼자 도보로 이동하는것을 가급적 피하는것이 좋음
ㅇ 호텔 인근이나 주요관광지에서 소매치기와 같은 범죄에 주의해야 하며 특정지역을 여행시에는 전문가이드의 동행이 필요함"
세인트키츠네비스,St. Kitts-Nevis,KN,미주,2023-11-24,"사건ㆍ사고 현황
[정정 상황 (전쟁, 내란, 테러 등)]
ㅇ 영국식 민주주의가 정착되어 있어 정정은 비교적 안정된 편입니다. 네비스 분리 독립 움직임이 일부 있으나, 네비스 주민들 의사에 따라 결정되는 사항이므로 세인트킷츠 주민과 네비스 주민간 표면적 갈등은 없습니다.
[치안상황 (일반범죄 등)]
ㅇ 전반적인 치안사정은 양호한 편이나, 일몰후 해변 등 외진 곳을 피해야 하며, 보행시 거액의 현금 또는 보석류 소지를 삼가야 합니다.
사건ㆍ사고의 유형
ㅇ 강간, 살인 등 강력범죄가 증가추세로, 여행시 주의가 요망되며, 특히 외진 해변에서는 귀중품 관리에 주의해야 합니다.
ㅇ 불법 무기의 유입이 증가하고 있으며, 살인, 강도 등이 지속적으로 발생하고 있어, 여행시 여러명이 함께 이동하는 것이 바람직합니다.
자연재해
ㅇ 카리브 여타국가와 마찬가지로 허리케인 시즌은 6월초~11월말이며, 최근 몇 년간 12월에도 허리케인이 발생하였습니다."
소말리아,Somalia,SO,아프리카,2025-01-21,"사건ㆍ사고 현황
ㅇ 우리 정부는 소말리아를 ‘여행금지’ 지역으로 지정, 여행경보를 발령하였습니다. 우리 국민이 소말리아에 들어가기 위해서는 반드시 우리 정부의 여행 허가를 받아야 합니다. 우리 국민이 허가 없이 소말리아에 입국한 경우 1년 이하의 징역 또는 1,000만 원 이하의 벌금에 처하는 등 형사 처벌과 함께 여권사용 제한 등 행정제재를 받게 됩니다.
사건ㆍ사고의 유형
ㅇ 소말리아에 무정부 상태가 오래 지속되면서 총체적인 치안 부재여서 소말리아는 물론 소말리랜드와 푼트랜드 내에서 외국인 납치가 끊임없이 발생하고 있습니다.
ㅇ 극심한 가뭄과 오랜 내전으로 인하여 전통 농업과 목축업이 붕괴되어 인구의 1/4이 난민이 되었으며, 이들을 지원하기 위한 유엔기구 직원, NGO 단원들과 의료지원을 위한 외국 의사들을 무장괴한들이 무차별 납치하여 거액의 석방금을 요구하는 사건이 빈발하고 있습니다.
ㅇ 소말리아에서는 계속해서 각종 테러 발생, 외국인 납치 등이 끊이지 않고 있는 등 현재 세계에서 가장 위험한 나라라고 할 수 있습니다.
[소말리아 해적]
ㅇ 소말리아 해상에서는 최근 해적 및 선박 피랍사건이 현저히 줄어든 상태입니다. 다만, 이란, 중국 등의 불법 어로로 인하여 UN에서는 다시 소말리아 해적이 출몰할 것을 우려하고 있습니다. 현재까지의 보고에 의하면 국제기구에서는 우리나라 국적 선박은 아니지만 예멘 등의 국적을 이용하여 우리나라 국민이 불법 어로에 관여하고 있다고 의심하고 있습니다. 소말리아 해상의 불법 어로에 관여되지 않도록 유의하여야 합니다.
자연재해
ㅇ 가뭄이 계속 반복되고 여름에 수시로 모래폭풍이 발생하며, 우기철에는 홍수로 인해 많은 피해가 발생하기도 합니다.
유의해야 할 지역
ㅇ 소말리아 전역(푼트랜드 및 소말리랜드 포함)이 여행금지 국가로 지정되어 있다는 점을 유념하시기 바랍니다."
솔로몬제도,Solomon Islands,SB,아주,2022-08-22,"사건ㆍ사고 현황
□ 정정 상황 (전쟁, 내란, 테러 등)
ㅇ 1999년에 발생한 부족 간 분쟁이 2000년까지 이어져 경제적 파탄과 사회적 질서에 대한 정부의 통제불능상태를 불러와 이를 해결하려는 호주군인을 중심으로 다국적 평화 유지군 RAMSI(Regional Assistance Mission to Solomon Islands)의 역할로 진정 된 바 있습니다.
ㅇ 2006년 4월에는 선거 후 폭동이 일어나 방화와 약탈하는 사건이 발생하여, 당시 솔로몬에 주둔 중이던 RAMSI 병력으로는 진압이 어려워 호주로부터 긴급지원군이 파병되어 폭동 3일 만에 진압되었으며, 이후 솔로몬의 정정은 RAMSI의 도움으로 안정되었습니다.
ㅇ 2015년 5월에는 지난 4월에 발생한 홍수 재해로 인해 생겨난 이재민들이 정부의 불충분한 보상해 대해 불만이 폭발, 초저녁부터 새벽까지 도시의 상점을 약탈하고, 방화를 하는 등 소요를 일으켜 몇몇 상점이 전소되는 사태가 발생하였습니다.
□ 치안상황 (일반범죄 등)
ㅇ 솔로몬에는 아직까지 외국인 납치 사건이나 강도 등 강력범죄는 거의 없지만 절도 및 소매치기 사건이 자주 발생하므로 방문 시 이를 항시 유념하시어 피해를 사전에 예방하셔야 합니다.
ㅇ 특히, 현지인 시장은 소매치기 및 가방 등 날치기 사건이 자주 발생하는 지역입니다.
- 가급적 시장 방문을 자제하고, 거리 도보 시에는 귀중품등을 소지하지 않는 것이 바람직하며 항상 주의 필요
ㅇ 2006년 4월에는 선거 후 폭동이 일어나 방화와 약탈하는 사건이 발생한 바 있고, 2015년 5월에는 4월에 발생한 홍수 재해로 인해 생겨난 이재민들이 정부에 대한 불만으로 상점 약탈하고, 방화 등 소요를 일으킨 바 있습니다.
* 대책 : 가급적 Local Market 방문은 자제하고, 거리 도보 시에는 귀중품등을 소지하지 않는 것이 바람직하며 항상 주의 경계를 철저히 하는 것이 좋습니다.
-->
자연재해
ㅇ 매년 11월부터 4월까지 우기이며 싸이클론(태풍)이 자주 일어납니다.
- 2007년 4월에 강도 8.1의 해저 지진으로 생긴 해일이 솔로몬의 서쪽 섬 Gizo를 덥친 재난 발생
ㅇ 2015년 4월부터 지진이 빈번하게 발생하고 있습니다.
유의해야할 지역
ㅇ 카지노, 나이트 클럽이나 술집은 항시 위험요소가 상존하는 곳으로 출입을 가급적 자제하셔야 합니다.
ㅇ 일몰 후 길거리를 도보로 걸어 다니는 것은 위험할 수 있습니다.
ㅇ 수도 호니아라 외곽지역 방문은 지인의 안내 또는 안전 조치를 강구한 후 택시를 이용하여 주간에만 이동하시기 바랍니다."
수단,Sudan,SD,아프리카,2025-01-21,"사건ㆍ사고 현황
ㅇ 현재 수단 전역에서는 무력 충돌이 지속 확대되고 있어 치안이 매우 불안정하고 위험이 높은 상황입니다. 또한 수단-에티오피아 국경지대도 주의가 필요합니다.
ㅇ 분쟁 당사자 양측의 교전, 납치, 방화, 약탈 등이 심각한 지역이 다수입니다.
자연재해
ㅇ 우기전(3월~7월)에 발생하는 하붑(모래바람)으로 인해 일상생활에 상당한 어려움이 있습니다. 이에 대한 철저한 대비가 필요합니다.
ㅇ 우기(8월~10월) 동안에는 나일강 범람, 도로 침수 등 홍수피해가 매년 발생하고 있어 우천시 강변도로 이용이나 침수된 도로 주행에 유의해야 합니다.
ㅇ 다수 지역에서 콜레라, 홍역, 뎅기열 등 전염병이 발생하고 있습니다.&nbsp;"
수리남,Suriname,SR,미주,2024-08-01,"사건ㆍ사고 현황
ㅇ 전쟁이나 내란 등은 없으며 정부의 적극적인 관광장려 정책으로 치안도 중남미 국가들 중에서는 대체로 양호한 편에 속합니다.
ㅇ 시내에서 가끔 데모가 일어난 경우가 있는데 군중 운집 지역은 가능한 피하는 것이 좋습니다.
사건ㆍ사고의 유형
ㅇ 수리남은 남미에서 치안이 양호한 편에 속하지만 전역에서는 특히 외국인을 상대로 한 노상강도, 소매치기, 무장 강도 등이 흔히 일어나므로 공공장소에는 눈에 띄는 보석, 카메라 및 현금 등의 노출을 삼가야 합니다. 특히 야간에는 외출을 삼가는 것이 좋습니다.
ㅇ 택시 등을 이용시 가능한 길거리보다는 호텔에서 안내하는 택시를 이용하는 것을 권장합니다.
ㅇ 도심지에서는 강절도 사건이 빈번히 일어나므로 인적인 없는 한적한 곳으로 방문은 삼가는 것이 좋습니다. 특히 수도인 파라마리보의 재래시장지역은 소매치기 및 절도가 빈번한 지역이므로 주의를 요합니다. 단독으로 내륙지역 방문을 하는 것은 위험하기에 권장되지 않으며 단체로 행동하는 것이 좋습니다.
자연재해
ㅇ 지진 등 특별한 자연재해나 허리케인은 없으나 우기시 폭우 등으로 인한 홍수침수 등의 자연재해가 일어납니다.
유의해야할 지역
ㅇ 수리남과 가이아나간 국경은 국경분쟁지역으로 국경지대 여행은 삼가는 것이 좋습니다.
ㅇ Palm Garden 지역은 범죄활동 거점지역으로 출입을 피해야 합니다."
스리랑카,Sri Lanka,LK,아주,2024-06-28,"사건ㆍ사고 현황
□ 범죄 현황 등 치안상황
ㅇ 스리랑카의 교육 및 의료 서비스, 치안 상황 등은 인근 서남아 지역 국가에 비해 높은 수준이며, 지속적인 경제성장으로 전체적인 빈곤 지수는 다소 완화되었으나, 계층 간·지역 간 빈부격차는 아직 상당히 큰 편입니다.
ㅇ 수도권 도심지역에서는 비교적 치안이 양호한 편이나 현지인들이 자주 이용하는 버스, 철도역, 상가 등에 야간 통행은 삼가 하시는 것이 좋습니다.
사건ㆍ사고의 유형
ㅇ 툭툭(삼륜자동차) 운전기사가 외국 관광객에게 목적지 도착 이후에 터무니없는 가격을 요구하는 경우가 있으므로, 미터기가 달려있는지 사전에 확인하시거나 탑승 전에 차비를 흥정한 후 이용해야 합니다. 특히 야간 시간대에 툭툭 운전기사가 인적이 드문 장소로 이동하여 강도로 돌변하는 경우도 다수 발생하고 있으니 주의를 요합니다.
ㅇ 여행객이 혼자 외출하는 경우, 사기, 절도, 강도의 표적이 되기 쉬우므로 여러 명이 함께 이동하는 것이 좋으며, 택시를 이용할 필요가 있을 경우에는 요금 미터기가 있는 택시를 이용하고, 툭툭 이용은 삼가는 것이 좋습니다.
ㅇ 스리랑카는 불교국가로서 선교 비자 소지자 이외의 선교활동은 금지되어 있습니다. 사원을 방문할 때는 신발과 모자를 벗어야 하고, 허가 없이 사진을 찍어서는 안됩니다. 또한, 각종 행정기관, 군사시설, 관광호텔 및 금융기관이 밀집해 있는 Colombo 1 지역(콜롬보 중심부)은 사진촬영이 금지된 곳이 많으므로 촬영 시 유의해야 합니다.
ㅇ 외국여행객 사건사고의 80%는 복장이 단정하지 않은 상태에서 불교 사원을 활보하거나 부처님 동상을 배경으로 사진을 찍거나 신발을 신고 입장하는 등 스리랑카 문화를 존중하지 않아 발생하는 것이라고 합니다.
자연재해
ㅇ 스리랑카는 전 세계에서 번개가 가장 많은 국가 중의 하나로 우기에 많은 번개가 발생하고, 매년 이로 인한 사망사고도 빈발하므로 유의가 필요합니다. 낙뢰는 몬순Monsoon 시작기에 해당하는 3~4월/10~11월 오후나 저녁에 발생 가능성이 높습니다. 일기예보를 주시하여 발생 위험 지역에 접근을 삼가셔야 합니다.
ㅇ 강수량이 많은 4∼6월 중 및 10월 중순∼2월 중순 경에는 주요 관광지를 포함, 지역에 따라 홍수로 인한 산사태 이재민 발생 등 피해가 대규모로 발생하고 있습니다.
ㅇ 2004년 인도네시아에서 발생한 지진의 여파로 대형 쓰나미가 발생하였습니다. 당시 높이 10m 해일이 스리랑카 전역 해변마을 대부분을 범람시켜 약 35,000 여명이 사망하고, 주택 60,000 채가 파손되었으며, 500,000 여명의 이재민이 발생하는 등 큰 피해를 입혔습니다.
유의해야 할 지역
ㅇ 스리랑카 동·북부 지역은 경찰력, 의료기설·통신·교통 등 제반 기반 시설이 많이 미흡한 상태로 여행자 사고 발생 시 대사관의 대응수단, 능력이 많이 제한적이기 때문에 여행 시 각별한 유의가 필요합니다. 특히 지방간선도로나 인적이 드문 곳으로의 여행은 가급적 삼가시기 바랍니다.
ㅇ 콜롬보 시내가 아닌 지방 등을 여행할 경우에는 사전에 교통 편, 숙소 등을 확실하게 마련할 필요가 있으며, 반드시 여권을 소지하고 여러 명이 함께 이동하며, 여행사, 회사 Agency, 단체 또는 지인의 도움을 받는 것이 좋습니다."
스웨덴,Sweden,SE,유럽,2023-11-24,"사건ㆍ사고 현황
ㅇ 스웨덴은 비교적 여행하기 안전한 나라로 강도와 폭행 및 살인과 같은 강력범죄의 발생 빈도는 극히 드물지만 도난 및 분실에 해당되는 사건사고가 매년 증가하고 있어 스웨덴 여행 시 소지품 관리에 각별한 주의가 필요합니다.
사건ㆍ사고의 유형
ㅇ 여름 휴가철 관광객들이 증가하는 시기에 스톡홀름 시내 감라스탄(구도심)이나 호텔 등에서 여권 등 중요 물품이 든 가방을 도난당하는 경우가 자주 있으니 주의하시기 바랍니다.
- The Hug Trick : 낯선 사람이 다가와 친밀감을 표시하면서 껴안거나, 담뱃불을 빌리면서 주의를 빼앗는 사이 소매치기를 하는 수법
- The Spill Trick : 크림이나 케첩 등을 옷에 흘린 후 닦아주는 척하면서 귀중품을 훔쳐 가는 수법
- The Note Trick : 식당이나 카페 등에 앉아있는 사람에게 다가와서 휴대폰, 전화기 등 귀중품 위에 지도, 신문 등을 올려놓고 위치를 물어보는 등 도움을 청한 후, 피해자가 도움을 주기 위해 설명하는 동안 휴대폰 등 귀중품을 가져가는 수법
- The Code Trick : 가게의 계산대나 현금인출기 등에서 코드번호를 누르는 것을 옆에서 관찰한 후 기회를 엿보아 카드를 훔쳐서 도용하거나 현금을 인출하는 수법
ㅇ 애완견이나 야생동물은 물릴 위험이 있으니 가까이하지 않도록 합니다.
ㅇ 숲이나 풀이 우거진 곳에는 야생 진드기(Fasting)가 많아 물릴 경우 사망에 이를 수도 있으므로, 여름철 풀숲 등에 들어갈 경우 유의할 필요가 있습니다.
자연재해
ㅇ 스웨덴은 태풍, 지진 등 자연재해가 거의 발생하지 않습니다.
유의해야 할 지역
[소매치기 유의 지역]
ㅇ 감라스탄 , 시청 앞, 바사 박물관 인근 및 시내 중심가 등 주요 관광명소 ㅇ 중앙역(T-centralen) 및 기차/고속버스 대합
ㅇ 호텔 로비 및 뷔페식당
ㅇ Arlanda 공항
ㅇ 기타 다중이 밀집하는 지역
ㅇ 위의 지역은 외국인을 대상으로 한 도난 및 소매치기로 인한 피해가 빈발하고 있으니 소지품 관리에 각별히 유의하시기 바랍니다."
스위스,Swiss,CH,유럽,2022-11-29,"사건ㆍ사고의 유형
□ 스위스에서도 도난/분실사고는 많이 일어나고 있습니다.
ㅇ 식당, 카페 및 대중교통을 이용할 때는 소지품을 잘 보관하기 바랍니다. 특히, 기차여행 중 객차 내 선반 위에 올려놓은 짐을 도난당하는 사고가 자주 발생하고 있습니다.
ㅇ 귀중품이 들어 있는 가방 등 소지품은 무릎 위 또는 발 밑에 보관하기 바랍니다.
□ 렌터카를 이용할 때는 교통법규를 준수하고, 도난 사고에 유의하세요.
ㅇ 교통신호 및 제한속도를 잘 확인하기 바랍니다.
ㅇ 도로공사 또는 구간별 특별제한으로 인해 제한속도가 다를 수 있으니 표지판을 잘 확인하기 바랍니다.
ㅇ 스위스 몽트뢰 시옹성 주차장에서 차량의 유리창을 깨고 차량 내 소지품을 절취하는 사건이 빈번히 발생하고 있습니다. 여권 및 귀중품은 항상 휴대하고, 차량 내에 가방 및 소지품을 두는 것은 위험합니다.
□ 레포츠 활동 중 사고를 조심하세요.
ㅇ 스위스 주요관광지에서 여름철에는 산악등반, 자전거, 패러글라이딩, 겨울철에는 스키, 눈썰매 등 각종 레포츠 활동 중에 부상을 입는 사고가 자주 일어나니 위험한 행동을 자제하고 안전수칙을 반드시 준수하기 바랍니다.
ㅇ 불의의 사고에 대비해 여행자 보험에 가입해 주십시오.
□ 경찰에 체포되면 영사 접견을 요청하세요.
ㅇ 스위스 경찰에 체포되어 경찰서로 연행될 경우, 침착하게 영사조력을 요구하기 바랍니다. 그렇지 않을 경우, 대사관은 체포사실을 알 수 없어 영사조력을 제공하기 어렵습니다."
스페인,Spain,ES,유럽,2023-03-07,"유의해야 할 지역
[바르셀로나]
ㅇ 람블라스 거리에는 관광객을 가장한 3~4명으로 구성된 소매치기단이 많이 활동하고 있습니다
ㅇ 구시가지 고딕 지구(까떼드랄, 피카소 박물관 주변 등) 역시 길이 좁아 소매치기 사건이 많이 발생합니다.
ㅇ 산츠역 주변 혹은 역사 내에서 열차를 기다리는 중 소매치기를 당하는 경우가 많습니다.
ㅇ 몬주익 언덕(올림픽 시설, 미로 미술관 등 위치)은 비교적 한적한 지역으로 흉기로 위협하는 강도 사건이 이따금 발생하고 있습니다.
[마드리드]
ㅇ 공항에서 시내로 이동하는 지하철 안에서 소매치기가 자주 발생합니다.
ㅇ 아토차 등 기차역을 중심으로 한 시내 한적한 이면도로에서 ‘목 조르기’ 강도 사건이 종종 발생하고 있습니다.
ㅇ 시내 중심가(그란비아, 스페인 광장, 솔 광장 등) 주변 골목길에 위치한 호스텔 등 저가 숙소를 찾는 과정에서 범죄 피해를 당하는 경우가 있습니다.
[그라나다]
ㅇ 알바이신 지역은 주택이 밀집되어 있고 미로 같은 좁은 골목길에 조명이 어두워 강도 사건이 자주 발생하는 곳입니다. 야간에 단독으로 산책하는 것은 자제하고 특히, 여성의 경우 주의를 요합니다.
[테네리페]
ㅇ 가라치코 및 테이데 국립공원 주·정차시 차량 내 물건 절도 사건이 빈번하게 발생합니다. 여권 및 귀중품 등은 반드시 가지고 내리고 캐리어, 배낭, 가방 등은 밖에서 보이지 않게 트렁크 안에 보관 후 차 문을 꼭 잠그시기 바랍니다.
[라스팔마스]
ㅇ 야간에는 항만 부두 지역 및 산타카탈리나 공원 등지에서 불법체류자들에 의한 마약 판매, 강도 및 날치기 사건 등이 발생하므로 가급적 배회하지 않는 것이 좋습니다.
ㅇ 축제 기간인 1월 중·하순~2월 중순 사이에는 야간 및 새벽에 통행하는 것을 자제하시기 바랍니다.
빈번한 사건·사고 유형
[렌터카 타이어 펑크 후 절도]
ㅇ 고속도로 휴게소에 주차해 둔 사이 혹은 신호대기 중인 차량의 타이어에 주로 오토바이로 이동하는 범인들이 고의로 펑크를 낸 후, 이를 운전자에게 알려 주면서 차를 갓길에 멈추게 합니다. 타이어 교체를 도와준다는 핑계로 접근하여 차량 안에 놓아둔 물품을 훔쳐 가는 수법입니다. 공항에서 렌터카를 임차하여 운행하는 경우에는 공항에서부터 뒤따라오고 있을 수 있으니 특히 주의하시기 바랍니다.
[렌터카 주차 차량 파손 절도]
ㅇ 유명 관광지 및 투숙 호텔 주변 노상에 주차해 둔 차의 유리창을 깨고 안에 들어 있는 내비게이션, 휴대폰, 노트북 등을 훔쳐 가는 범죄가 자주 발생합니다. 주차시 절대 차 내에 물건이 보이도록 방치하고 내리지 않도록 합니다. 트렁크에 옮겨 놓은 짐을 훔쳐가는 경우도 종종 있습니다.
[공항, 역, 터미널에서의 절도]
ㅇ 공항, 기차역, 지하철역, 버스터미널 등 종류를 불문한 교통 시설에서 절도 범죄가 자주 발생하고 있습니다. 여러 개의 짐을 휴대하고 교통편을 확인하는 도중, 출발 시간을 기다리며 로비나 카페에서 대기시, 또는 환전하는 사이 손가방을 주로 노립니다. 동전을 떨어뜨리거나 말을 걸어 주의를 산만하게 한 뒤 다른 공범이 물건을 들고 달아나는 수법을 자주 사용합니다.
[호텔 로비에서 절도]
ㅇ 호텔 안은 안전할 것으로 생각할 수 있으나 주의가 필요합니다. 투어 출도착시 관광버스에 놓아둔 물건, 체크인시 소파 주변에 놓은 물건, 뷔페식 아침식사를 가지러 가면서 식탁에 놓아둔 가방을 몰래 가져가는 경우가 있습니다. 특히, 단체 관광객이 자주 이용하는 도시 외곽 호텔에서 자주 발생합니다.
[의류매장 및 식당 내 절도]
ㅇ Zara, Adidas 등 시내 중심가 의류 매장에서 옷을 고르는 사이, 아이스크림가게, 패스트푸드점, 카페 등에서 음식을 주문하는 사이에 의자 옆에 놓아둔 소지품이나 의자에 걸쳐 두었던 상의에서 지갑을 훔쳐 가는 사례가 있습니다.
[해변가 절도]
ㅇ 바르셀로나 및 남부 해변에서 물놀이를 하는 사이 놓아두었던 휴대품을 도난당하는 사례가 있습니다.
[오물 뿌린 후 절도]
ㅇ 옷에 초콜릿이나 요구르트 등을 뿌리고 새똥이 묻었으니 닦아 주겠다면서 메고 있던 가방을 내려놓게 하거나 겉옷을 벗게 한 후 휴대품을 훔쳐갑니다. 특히 바르셀로나에서 많이 발생합니다.
[경찰 불심검문 사칭 절도]
ㅇ 사복 정장 차림의 범인들이 마약 범죄와 관련하여 조사할게 있다며 지갑을 넘겨 달라고 요구한 뒤 지갑 속의 현금을 훔쳐 가거나 신분 확인을 해야 한다며 신용카드 비밀번호를 요구하기도 합니다. 주변의 다른 공범이 조사에 응하는 척하면서 지갑을 건네는 모습을 보여주어 피해자가 따라 하도록 속이기도 합니다. 실제 사복 경찰이 검문을 하는 경우도 다수 있으나 경찰은 신분증만을 확인할 뿐 지갑을 요구하지 않으며, 시민은 사복 경찰에게 정복 경찰의 입회를 요구할 수 있습니다.
[목조르기 강도]
ㅇ 도심의 인적이 드문 골목길에서 여러 명이 갑자기 뒤에서 목을 졸라 의식을 잃게 한 후 휴대품을 빼앗아 달아나는 범죄가 마드리드를 비롯한 여러 도시에서 발생하고 있습니다.
[오토바이 날치기]
ㅇ 오토바이를 타고 지나가면서 어깨에 메고 있는 가방을 억지로 빼앗아 가는 경우가 있습니다.
[주점에서 마취 약물을 이용한 카드 피해]
ㅇ 타인이나 술집에서 제공한 음료를 마시고 정신을 잃은 사이 과도한 요금을 청구하거나 신용카드를 훔쳐 몰래 결제하는 경우 및 이를 이용한 성범죄가 발생하고 있습니다. 화장실 등으로 이동하기 위해 테이블을 벗어날 때에도 항상 본인의 잔을 소지하고 있어야 합니다. 또한, 검증되지 않은 유흥 주점이나 호객 행위를 하는 술집은 피하시기 바랍니다.
[인터넷 해외 송금 사기]
ㅇ 속칭 나이지리아인 송금 사기로 알려져 있습니다. 인터넷 메일을 발송하여 거액의 유산상속, 복권 당첨, 무역 투자 등을 미끼로 하여 착수금, 송금수수료, 세금 납부, 선수금 등 명목으로 해외 송금을 요구하는 사례가 종종 발생합니다. 범인들은 추적을 피하기 위하여 번호 6으로 시작되는 휴대전화(00 34/+34 6XX XXX XXX)를 연락처로 사용하면서, 신분 확인 없이도 인출이 가능한 웨스턴유니언(Western Union)을 송금 창구로 주로 이용하고 있습니다.
ㅇ 스페인 부동산 중개 사이트인 idealista에 허위 매물을 올려 가짜 에어비앤비(Airbnb) 사이트로 유도한 뒤 결제를 요구하는 방식으로 카드정보를 빼내는 사기가 발생하고 있습니다.
[마약 운반 범죄 연루]
ㅇ 의류 샘플을 전달해 달라거나 공짜 여행을 시켜준다며 선량한 관광객을 운반책으로 모집하고, 중남미 등지에서 항공편을 이용하여 스페인으로 마약을 운반하게 하다가 공항에서 적발되는 경우가 있습니다.
자연재해
ㅇ 폭염 및 산불 재해 : 세비야 등 남부 지방은 7~8월에 대낮에 45도가 넘는 폭염이 발생하는 지역으로 일사병에 유의하여야 합니다. 고온 건조한 여름철에는 산불이 발생하기도 합니다.
ㅇ 집중 호우 : 11월 이후 겨울철에 갈리시아 등 북부 지방, 안달루시아 등 남부 지방, 발레아레스 제도 및 카나리아 군도에 집중호우가 발생하여 도심이 잠기거나 주요 도로가 통제되는 수해가 발생합니다.
ㅇ 한파 및 폭설 : 북부 및 중부 메세타(내륙고원) 지역은 겨울철 한파로 폭설이 내리기도 하고 갑작스러운 기상 악화로 항공기 운항에 차질이 발생하기도 합니다. 이 같은 이유로 안전을 위하여 매년 11월~3월 산티아고 순례길 나폴레옹 구간이 폐쇄됩니다.
ㅇ 지진 : 지진이 자주 발생하지는 않으나 2011.5월 남부 무르시아주 로르카시에서 진도 5.2의 지진이 발생하여 8명이 사망하고 167명이 부상하였습니다. 또한 ‘19.3.24. 무르시아에 근접한 알리칸테주에서 진도 3.8의 지진이 발생하였으나 별다른 피해는 없었으며, 동 지역은 스페인 반도 중 지각 활동이 가장 활발한 것으로 평가되고 있습니다.
- 재난 경보 사이트 : www.proteccioncivil.org (재난방재국)"
슬로바키아,Slovakia,SK,유럽,2023-11-24,"사건ㆍ사고의 유형
ㅇ 특히 수도 브라티슬라바의 구시가지는 관광객이 많이 몰리는 곳으로 소매치기 사건이 자주 일어나고 있습니다. 최근에 한국인을 표적으로 한 사고가 자주 발생하고 있으므로 각별한 주의가 요망됩니다. 여행자들이 지켜야 할 안전 수칙은 다음과 같습니다.
□ 가방 및 소지품 절도
ㅇ 관광객이 많이 방문하는 구시가지(Old Town) 광장 및 식당, TESCO (대형마트), 또는 전차ㆍ버스 정류장 등에서 피해가 많이 발생하고 있습니다. 모르는 사람이 다가와 가까이 서 있다가 자연스럽게 가방을 들고 가거나 마트에서 물건을 포장하는 동안 계산대 위에 둔 지갑을 훔쳐 가는 경우가 종종 발생하고 있습니다. 특히 많은 사람이 오가는 맥도날드 등 패스트푸드점에서는 각별한 주의가 요망됩니다.
[안전 수칙]
- 모르는 사람이 부자연스럽게 가까이 접근할 때 경계심을 가져야 하며 소지품에 주의하여야 합니다.
- 여권 및 현금은 되도록이면 한 곳에 소지하지 않고, 현금의 경우에는 내부 주머니 또는 복대 등에 나누어 휴대하는 것이 좋습니다.
- 붐비는 길을 다닐 때에는 가방을 옆으로 메는 것보다는 몸의 정면에 두시는 것이 좋습니다.
- 레스토랑 등에서 식사할 때에는 휴대품은 항상 시선이 닿는 곳에 놓고, 이석할 경우에는 자리에 두지 마시고 항상 들고 가는 것이 안전합니다.
□ 노상강도
ㅇ 슬로바키아 도시들은 밤늦은 시간에 인적이 드문 편입니다. 야간에 길을 가다가 도로 주변에서 소매치기를 당하는 사례가 발생하고 있으며, 한낮에도 인파가 많은 광장 주변에서 떼지어 몰려다니는 청소년들에 의해 사고를 당하는 일이 있습니다. 환전소, ATM기 또는 은행을 이용한 후, 현금이나 카드를 소지한 경우에 특별히 유의하시기 바랍니다.
[안전 수칙]
- 야간에 외출할 경우에는 일행과의 동행을 권하며 인적이 드문 곳은 삼가시기 바랍니다.
- 핸드백 및 휴대품은 몸의 정면에 휴대하고 차도의 반대쪽으로 들어 주시기 바랍니다.
- 귀중품 및 필요치 않은 물품들은 되도록이면 휴대하지 마시고, 여권은 경찰관 요구 시 제시하여야 하므로 휴대하시기 바랍니다.
- 환전소, ATM기 또는 은행을 이용할 경우에는 반드시 그 자리에서 현금 및 카드 등을 가방 속에 넣고 이동하여야 합니다.
□ 거짓 검표원
ㅇ 전차 및 버스 내에서 외국인을 대상으로 검표원을 사칭하고 검표를 한다며 휴대품을 갈취하는 피해 사례가 발생하고 있습니다. 검표를 행하는 사람들은 검표에 불응하거나 무임승차에 대한 벌금을 내지 않는 경우 경찰에 신고할 수 있을 뿐 경찰도 아니고 물품을 뺏어갈 권리가 없습니다. 또한, 검표를 행할 때는 일단 전차나 버스에 올라탄 후 15초 이후 검표기를 끈 후 신분증을 높이 올려 모두에게 보여주며 검표를 시작함을 큰 소리로 알리도록 되어있습니다. (무임승차 벌금 - 검표 시에나 검표 후 10일 이내에 벌금 납부 : 50 유로, 기한 이후 납부 : 70 유로, 정액권 미지참시 : 5 유로)
[안전 수칙]
- 본인의 신분증을 보여주지 않고 검표를 요구한다면 가짜 검표원인지를 의심해보시고 상대방의 신분증을 요구하십시오.
- 동행인이나 근처 관공서에 이를 알려 도움을 청하십시오.
□ 사기 접근
ㅇ 공항 근처 및 시내 근교에서 관광객들을 상대로 숙박시설로 유인하거나 관심을 보이며 접근하여 금품을 갈취하거나 바가지를 씌우는 사례가 증가하고 있습니다.
[안전 수칙]
- 공항 및 역 주변, 시내 근교에서 숙박시설로 유인하는 사람들을 따라 가지 마시고 여행안내데스크에서 숙박시설을 문의하거나 여행 출발 전 미리 확인하는 것이 안전합니다. 여성의 경우(특히 한두 명 정도 적은 인원)는 친밀하게 접근하는 사람이나 관심을 표하며 합석을 요구하는 사람 등을 주의해 주시기 바랍니다.
- 주차되어 있는 차량 내부에 귀중품이나 고가 물건(휴대폰, 노트북 등)을 둔 것이 외부에서 보이는 경우, 유리창을 파괴하고 절도하는 사건이 종종 발생하고 있습니다.
- 차량 내부에 귀중품은 가능한 한 두지 마시고, 두는 경우에도 외부에서 보이지 않도록 주의해야 합니다.
- 특히 차량 주차 시 문이 잠겼는지 꼭 확인하시기 바랍니다.
※ 사건사고 등에 대비하여 국내 가족 등에게 숙박시설 전화번호 등 연락처를 남기시기 바랍니다.
자연재해
ㅇ 태풍, 지진 등 특별한 자연재해는 거의 발생하지 않으나, 겨울에는 북부 산악지역 중심으로 많은 눈이 내려 교통통제가 되기도 하므로, 스키여행을 하는 경우에는 안전에 대한 각별한 주의가 요망됩니다.
유의해야 할 지역
ㅇ 슬로바키아는 주변국인 오스트리아나 체코에 비해 관광객 또한 적은 편이고 비교적 치안이 안정된 나라입니다. 하지만 홀로 밤길이나 인적이 드문 곳을 걷는 것은 안전상의 피해를 입을 수 있으므로 주의하시는 것이 좋습니다. 또한 삼성, 기아 등 국내 대기업들의 진출로 인해 한국인들이 돈이 많다는 인식이 있으므로 절도 등에 유의하셔야 합니다."
슬로베니아,Slovenia,SI,유럽,2022-11-29,"사건ㆍ사고 현황
ㅇ 슬로베니아는 치안이 안정된 나라로 정평이 나 있지만, 구(舊)유고슬라비아 해체 과정에서 유입된 불법체류자 및 불량 외국인들에 의한 절도, 소매치기, 날치기 등의 단순범죄에 유의하는 것이 좋습니다.
- 최근 슬로베니아에서 발생한 단순범죄는 국내인에 의한 것 보다는 지난 몇 년간 알바니아 등 외국에서 유입된 노동자들에 의한 사건 비율이 높습니다.
사건ㆍ사고의 유형
ㅇ Murska sobota, Novo Mesto 등 집시 집단거주지역에서 집시에 의한 구걸 행위, 절도, 소매치기, 날치기가 빈번하게 발생합니다.
ㅇ 최근 다년간 동양인 관광객이 늘어나면서 동양인을 상대로 한 경미한 범 죄들이 빈번하게 발생하고 있으므로 주의가 필요합니다. 호텔에서 아침식사시, 손가방을 소매치기 하는 경우가 발생하기도 합니다.
자연재해
ㅇ 여름에 마른벼락이 많이 치므로 주의를 요합니다.
ㅇ 여름에 굵은 우박으로 인해 자동차가 찌그러지거나 도색이 벗겨질 수있으므로 자동차에 항시 담요나 덮개류를 휴대하는 것이 좋습니다.
유의해야 할 지역
ㅇ 공항, 기차역, 버스 터미널이 복잡한 것을 노리고 소매치기나 날치기꾼이 접근할 수 있으므로 여행객이 많이 몰리는 장소에서는 개인 휴대물 소지에 각별히 유의하시기 바랍니다.
ㅇ 카지노 등 도박장에서 동양인을 상대로 금품 절도나 강도가 발생할 수 있으니 여권, 지갑 등의 소지품 관리에 각별히 유의하시는 것이 좋습니다."
시리아,Syria,SY,중동,2025-01-21,"사건ㆍ사고 현황
□ 테러, 인질 등에 대한 상황 및 정세
[시리아 전투동향]
ㅇ 4월 초 현재 시리아 북동부 유프라데스 강 東岸은 미 동맹군과 쿠르드 민병조직(SDF)에 의한 ISIS 최후거점인 ‘바구즈 (Baghuz)’ 함락에 따라 , 대량의 피난민이 발생하였으나, 전투는 시리아-이라크 국경지역에 대한 미 동맹국의 공습이외, 지상전투는 소강상태임
※ 미 동맹국 공습(2014.8~2019.2) 34,058회 실시, 민간인 1,257명 사망
ㅇ 한편 북서부 최대 반군지역인 Idlib 주(※ 경기도의 1/2규모 면적)는 시리아 정부군과 반군 간 상호 거점포격 등 전투가 「긴장완화지대설치」 합의에도 불구, 지속되고 있음
ㅇ 아울러 이스라엘도 제2의 도시인 알레포(Allepo) 등 이들립 인근지역 내 이란 관련 시설에 대한 공습을 감행함
ㅇ 친미 반군지역이 지배하고 있는 시리아 남부 요르단 북부 국경지역인 「al-Tanf 」은 반군이 약 55킬로 평방미터 구역을 차지, 이란의 이라크를 연결하는 주요 간선도로로 이란의 시리아 접근(테헤란-바그다드-다마스커스-베이루트 등 소위 “시아파 벨트”)을 차단하고 있음
ㅇ 시리아 북부 터키와 국경을 접하고 있는 지역은 터키 군 및 친터키 반군이 점령하고 있으며, ‘랏카’ 등에서는 2월 ISIS 잔당에 의한 자살 테러공격으로 인한 인명피해가 수 건 발생함
[대 서방국 및 주변국 관련 시리아 최근 정세]
ㅇ 대 미국 관련 : 시리아는 2009. 2월 Obama 미 대통령 당선 이후, 2009. 3월 및 5월 Jeffrey Feltman 미 국무부 근동 담당 차관보(전 주 레바논 미국 대사)와 Daniel B. Shapiro 미 백악관 안보 보좌관 등이 시리아를 방문하여 양국 간 관계 개선을 추진하여 왔습니다.
ㅇ 2009. 6월 Obama 대통령이 2005년 하리리 전 총리 암살 이후 소환한 주 시리아 미국 대사를 재파견하겠다고 발표한 이후, 2010.2.16 Ford 주이라크 차석대사가 주 시리아 미국대사로 지명되었습니다.
ㅇ 2010.3 John Kerry 미 상원 외교위원장 시리아 방문 및 4월 시리아 정부의 미국인 학교 재개설 허용(2008.11폐쇄) 등 시리아는 대미 관계 개선을 추구하면서도 동시에 이란 및 헤즈 불라 와의 굳건한 유지 관계 견지 중으로, 2010.2.25 다마스쿠스에서 이란-시리아-헤즈볼라 간 정상회담, 2010.10.3 아사드 대통령 이란 방문을 통해 시리아의 대서방 관계 개선에 대한 이란의 의혹을 불식시킨 바 있습니다.
ㅇ 대 이스라엘 관련 : 2007.9.6 이스라엘 공군기가 시리아 내 핵시설로 추정되는 시설을 공격, 파괴한 것으로 알려지고 있습니다. 최근에는 골란 고원 반환 등을 주요 쟁점으로 한 간접 대화(터키 중재)를 추진하고 있으나 동 간접대화는 지난 9월 이후 중단된 상태입니다.
ㅇ 프랑스 등 대 서방국 관련 : Bashar El Assad 시리아 대통령이 7.13 파리 ‘지중해연합 발족 정상 회의’ 참석 계기에 프랑스, 레바논 정상들과 회담을 가졌으며, 최근에는 프랑스, 영국 등 서방국 고위 인사들의 시리아 방문이 이어지는 등 서방 유럽 국가들과의 관계 개선 움직임이 있습니다.
ㅇ 대 레바논 관련 : 2005.2 레바논 전 총리 Hariri 암살 및 시리아군 철군 이후 관계가 악화되어 왔습니다. 2008.5.25 Sleiman 레바논 대통령 취임을 계기로 양국 관계 정상화 논의가 이루어져, 2008. 10월 시리아 다마스커스에서 개최된 양국 간 외무 장관 회담을 통해, 양국 간 공식 수교 발표 이후, 2008. 12월 주 레바논 시리아 대사관이 개설되었고, 2009. 3월 레바논 대사관도 개설된 바 있습니다.
ㅇ 2010년에는 레바논 대통령(6.15,11.16)과 총리(5.18,8.29)가 시리아를 2차례나 방문하였고, 4월 현 S.Hariri 총리가 전 R.Hariri 총리 암살사건 배후로 지목되던 시리아에 대한 비난을 철회하는 등 레바논-시리아 간 긴밀한 관계가 유지되고 있습니다.
[테러 동향]
ㅇ 2008.2.12 다마스쿠스에서 레바논 헤즈볼라 간부 Imad Mughniyeh가 폭탄 테러로 사망하는 사건이 발생하였습니다.
ㅇ 2008.9.27 다마스쿠스 남부 외곽 국제공항 진입로 인근에서 차량 폭탄 테러가 발생하여 17명이 사망하고 10여 명의 부상자가 발생하였습니다.
ㅇ 2009.12.3 이란 성지 순례단이 탑승한 버스가 다마스쿠스 10km 남부에 위치한 Sayy Zainab 모스크 인근에서 폭발 3명이 사망하고 수명이 부상당한 사건이 발생하여, 시리아 내무부는 폭발의 원인을 단순 부주의로 인한 사고로 발표하였으나, 테러 가능성도 전혀 배제할 수 없습니다.
ㅇ 시리아는 서방국가들로부터 그동안 폐쇄된 테러 지원국으로 지목되어 왔을 뿐만 아니라 기존 팔레스타인 난민캠프 외에도 최근 이라크 전쟁 이후 이라크 난민 유입으로 테러단체 은거 활동 등 불안요인이 있기도 합니다.
ㅇ 또한 최근의 시리아 개방 분위기 및 정치 변화의 이면에는 이슬람 종파나 보수세력과의 갈등 가능성 등 불안요소도 배제할 수 없으므로 정치, 종교 적 집회 등 대중이 모이는 곳은 출입을 피하기 바랍니다.
ㅇ 무리한 선교활동 등 외국인 대상 테러 표적이 될 수 있는 원인을 제공하지 않도록 하고, 테러 위험이 제기되는 장소(예: 외국 정부와 관련되거나 외국인 방문 인사들이 주로 사용하는 장소, 호텔, 식당, 학교, 쇼핑몰 등) 이용 시 안전에 주의 바랍니다.
[범죄 현황 및 치안상태]
ㅇ 시리아 사회 일반범죄율은 비교적 낮은 편입니다. 하지만 소매치기, 날치기, 신용카드 사고 등이 종종 발생하고 있으므로 조심해야 합니다.
자연재해
[먼지 및 황사]
ㅇ 먼지가 많으며 계절적으로 발생하는 정기적인 모래폭풍(짙은 황사현상)이 발생합니다.
ㅇ 시리아는 지진대(active seismic zone)에 위치하고 있습니다."
시에라리온,Sierra Leone,SL,아프리카,2022-08-02,"사건ㆍ사고의 유형
ㅇ 야간 주거침입 강도사건 및 소매치기 사건이 빈번하게 발생합니다. 주간에는 비교적 안전하게 다닐 수 있으나, 야간 외출시 신변안전에 유의하셔야 합니다.
ㅇ 도로사정이 매우 좋지 않으며, 폭우시 도로유실 및 침수로 인해 사고의 위험성이 높습니다.
ㅇ 다이아몬드와 금으로 유명한 만큼 생산지에서 저가에 판매한다고 허위 광고를 하거나, 블랙 달러를 이용한 사기사건이 자주 발생합니다.
자연재해
ㅇ 우기에는 현지의 열악한 배수시설로 인해 자주 가옥 멸실 등 침수피해가 발생합니다.
ㅇ 수출용 나무 벌채로 인해 곳곳에서 산사태가 발생한 사례가 있습니다. 우기철 산악지역 운행시 각별히 조심하셔야 합니다.
ㅇ 현지 여객선(나룻배)이 시설낙후로 인해 좌초 등 해난사고가 자주 발생하므로 선박 이용시 주의가 필요합니다.
ㅇ 홍수 피해 발생 시 이에 따른 수인성 전염병 또한 주의해야 합니다. 홍수 발생 시 수도 Freetown 등지에서 콜레라 발병사례가 있습니다.
유의해야할 지역
ㅇ 치안 관련 특별히 유의해야 할 지역은 별도로 없으나, 야간에 혼자 다니는 것은 위험합니다.
ㅇ 에볼라, 콜레라 등 전염병 발병지역에 대해 항상 관심을 갖고 발병지역 방문자제가 필요합니다."
싱가포르,Singapore,SG,아주,2023-11-24,"사건ㆍ사고
ㅇ (개괄) 세계 최고 수준의 치안 상태에 상응한, 엄격하고 강력한 법집행에 유의하실 필요가 있습니다.
※ 사건사고 피의자로 혐의를 받을 경우 우선 여권이 압수되고, 재판 종료 시까지 상당기간 체류해야 함
※ 수사기관의 체포 시 미란다원칙 고지 의무가 없고, 체포 후 경찰 조사 완료 시까지 변호임 선임·체포 통지 의무도 없으며, 오히려 경찰에서 한 진술을 철회할 수 없고, 판사가 인정 시 유죄의 증거로 채택됨
피의자의 진술거부 시에 수사관은“판사에게 불리한 유죄 심증을 줄 가능성이 있다.”는 요지의 고지를 전달하도록 되어 있는 등, 국내와 형사법적 차이가 상당함에 유의하실 필요가 있습니다.
ㅇ (비싼 의료비) 갑작스런 질병이나, 사고로 병원 치료를 하시는 경우 국내와 비교 매우 높은 병원비 부담이 발생하는 바, 해외 여행 前 충분한 보험가입 및 사전 건강검진 등을 권유 드립니다.
※ 수술을 요하는 1일 입원 치료 시 1만 싱불(8~9백만원)을 상회하는 사례가 많음. 최소 수술로 3일 정도의 중환자실 치료 시 2~3만싱불 의료비 발생 가능성
[주요 유형]
(1) 性관련 범죄(Outrage of Modesty) : 싱가포르 치안당국의 3대 관심 범죄 중 하나로, 쇼핑몰·화장실 등 공공장소에서의 휴대폰 등 이용 촬영이나, 유흥가(public entertainment hotspot)에서 성추행 및 성폭행 등 관련 피해·가해 사례가 종종 발생하고 있습니다.
※ 잘 알지 못한 사람들이 권하는 음료는 절대 삼가시고, 음주 중 상대의 동의가 없는 스킨십, 음주 후 함께 숙소로 동행한 이후에서 분쟁 사례가 발생함에 유의하실 필요
※ 음주 후 기억(의식)이 없는 가운데 경찰에 체포되어 보호 조치된 사례들 있는바, 과도한 음주로 공공 장소에서 취침하거나, 일행이 방치되지 않도록 하시기 바랍니다.
※ 최근 공연비자 또는 무비자 등으로 현지 유흥업소 등에 취업 중 적발·처벌되는 사례 증가
(2) 뇌출혈·복통 및 교통사고 등 사례 증가
- 비교적 가깝고, 연중 따뜻하며, 안전한 가족 여행지로 선호되는 싱가포르 특성상 어린이·어르신 들을 동반한 경우들이 많으신데, 최근 뇌출혈·복통 후 사망에 이른 사례들이 증가함
※ 외부에서 음식물 섭취 후 급격한 복통이 느껴지고 구토·설사 등 증상 시 최단 시간 응급 진료 필요
- 정밀검사 또는 수술 필요 시 상당한 병원비가 발생되며, 충분한 한도의 신용카드 등 준비 필요
- 현지에서 교통사고 피해를 입으신 경우에도 가해자가 동의하여 치료비를 부담하는 예외적 경우를 제외하고, 대개 본인이 먼저 부담하고 상당기간 경과 후 보험사 등에서 정산 지급함
(3) 오차드·탄종파가·차이나타운·클락키 등 관광객이 많이 방문하는 유흥가에서 심야 시간 상대 일행들과 시비로“다중 충돌” 발생 시 소요죄(Rioting)로 법적용, 관련자 모두 처벌 후 상해·폭행은 이후 확인 시 처벌함에 유의하셔야 합니다.
(4) 엄격한 공공질서 : 껌 금지법 시행으로 껌의 판매, 유통 시 처벌되며, 쓰레기 투기, 지하철 등 대중교통에서 음식물(물 포함) 섭취 시에도 처벌되며, 재범 시 가중 처벌됩니다.
- 담배의 경우 반입량에 관계없이 면세가 일체 허용되지 않아 반드시 세관 신고를 해야 하며, 2018.2월부터 전자담배, 물담배, 씹는담배 및 기기들의 구매·소지가 금지되었습니다.
- 19년 1월1일부터 오차드지구(Orchard Rd Precinct)의 인도를 포함한 모든 공공구역(public areas)이 흡연금지구역으로 설정되어, 4월1일부터는 오차드지구 내 흡역허용지역(Designated Smoking Areas) 이외에서의 흡연으로 단속 시 200~1천싱불의 벌금이 부과될 수 있습니다.
(5) 정신질환 의심 시 체포·보호조치 : “정신건강보건법상”정신질환 의심으로 신고 되고, 경찰관이 본인 또는 타인에게 위험이 있다고 판단하는 경우, 지체 없이 정신과의사의 진료를 받도록 조치하는 것을 의무로 규정하고 있고, 의사의 판정에 따라 지정 병원에 보호 조치할 수 있는데, 재외국민 사례도 종종 보고되고 있습니다.
※ 공항·주요 거리에서의 이유 없는 고성과 설명하기 어려운 행동 시 신고가 즉시 이루어지는 실정
(6) 타인 신분증 사용 및 허위 분실 신고 : 카지노 또는 다른 시설에 입장하는 경우 일행 등 타인의 신분증을 제시하거나, 다른 나라 등에서 분실 후 현지에서 분실한 것처럼 신고 중 조사과정에서 허위로 적발되어 처벌되는 사례가 있는 등 사실관계 확인이 꼼꼼하게 처리됨을 유념하기 바랍니다.
(7) 대통령궁 및 주요 공공시설의 경우, 특히 펜스 또는 담장 등이 설치된 경우 : 사진 촬영 등이 엄격하게 금지된 경우가 대부분인 바, 기념사진 등 촬영 시 주변에 보호구역 지정 표시나 사진 촬영금지 표시가 있는 경우 반드시 관리자 또는 근무자에게 확인 후 촬영하시기 바랍니다.
※ 표지 확인 및 근무자 확인이 곤란한 경우 현지인 또는 주변의 다른 사람들의 행동을 살펴보시기 바라며, 무심코 사진 촬영타 CCTV·사복근무 중인 근무자들에 의해 적발되어 경찰에서 조사받은 사례
(8) 기타 유의사항 : 싱가포르에서의 마약 범죄의 경우 일정기준 이상 유통 시 반드시 사형을 구형하도록 규정하고 있고, 예외 없는 처벌로 국제사회에 널리 알려져 있는데, 과거 우리 국민 사례도 보고된 바 있습니다. 또한, 사법제도에 태형(caning)이 포함되어 있고 강도, 인질, 마약 등 강력 범죄 외에 반사회적범죄 등의 죄를 범한 경우에도 선고되며, 의료진이 참관하는 가운데 전문 집행관에 의해 집행되는데, 수형자의 상처로 형집행 곤란 시 회복과정을 거쳐 재집행하는 바, 극심한 후유증이 수반된다고 알려져 있습니다.
- 아울러 싱가포르에서는 1인의 집회시위라 하더라도 반드시 사전 허가를 받아야 하며, 정치적 구호·인물의 사진 등을 담은 벽보, 현수막, 티셔츠 착용 등이 엄격하게 금지되어 있으며, 다민족·다종교·다언어·다문화 국가로서 상호 다양성을 존중하면서도, 국민의 단합과 국가의 정체성을 지키기 위해, 불가피한 조치로 현지법을 존중하고 준수할 필요가 있음을 말씀드립니다."
아랍에미리트,United Arab Emirates : UAE,AE,중동,2023-11-24,"사건ㆍ사고 현황
ㅇ 아랍에미리트는 중동 지역에 위치하고 있으나 최근 몇 년 동안 국내에서 테러가 발생한 사례는 없습니다.
- 여타 중동 지역 국가 대비 테러 발생률은 매우 낮은 수준이라고 볼 수 있습니다.
- 국내 과격 세력 기반이 거의 없고, 국내 정세가 안정적이며, 민병대 등 사병을 보유하거나 정치적 문제를 야기하는 정당이 없으며, UAE가 특정 단체나 국가에 대한 언급 자제, 대테러 공조 및 방어 시스템이 잘 갖춰져 있는 점 등이 테러 억제 요인이라고 볼 수 있습니다.
ㅇ 미국 등 주요 국가들도 아랍에미리트가 중동 지역 내에서 가장 안전한 국가중의 하나라고 평가하고는 있으나, UAE는 기본적으로 중동에 위치하고 있고 개방 정책 추진에 따른 양면성을 고려할 때, 자국민 보호 차원에서 테러 문제에 관한 한 보수적이고 신중한 자세로 대처하고 있으며, 경각심을 유지하도록 공지하고 있습니다.
ㅇ 아랍에미리트에서 가장 많이 발생하는 사고는 교통사고이며 미대사관 등에서는 아랍에미리트를 방문하는 자국민들에게 교통사고 주의, 여성 단독 야간 보행 주의 등을 주의 사항으로 당부하고 있습니다. 최근 두바이 및 아부다비에서 절도 및 사기, 여성을 대상으로한 성범죄 발생이 증가추세에 있으며, 영국대사관에서는 여성들이 클럽 등지에서 모르는 남성이 제공하는 음료나 물을 먹지 않도록 안내하고 있습니다.
ㅇ 아랍에미리트내에서 음주, 사진촬영 시는 특별한 주의가 요구됩니다. 음주는 호텔 등 주류판매허가권을 취득하고 영업을 하는 지정된 곳에서만 가능하며, 이외의 장소에서 음주시는 처벌될 수 있습니다. 또한 국가기관, 관공서, 군사시설, 대사관 등 사진촬영 금지구역에서 사진촬영 시는 구속 수감될 수 있으므로 각별히 주의를 할 필요가 있습니다.
사건ㆍ사고의 유형
ㅇ 주류 구입 허가가 있으면 주류 판매처에서 주류를 구입할 수 있으나, 공공 장소에서 음주는 금지되어 있으며, 음주로 인한 사건, 사고 발생시 엄중한 처벌을 받습니다.
ㅇ 음주 운전에 관한한 예외를 인정치 않는 무관용(Zero Tolerance) 원칙을 적용하고 있습니다. 음주 운전은 경우에 따라서는 추방에 이르는 엄중한 처벌을 받을 수 있으므로 어떠한 경우라도 음주 운전을 하지 않아야 합니다.
ㅇ 이슬람국가에서는 성매매, 혼외정사를 엄격히 처벌하고 있으며, 현지인에게 성폭행을 당해도 여성의 자발적 동행 여부가 피해사례 입증에 중요한 근거가 되는바, 각별한 주의가 필요합니다. 여성들의 경우 심한 노출복장은 삼가며, 모르는 사람의 과도한 친절 및 차량동승 제의는 사절하여야 합니다.
ㅇ 교통사고는 아랍에미리트에서 발생하는 사고 중에서 가장 비율이 높은 것으로서, 모든 도로 운전시 각별한 주의가 요망됩니다. 또한 UAE는 교통 범칙금 제도가 매우 엄하게 지켜지는 나라이며 교통 법규 및 신호를 무시 할 경우, 높은 액수의 벌금을 납부해야 합니다.
ㅇ 교통사고가 발생하였을 경우, 경미한 사고의 경우라도 상대방과 합의없이 현장을 떠날 경우, 엄중한 처벌을 받게 될 수 있으므로 유의하셔야 합니다.
ㅇ 아랍에미리트는 공항, 항만, 왕궁, 국가 공공기관, 군사시설, 외국대사관 및 국가주요시설물 등에 대해서 사진촬영을 엄격하게 금지하고 있습니다. 금지구역 사진촬영 시는 체포, 구금에 이어 검찰고발에 따라 벌금형과 함께 3개월 내지 1년간의 구금형에 처해질 수 있습니다.
ㅇ 마약소지 및 복용, 유통 및 배포에 관해서는 엄중하게 처벌하며, 극형에 처해질 수도 있습니다.
ㅇ 아랍에미리트의 경우, 대부분 영어가 잘 통하나 경찰, 법원 등에서는 영어가 잘 안통하지 않는 경우가 많으며, 아랍어로 신속하게 사건을 처리합니다, 따라서 신중하게 대처하지 않으면 자신도 모르게 엄중한 처벌을 받을 수 있으니 각별히 유의하셔야 합니다.
유의해야할 지역
ㅇ 심각한 지진, 홍수 등의 자연재해가 최근에 발생한 사례는 없습니다. 2008.9월 이란에서 발생한 지진 여진으로 현지의 고층건물이 조금 흔들린 사례가 있습니다."
아르메니아,Armenia,AM,유럽,2025-06-30,"사건ㆍ사고의 유형
ㅇ 아르메니아는 여행객들에게 주목받고 있는 캅카스 3국 여행지로서 우리국민 방문객 수도 늘어남에 따라 분실 등 각종 사건·사고도 지속 발생하고 있습니다.
- 특히, 대중교통에서의 소매치기 등 절도 사건이 증가하는 추세이니, 소지품 도난·분실에 주의해주시기 바랍니다.
- 아르메니아의 치안은 다른 유럽국가에 비해전반적으로 양호한 편이라고 할 수 있으나, 심야시간대 외출은(특히 여성 여행객 단독) 가급적 자제해주시기 바랍니다.
ㅇ 아르메니아 국내법을 위반할 경우 추방, 체포, 구금 등의 형을 받을 수 있으므로 법령을 준수하여야 하며, 특히 아르메니아는 마약 소지와 거래에 대해서는 엄하게 처벌하고 있으므로 각별히 유의하셔야 합니다.
자연재해
ㅇ 아르메니아 및 인근지역은 아라비아판과 유라시아판이 만나는 곳에 위치하여 지진이 자주 발생합니다. 최근(2024.8.12) 아르메니아 게가쿠니크주 마르투니인근에서 진도 4.2 지진이 발생한 바 있으며, 특히 1988년 12월 발생한 지진(진도 6.8~7.0)으로 4만 명 이상의 사상자가 발생하기도 하였습니다. 또한 산악지대의 특성상 산사태 등이 빈발하므로 각별히 주의해야 합니다.
유의해야 할 지역
[여행유의 지역]
ㅇ 아르메니아와 아제르바이잔 국경 지역에서 소규모 무력 충돌 및 피해가 계속 발생하고 있는 가운데, 수도 예레반에서는 반정부 시위가 지속 발생하고 있으며, 일부 과격 시위로 참가자가 구금되고 부상자가 발생하는 등 아르메니아를 방문하는 우리국민의 신변 안전에 주의가 요구되고 있습니다.
- 아르메니아 방문을 계획하고 계신 우리 국민께서는 시위·집회 장소 및 아제르바이잔 접경지역 방문을 삼가 주시기 바랍니다
ㅇ 나고르노-카라바흐 지역은 현재에도 군사적 긴장. 상태가 유지되고 있으므로 우리국민께서는 나고르노-카라바흐 지역 방문을 삼가 주시기 바랍니다.
ㅇ 아르메니아와 아제르바이잔, 튀르키예 간 국경은 봉쇄되어 있기 때문에, 아르메니아를 통해서 아제르바이잔, 튀르키예로 육로 이동은 불가능합니다.
ㅇ 수도 예레반에서 남서쪽으로 약 30Km에 위치한 메차모르(Metsamor)시에는 구소련 시기에 건설된 원자력 발전소가 있습니다. 아르메니아 정부는 대체발전소 건설 시까지 당분간 계속 운영하는 대신 안전설비를 보강하겠다는 입장이나, 발전소 시설이 노후화되어 있는 만큼 메차모르 지역 방문은 자제하여 주시기 바랍니다."
아르헨티나,Argentina,AR,미주,2022-08-02,"사건ㆍ사고의 유형
ㅇ 아르헨티나로 출발 시 귀중품은 가급적 기내용 가방에 넣어두시기를 당부 드립니다.
- 공항 내 분실사고가 잦으며 수하물 가방의 전자제품 및 귀중품이 없어지는 사례가 있으므로 귀중품은 기내용 가방에 넣어두시기 바랍니다.
- 부득이 귀중품을 수하물 가방에 넣고 타실 때에는 공항에서 랩으로 싸는 서비스(유료)를 이용할 것을 권장합니다.
ㅇ 숙소 도착 후 체크인을 기다리는 동안 긴장을 풀지 않아야 합니다.
- 시내 지역의 소형 호텔은 날치기 범들이 자주 찾는 장소로 짐을 몸에서 떼지 마시고, 호텔방에 들어갈 때까지 긴장을 늦추지 않는 것이 좋습니다.
ㅇ 숙소에서 나와 관광시 가급적 귀중품을 들고 다니지 않는 것이 바람직합니다.
- 고가의 전자제품 등을 소지하고 다니면 소매치기 등 범죄자들의 표적이 되기 쉬우므로 시내 관광시에는 가급적 중요한 물품 등은 안전한 곳에 보관하시기 바랍니다. 관광객들이 몰리는 센뜨로 지역에는 한인을 상대로 한 소매치기 사고가 빈번합니다.
- 버스, 지하철의 경우도 소매치기 사건이 자주 발생하므로 이용 시 소지품에 유의하시고, 택시 이용 시에는 보다 안전한 라디오 택시(RADIO TAXI)를 이용 바랍니다.
ㅇ 시내 주요 관광지를 도보로 이용하실 때에는 호의를 베풀면서 접근하는 사람들을 유의하시기 바랍니다.
- 일부러 오물을 묻히고 도움을 준다면서 호들갑을 떨어 주의를 분산시키고 카메라, 가방 등을 훔쳐 가는 사례가 빈번하므로 낯선 장소에서 모르는 사람이 옷이나 머리에 무언가가 묻었다며 도움을 준다고 다가오는 경우, 대응하지 마시기 바랍니다.
- 최근 부에노스아이레스에서는 위치 추적기가 부착된 열쇠걸이를 길거리에서 선물한 후 소지자의 동선을 파악하고 범행에 활용하고 있는 사례가 있으니 모르는 사람이 주는 물건은 가능한 받지 마시길 권합니다.
ㅇ 식당에서 식사 시에는 핸드백이나 가방을 의자 뒤쪽에 걸쳐놓거나 옆의 의자에 두고 식사하는 경우가 많은데 항상 시선이 닿는 곳 또는 무릎 위에 안전하게 두시기를 당부 드립니다.
ㅇ 관광지 이외의 지역에서도 인적이 드문 야간시간대와 주말의 경우 권총강도 사건이 빈번하게 발생하고 있으므로 야간에는 변두리 또는 인적이 드문 곳을 도보로 이동하는 것은 삼가주시기 바랍니다. 그리고 흉기 소지 강도를 만난 경우 저항하지 말고 금품 요구에 순순히 응하는 것이 안전합니다.
ㅇ 휴대폰 분실 시 보이스피싱 범죄에 활용될 수 있으니 분실 즉시 가족들에게 분실 사실을 알려주셔야 합니다.
ㅇ 여행 전 미리 여권 복사본을 준비하거나 여권번호, 발행 날짜 등을 따로 표시해두면 분실 시 여권 재발급이나 여행증명서를 발급받는데 도움이 될 수 있습니다.
ㅇ 여권분실시 가까운 경찰서에 가셔서 여권분실신고서(Acta de Extravio 또는 Certificado de Denuncia de Extravio)를 받으셔야, 출국이 용이합니다.
ㅇ 한국 분들은 외모의 차이로 인하여 보다 쉽게 눈에 띄어 범죄꾼들의 표적이 되기 쉬우므로 애초에 범죄의 표적이 되는 상황을 피하도록 대비하는 것이 가장 바람직할 것입니다.
ㅇ 경범죄에 목표가 되지 않도록 눈에 띄지 않는 행동과 복장을 유지합니다. 또한 부를 과시하는 액세서리 착용이나 스마트폰 및 아이패드 등의 사용에 주의합니다.
[택시 및 버스 이용시 유의사항]
ㅇ 택시 이용 요금을 지불시 100페소 지폐를 운전기사가 위폐라고 하면서, 고객이 지불한 돈을 위폐로 바꿔치기하는 수법을 쓰므로 요금 지불시 반드시 고액권은 서로 눈을 보면서 한 장 한 장 확인하면서 지불하셔서 기사가 지폐를 바꿔칠 수 없도록 하시고, 거스름돈을 받을 때에 특히, 빳빳한 소재의 위폐가 없는지 주의 깊게 확인하시기 바랍니다. 아르헨티나의 경우 2016.7월부터 500뻬소 지폐가 통용되기 시작하였는데 벌써 위폐가 시중에 돌아다니고 있는 실정입니다.
ㅇ 또한 택시 이용시 www.taxistavirtual.com.ar 이 싸이트를 통하시면 가시고자 하는 곳의 대략적인 가격을 확인하실 수 있을 것이고 구글맵을 열어두신다면 택시기사가 불필요하게 택시요금을 부풀리기 위해서 길을 돌아서 가는지 확인이 가능합니다.
- 늦은 시각 또는 승객이 없는 한산한 버스에서 승객들을 대상으로 손수건 등을 통해 마취제를 흡입하게 하여 실신하게 한 뒤 소지하고 있는 물품을 가져가는 사례도 종종 발생하고 있으니, 모르는 사람이 친절하게 접근할 때에는 주의하시고, 가급적 버스 맨 뒷좌석에는 앉지 마시기 바랍니다.
유의해야 할 지역
[수도권 지역(부에노스아이레스 시와 부에노스아이레스 주)]
ㅇ 아르헨티나의 경우 연방 수도인 부에노스아이레스 시와 수도를 둘러싸고 있는 부에노스아이레스 주의 범죄율이 전국에서 가장 높습니다.
ㅇ 특히 여행객들에게 관광지로 유명한 대통령궁(CASA ROSADA), 꼴론극장(TEATRO COLON), 에바페론의 묘지가 있는 레꼴레따(RECOLETA), 주말벼룩시장이 열리는 산뗄모(SAN TELMO), 탱고의 발상지 라 보까(LA BOCA)항구 등에서 분실, 도난, 강도 사고 발생이 잦으므로 여행객들은 주의를 기울여 주시기 바랍니다.
ㅇ 아르헨티나는 최근 경제사정 불안으로 대규모 시위나 약탈 상태가 빈번히 발생하고 있으므로 시위대 근처에서 구경하거나 하는 행위는 절대로 하지 마시기 바랍니다.
ㅇ 그 외 지방의 경우 비교적 범죄 발생 빈도는 낮으나 관광객들이 몰리는 이과수, 깔라빠떼, 바릴로체 등에서는 전자제품, 자동차 등의 도난사고가 잦으므로 주의를 기울여 주시기 바랍니다. 최근에는 이과수에서 한국인 사용 신용카드의 복제사고가 발생한 바가 있습니다. 그리고깔라빠떼나 바릴로체, 우수아이아와 같이 자연지형이 험준한 곳에서 동행자 없이 다니시면 조난의 위험이 있으므로 반드시 전문 가이드와 함께 안전한 곳으로 이동하시길 당부 드립니다. 2014년 11월 우수아이아에서 한인 1명이 산속에서 실종 후 사망한 사건이 발생한 바 있습니다.
자연재해
[지진]
ㅇ 아르헨티나의 지진은 주로 북서부(후후이, 살따)와 중서부(멘도사, 산후안)에 집중되어 있지만 지진의 강력함에 비해 그 위험도가 많이 알려져 있지 않습니다.
ㅇ 멘도사 지역의 경우 1861년도에 지진이 발생하여 시민의 1/3이 사망할 정도였으며, 1944년에 산 후안에서도 지진이 발생하여 1만 명이 넘는 사망자가 발생한 바가 있습니다.
ㅇ 1985년 이후 북서부와 중서부 지역에서는 규모 6 이상의 지진이 12차례 발생하였습니다.
[홍수]
ㅇ 수도권인 부에노스아이레스 시와 부에노스아이레스 주는 빰빠라고 불리는 평원지대로 우기에는 홍수가 자주 발생합니다.
ㅇ 2013.4월 초에 발생한 라쁠라따시의 홍수로 78명이 사망하고 5억 달러 이상의 재산피해가 발생한 바가 있습니다."
아이슬란드,Iceland,IS,유럽,2022-07-26,"사건ㆍ사고의 유형
ㅇ 관광객 상대 소매치기 등 경범죄 이외 특별한 사건. 사고 없음
- 단, 2012. 4월에 우리 관광객(학생)이 렌터카로 여행 중 차량이 전복, 탑승객 중 안전띠 미착용 학생 1명 사망
자연재해
ㅇ 화산 폭발(2010년 6월), 태풍 등
유의해야 할 지역
ㅇ 화산 폭발이 진행 중인 아이슬란드 내륙지역"
아이티,Haiti,HT,미주,2025-01-21,"사건ㆍ사고 현황
[내전, 테러(피랍)사건 등 동향]
ㅇ 아이티는 2004년 UN 아이티 안정화군(MINUSTAH)이 주둔이후 내전 등 현지인 주도의 테러리즘 발생가능성은 상대적으로 낮은 편입니다.
ㅇ 아이티는 국가 전역에서 몸값을 노린 생계형 납치조직들에 의한 피랍 사건 발생 가능성이 매우 큽니다. 최근 아이티내 납치사건은 국적, 종교 및 남녀노소 구분없이 발생하고 있으며 납치시 주변인물에 대한 살인, 상해 피해도 함께 발생하여 각별한 주의가 요구됩니다.
[범죄현황 등 치안상태]
ㅇ 아이티는 경찰 등 치안유지기관의 행정력 부재로 전반적인 치안상태가 매우 열악한 국가입니다. 취약한 공권력으로 인해 범죄가 발생시에도 현지 경찰로부터 실효성있는 조력을 기대하기 어렵습니다.
ㅇ MINUSTAH의 지속적인 치안강화노력에도 불구하고 지난 2010년 1월 강진 발생시 붕괴된 교도소에서 5,000여명의 범죄자들이 탈옥하는 사건이 발생하여 10% 미만의 재수감자를 뺀 나머지 탈주범들의 조직적인 활동으로 아이티 전역에서 발생하는 강력범죄건수는 다시 증가하는 추세입니다.
사건ㆍ사고의 유형
ㅇ 인신매매, 납치, 살인강도, 주거침입, 차량탈취 및 총격전 등의 조직적인 강력치안사고가 빈번히 발생하고 있습니다. 특히 2010년 상반기에만 납치사건 발생수가 70여건에 달하는 등 아동 및 여성 인신매매와 몸값을 노리고 외국인 등을 납치하는 범죄조직들의 활동이 점차 증가하고 있으나 이에 대해 아이티 정부 및 MINUSTAH 치안 당국은 별다른 대응책을 마련하지 못 하고 있는 실정입니다.
ㅇ 2005년 우리 교민이 무장강도단에 의해 납치되어 이틀만에 몸값을 지불한 후 풀려난 사례가 있으며 2010년 9월에는 한국 명예영사 사택에 무장강도단이 침입하여 명예영사에게 총격을 가하고 배우자를 납치한 사건이 발생했습니다.
ㅇ 2014년 우리 교민 및 도미니카인들이 아이티에서 도미니카공화국 국경지역으로 차량 이동 시 경찰복장을 한 강도들이 차량을 세워 산속으로 납치 한 후 금품을 탈취하는 사례가 있었으며, 또한 아이티 포르토프랭에서는 교통체증 및 신호 대기시 창문이 열려있거나, 문이 잠겨져 있는 않은 경우 차량내 귀중품을 탈취하여 도주하는 사례가 빈번 한 바 운전시 유의하시기 바랍니다.
자연재해
ㅇ 아이티 허리케인 시즌은 매년 6월부터 시작하여 11월까지 지속되며 거의 매년 크고 작은 허리케인과 열대성 폭퐁이 북상합니다. 허리케인 북상시 아이티에 체류할 경우 항상 TV, 라디오 기사예보 및 수해여부 등을 수시로 확인할 필요가 있습니다.
ㅇ 아이티는 연료마련을 위한 목재남벌로 인해 전국토의 산림황폐화로 우천시 돌발홍수나 산사태 피해가 빈번하게 발생하고 있습니다. 강변이나 산악지대 방문, 이동시 각별한 주의가 요구됩니다.
ㅇ 아이티는 자연재해 발생에 대비한 긴급대피시설이 전무한 실정으로 다소 강한 비바람에도 홍수, 산사태 등으로 인한 인명피해가 발생하는 실정입니다.
유의해야할 지역
ㅇ 현재 아이티는 국가 전역에서 경찰 등 치안행정기관의 지원이 미비한 상황으로 거의 모든 지역에서 신변보호를 위한 각별한 주의가 필요합니다.
ㅇ 특히 수도 포르토프랭스 시티솔레이(Cite Solei), 벨에어(Bel Air), 마티상(Martissant), 카르푸(Carrefour), 델마(Delmas) 등 전통적인 우범지대를 비롯하여 10.1월 강진 이후 시내 전역에 난립한 1,500개 이상의 난민촌 내 출입하는 것은 매우 위험합니다.
ㅇ 부득이하게 아이티를 방문할 경우에는 사전에 반드시 신변안전교육을 실시하여 주시고 현지 활동시 현지인 가이드와 치안사정을 잘 아는 무장경호원의 지원을 받을 것이 권장됩니다.
ㅇ 귀중품(카메라, 휴대전화 등)을 소지하거나 외부로 노출할 경우에는 범죄의 대상이 될 수 있으며 안전하지 않은 장소에서 사진 또는 영상을 촬영하는 행위의 자제가 필요합니다.
ㅇ 일몰 이후에는 외출을 삼가야 합니다."
아일랜드,Ireland,IE,유럽,2023-11-24,"사건ㆍ사고의 유형
ㅇ 최근 코로나19 관련 아시아계 대상 혐오범죄 발생이 증가하고 있습니다.(특히 10대들의 아시아 여성 대상 범죄 증가)
ㅇ 관광객이나 유학생을 상대로 휴대전화, 노트북 등의 고가품 날치기 사건과 노상강도 사건이 빈번하며, 특히 연말 등 특수기에는 붐비는 백화점이나 공항에서 가방, 여권 등의 절도 사건이 종종 발생하고 있습니다.
ㅇ 또한 취업난을 틈타 유학생에게 취업비자를 발급해주겠다고 한 후 수수료만 챙긴 취업사기 사건, 신용카드나 현금카드를 몰래 복제하여 현금을 인출해가는 은행 관련 사고, 보이스피싱 등의 사기 사건 피해 사례도 있었습니다.
ㅇ 최근 경제가 회복하면서 주택 임차 가격이 급격히 인상되어 임차 매물이 적고 거래가 어려운 점을 이용, 보증금 갈취 또는 미반환 사건이 종종 발생하고 있으니 거래 시 반드시 계약서 및 영수증을 발급하여 피해를 방지하시기 바랍니다.
자연재해
ㅇ 2008년 8월 1일~19일 집중호우로 리머릭과 코크 지방을 시작으로 하여 전국에 홍수가 발생하여 강과 하천 주변지역이 침수되는 사태가 발생하였습니다.
유의해야 할 지역
[소매치기 유의지역]
ㅇ 오코넬 거리(O’Connel St.), 그라프튼 거리(Grafton St.), 템플바지역(Temple Bar)은 관광객으로 항시 붐비는 지역으로 휴대폰 사용 중인 사람을 대상으로 날치기하는 사건이 종종 발생하니 가급적 거리에서는 고가의 휴대품 사용을 자제하고 보관에 만전을 기울여 주시기 바랍니다.
[강도 등 범죄 유의지역]
ㅇ Dublin1과 Dublin7 지역은 빈민 영세주택이 위치해 있어 외국인, 불량 청소년, 취객이나 마약중독자에 의한 각종 범죄가 자주 발생하는 지역입니다. 야간이나 축구, 럭비 등의 경기 후엔 특히 주의하시기 바랍니다.
[운전 유의지역]
ㅇ 도시를 조금만 벗어나도 도로폭이 상당이 협소해집니다. 하지만 제한속도는 60km/h 이상인 곳이 많아 추돌사고가 빈번하오니 야간 운전 시 또는 우천 시 각별히 주의하시길 바랍니다."
아제르바이잔,Azerbaijan,AZ,유럽,2025-05-21,"사건ㆍ사고 현황
ㅇ 1991.10월 구소련에서 독립한 아제르바이잔 공화국은 나고르노-카라바흐를 둘러싼 아르메니아와의 전쟁 등으로 혼란이 지속되었으나 1993.10월 헤이다르 알리예프 대통령이 집권하면서 점차 정치적 안정을 되찾고 석유․가스 등 지하자원을 바탕으로 경제 성장을 이룩하였습니다.
ㅇ 2003.10월 집권한 일함 알리예프 대통령(헤이다르 전 대통령의 아들)은 2008.10 재선, 2013.10 3선, 2018 4선, 2024.2월 조기 대선(92% 지지율)으로 5선에 성공하였습니다. 2020년도 아르메니아와의 전쟁 승리에 더해 석유가스산업을 통한 경제적 성과와 대규모 인프라 프로젝트 추진 등으로 경제적 안정을 가져온 바, 국민들로부터 절대적 지지를 받고 있습니다.
ㅇ 07.10.27 미대사관 테러기도사건, 08.8.17 바쿠시내 모스크 수류탄투척사건, 08.5월 이스라엘 대사관 차량폭탄테러 기도사건, 08.8.22 바쿠시내 변전소 폭발사건, 09.4.30 발생한 오일 아카데미 총기 난사사건, 15년 나르다란 사건(대규모 경찰 작전 중 경찰관 2명, 마을 주민 5명사망), 16년 테러 대응 작전(아제르바이잔 국가보안국(SSS))은 테러 용의자 체포 또는 사살 작전 수행) 등이 발생한 바 있습니다.
[범죄현황 등 치안상태]
ㅇ 아제르바이잔은 주변국에 비해 치안이 안전한 편에 속하지만 야간보행은 위험할 수 있습니다.
ㅇ 재래시장, 출퇴근 시간 버스, 지하철 등 사람들이 많이 붐비는 곳에는 소매치기가 있으며 외국인의 경우 갈취의 대상이 되기 쉬우므로 귀중품 등을 눈에 띄게 휴대하고 다니지 않도록 주의해야 합니다.
ㅇ 아르메니아와 인접한 아제르바이잔 서남부 지역은 현재에도 군사적 긴장 상태가 유지되고 있어 여행경보 철수권고(적색경보) 지역입니다. 아르메니아를 통한 동 지역 방문 시, 향후 아제르바이잔 입국이 불가능합니다.
※ 아제르바이잔 정부 허가 없이 동 지역 방문 불가
ㅇ 이외의 지역은 여행 위험 지역은 아니나 관광산업이 발달되어 있지 않고 바쿠 이외의 지역은 영어가 거의 통하지 않으므로 지방 여행 시 현지인과 동행하는 것이 바람직합니다.
주요 사건․사고 유형
ㅇ 운전 중 사고가 발생하는 경우 외국인에게 지나친 손해배상을 요구하는 경우가 많으므로 반드시 보험회사에 먼저 신고를 하여 처리해야 하며, 운전 시 대사관에서 한국 운전면허증을 번역 공증 후, 주재국 교통국에서 현지 운전면허증을 교부받아 항시 소지하고 있어야 합니다.
ㅇ 관광목적의 e-Visa를 받은 경우 요청한 체류 기간과 다르게 비자가 발급되는 경우가 있으므로 비자 교부 후 유효기간과 체류 기간을 반드시 확인해야 합니다. 아제르바이잔 비자에 기재된 만료일은 실제 만료일 전일을 의미합니다. 따라서 만료일전 출국해야 합니다. (예: Valid until : 31 August 2015인 경우 8.30일까지 출국해야 함)
ㅇ 수도 바쿠에서는 신용카드(접촉식 선호)가 통용되나 지방 도시에서는 사용이 어려운 경우가 많으므로 반드시 현금을 보유하고 있어야 합니다. (한국 삽입식 신용카드 결제 문제 발생 상점 다수)
ㅇ 민속품, 토속 기념품 상점에서는 외국인들에게 상당히 부풀린 가격을 제시하므로 현지 사정을 잘 아는 사람을 대동하는 것이 좋습니다.
주의해야 할 지역
ㅇ 아르메니아와 인접한 아제르바이잔 서남부 지역은 현재에도 군사적 긴장 상태가 유지되고 있어 매우 위험합니다. 해당 지역은 여행경보 철수권고(적색경보) 지역이며 아르메니아를 통한 동 지역 방문 시, 아제르바이잔에 입국이 금지됩니다. 동 지역에 불법 방문하여 문제가 발생할 경우 영사조력 제공에 제한이 있을 수 있습니다.
ㅇ 버스, 재래시장 등 사람들이 많이 붐비는 곳에는 소매치기가 있을 수 있으니 돈, 핸드폰 등을 가지고 다닐 때 주의가 필요합니다.
자연재해
ㅇ 지진, 태풍 등의 자연재해 빈발 지역은 아니나 비가 올 경우 배수시설 부재로 강우량이 많지 않아도 차량 운행이나 보행에 불편을 초래하는 경우가 많습니다.
ㅇ 바람이 심하게 부는 경우가 많아 보행 시 위험한 사물이 없는지 주의해야 합니다."
아프가니스탄,Afghanistan,AF,아주,2025-01-21,"최근 주재국 테러정세 전망
[2021년 아프간 테러 정세 평가]
ㅇ 아프간은 9.11 테러 이후 20년 내전을 종결하기 위한 평화협상이 진행 중이나, 아프간 정부와 탈레반 간의 정치적 이견이 크고 무력 분쟁도 지속되고 있습니다.
ㅇ 2020.02.29 체결된 미국-탈레반의 합의에 따라, 미군 및 나토군이 2021.5.1까지 철수가 예정되었으나, 미 행정부 교체 및 현지 철수 여건미비로 철수시한이 연장될 가능성이 높아 탈레반측으로부터 반발이 예상되며, 금년 하반기 아프간 치안 정세는 더욱 악화될 것으로 우려되고 있습니다.
사건ㆍ사고유형
ㅇ 아프가니스탄의 정정 불안을 틈타 일반 무장범죄조직들의 몸값(ransom)을 노리고 외국인을 납치하거나 살해하는 행위가 지속 증가하는 추세입니다.
ㅇ 또한 아프가니스탄은 세계 최대 빈곤국의 하나로서, 어려운 경제 상황에 기인하여 강도, 절도 등 생계형 범죄가 기승을 부리고 있으며, 폐쇄적인 사회 분위기에 따른 여성을 상대한 강간, 성추행 행위도 다수 발생하고 있는 실정 입니다.
ㅇ 운전자들이 과속, 역주행, 신호위반 및 난폭운전을 예사로이 하고 있으며, 아프가니스탄 교통경찰 역량도 부족한 상황이므로, 외국인들이 아프가니스탄 내에서 운전을 하는 것은 매우 위험하며, 도보로 거리를 다니는 것도 매우 위험한 상황입니다.
ㅇ 아프가니스탄 내 특별한 풍토병은 없으나, 여름철에 불량한 위생으로 인한 장티푸스가 발생하고 있으며, 일부 지역에서는 말라리아 발병도 보고되고 있습니다.
자연재해
ㅇ 아프가니스탄은 1998년 이후 현재까지 진도5이상 강진이 네 번 발생하고, 수시로 소규모의 지진이 발생하는 지진대에 속합니다.
ㅇ 카불 시내에서도 침대가 흔들릴 정도의 지진이 수시로 발생하고 있어, 향후 강진 발생에 특히 유의해야 합니다."
안도라,Andorra,AD,유럽,2023-11-24,"사건ㆍ사고의 유형
ㅇ 범죄가 거의 발생하지 않는 치안 안정 국가입니다.
ㅇ 피레네 산맥 동쪽에 위치한 안도라는 지형의 대부분이 높은 바위산으로 이루어진 산악 국가로 협곡이 많아 운전 중 각별한 주의가 필요합니다. 산악 지역에서의 사고에 대비하여 예비 타이어 등 비상물품을 차량에 비치하시기 바랍니다.
자연재해
ㅇ 해빙기에 산사태 위험이 있으며, 산악 지역에서는 기후 변화를 예측하기 어려우므로 스키나 등산을 할 경우에는 사전에 기상·안전 정보를 확인하여야 합니다."
알바니아,Albania,AL,유럽,2023-11-24,"사건ㆍ사고의 유형
ㅇ 알바니아의 부실한 도로 사정과 최근 급격히 늘어난 차량 등으로 교통사고가 증가하고 있으므로 각별한 주의 요망
ㅇ 일반적으로 치안이 좋은 편이나, 혼잡한 버스 안에서 소매치기 사건이 종종 발생하므로 버스 탑승 시 소지품 관리에 각별히 유의
ㅇ 거리에 교통 신호등이 있으나 대부분 잘 지켜지지 않고 있으므로, 보행이나 도로 횡단 시 주의 요망
ㅇ 해외 카드로 ATM에서 인출이 되지 않는 경우가 많으므로 현금을 일부 지참하는 것이 바람직함
자연재해
ㅇ 2010년-2011년 상반기에 걸쳐 비가 많이 내려 알바니아 북부 쉬코드라시를 중심으로 대규모 수재가 발생, 수백가정의 수재민이 발생
ㅇ 2017년 12월 폭우로 인해 전국적인 수해가 발생
유의해야 할 지역
ㅇ 알바니아 북부 및 북서부 지역에서 알바니아 범죄조직의 대립으로 2010년 5월 이래 약 20건의 폭발사고가 있었음
ㅇ 2019년 11월 40년만의 강진(6.4규모)이 발생하는 등 최근 지진이 자주 발생하고 있어 안전에 각별한 주의가 필요함"
알제리,Algeria,DZ,중동,2025-06-30,"사건ㆍ사고의 유형
ㅇ 소매치기와 날치기, 호텔방에서 현금이나 귀중품을 절도 당하는 사례, 야간 도보 외출 시 폭행과 소지품을 빼앗기는 사례가 보고되고 있으니 각별히 유의하여 주시기 바랍니다.
ㅇ 입국시 신고하지 않은 외환반출 적발 사례가 있으니 유의가 필요합니다.
자연재해
ㅇ 주재국은 지진 다발지역으로 2003년 5월 진도 6.8의 강진이 수도 알제 근처의 부메르데스에서 발생하여 2000명 이상의 사망자와 1만여 명의 부상자가 발생하였으며, 최근까지 크고 작은 지진이 지속적으로 발생하고 있는 가운데 2021년 3월 17일 수도 동쪽 베자이아에서 진도 5.9의 강진을 비롯한 여러 차례의 여진이 발생하고, 이후 3월 25일 베자이아에서 또 진도 4.3의 지진이 발생하였습니다."
앙골라,Angola,AO,아프리카,2022-08-02,"자연재해
ㅇ 특별한 자연재해는 없습니다. 그러나 건기에는 햇빛이 강하여 장시간 햇빛에 노출시 화상의 위험이 있을 정도로 뜨거우므로 선글라스 및 자외선 차단 로션을 준비하는 것이 필요합니다.
유의해야 할 지역
ㅇ 일반적으로 루안다시 외곽 지역은 대부분 외국인이 다니기 위험합니다.
[일랴(ILHA) 지역]
ㅇ 해변 경관이 좋고 식당, 술집 및 클럽이 많아 외국인이 많이 찾는 지역이나, 강도/절도/폭주족 등 각종 범죄가 끊이지 않는 곳이므로 야간뿐 아니라 주간에도 항시 경계를 늦추지 말아야 합니다.
[쌈비장가(Sambizanga) 지역]
ㅇ 앙골라에서 가장 큰 시장이 있는 곳이지만 현지인들조차 가까이하지 않으려는 지역입니다. 범죄 집단이 활동하는 한편 마약이 거래되기도 하고 비행청소년이 많은 등 위험한 지역이므로 피하시는 것이 좋습니다.
[까젱가(Cazenga) 지역, 한젤(Rangel) 지역]
ㅇ 범죄 집단이 활동하는 한편 마약이 거래되기도 하고 비행청소년이 많은 등 위험한 지역이므로 피하시는 것이 좋습니다."
앤티가바부다,Antigua and Barbuda,AG,미주,2023-11-24,"사건ㆍ사고 현황
ㅇ 영국식 민족주의가 정착되어 정정은 비교적 안정된 편입니다.
□ 치안상황 (일반범죄 등)
ㅇ 전반적인 치안사정은 양호한 편입니다. 그러나 전체인구 약 7만명 정도인 나라에서 2008년 3명의 외국인(영국인 2명, 호주인 1명)이 살해되는 등 최근 6개월간 총기를 사용한 강력범죄가 늘고 있는 추세입니다.
ㅇ해변, 렌터카, 호텔객실에 귀중품을 놓아두는 경우 도난당할 위험이 있습니다.
사건ㆍ사고의 유형
ㅇ 일몰후 해변 등 외진 곳을 피해야 하며, 보행시 거액의 현금 또는 보석류 소지를 삼가야 합니다.
자연재해
ㅇ 허리케인 시즌에 안티구아바부다를 여행할 경우 사전에 기상상태 및 목적지의 피해여부 등을 확인하시기 바랍니다.
ㅇ강도 7.3의 강진이 2007년 11월 인근 세인트마르틴 근해상에서 발생하여 전국적으로 지진이 감지되었으나 사상자 및 특별한 재산피해는 없었던 것으로 보도되었습니다."
에리트레아,Eritrea,ER,아프리카,2025-05-21,"사건ㆍ사고의 유형
ㅇ 절도, 강도 등 길거리 범죄는 Asmara를 비롯한 다른 도시에서도 비교적 적은 편이지만 최근 증가 추세에 있기 때문에 개인의 신변 안전에 관하여는 항상 주의를 기울여야 합니다.
ㅇ 집이나 차량 내에 있는 가전제품을 절도하는 사례가 늘어나고 있으며, 특히 혼잡한 시장, 공원 등에서 소매치기가 자주 발생하므로 주의하시기 바랍니다.
ㅇ 버스는 대개 인원초과(overcrowding)로 안전하지 못하며, 소매치기가 많이 발생하므로 이용을 자제하시기 바랍니다.
ㅇ 야간에 혼자 도로를 보행하는 것은 매우 위험하니 삼가시기 바랍니다.
ㅇ 2009년 10월에는 호주 광산회사에 일하는 현지 직원 1명 및 2명의 계약자가 그들이 탄 차량이 Keren 북쪽 지역에서 공격을 당해 살해된 적이 있습니다.
ㅇ 야간에는 시골지역 여행을 가급적 삼가는 게 좋습니다. 도로 표지판이나 안전펜스 등이 제대로 설치되어 있지 않고, 도로 군데군데 움푹 파인 곳이 많이 있기 때문에 교통사고 발생 가능성이 높습니다. 아울러, 우기에는 도로 사정이 더욱 나빠지기 때문에 각별한 주의가 필요합니다.
자연재해
ㅇ 에리트레아는 최근에는 대규모 지진이 발생하지 않았으나, 위치상 지진의 위험이 큰 지역입니다. 1800년대 후반기와 1900년대 초 지진이 발생하여 인명피해가 발생했습니다.
- 1864 Massawa Earthquake
- 1875 Keren Earthquake
- 1884 Massawa Earthquake
- 1913 Asmara Earthquake
- 1915 Asmara Earthquake
- 1921 Massawa Earthquake
ㅇ 2011년 Nabro 화산 폭발
ㅇ 만약 자연재해가 발생하면 현지 당국의 조언을 따라야 합니다. 아울러, 우기인 6월-9월에는 비포장도로가 교착상태에 빠지는 경우도 있습니다."
에스와티니,Eswatini,SZ,아프리카,2023-11-24,"사건ㆍ사고의 유형
ㅇ 에스와티니는 왕정국가로 절대왕권에 반대하는 진보주의자들의 과격한 행동이 일부 있으나 관광지에는 거의 일어나지 않아 여행객들에게는 큰 문제가 없으며, 천재지변, 전쟁, 내란, 테러 등의 위험이 없는 국가임
ㅇ 야간의 치안상황은 좋지 않기 때문에 외출은 삼가는 것이 좋으며, 나이트클럽이나 술집 등 음주 장소는 피하고, 수도인 Mbabane에서 비교적 범죄가 빈번하게 발생, 시내에서 휴대폰, 카메라 등 귀중품을 휴대할 경우에는 소매치기를 주의해야함
ㅇ 소매치기, 핸드폰 강도, 거주지 침입 등이 주요 발생 범죄이며 살인, 총기사건 발생은 남아공에 비해 낮은편이나 증가추세임
- 차량 내에 물건이 있는 것이 외부에서 관찰되면 유리창을 깨는 등의 방법으로 물건을 절취하니 차량에 귀중품을 두는 것을 삼가야함"
에스토니아,Estonia,EE,유럽,2023-11-24,"사건ㆍ사고의 유형 □ 정정 상황 (전쟁, 내란, 테러 등)
ㅇ 에스토니아는 1991년 구 소련 연방의 붕괴와 함께 독립한 발트 국가로 2004년 EU 가입 이후 급속한 발전을 계속하고 있으며, 천재지변, 전쟁, 내란 및 테러 발생 가능성이 비교적 낮은 나라입니다.
□ 치안상황 (일반범죄 등)
ㅇ 에스토니아의 전반적인 치안상태는 대체로 양호한 편이나, 최근 러시아와의 민족감정으로 인한 갈등이 고조됨으로써 러시아계(약 25%)와의 충돌 가능성이 상존하고 있고, 또한 일부 외국인에 대한 범죄도 발생하고 있어 여행 시 안전에 대해 유의할 필요가 있습니다.
□ 빈번한 사건·사고 유형 및 대처요령
ㅇ 특히, 관광 성수기인 여름철에는 유람선 터미널 부근이나 시내 중심가에서 관광객들이 소매치기를 당하는 경우가 많이 발생하고 있습니다.
- 모르는 사람이 필요 이상으로 가까이 접근해 오면 경계심을 갖고 대응하며 특히 자신의 휴대품에 주의해야 합니다.
- 현금은 가능한 한 의복의 내부 주머니에 넣어두고 현금과 여권 등 중요한 소지품은 여러 곳으로 분산하여 휴대하는 것이 좋습니다.
- 혼잡한 곳에서는 가능한 한 휴대가방을 몸의 정면에 두고 다니십시오.
- 레스토랑에서 식사하는 도중 자리를 일시 비울 때는 휴대품을 의자 등에 놓아두지 말고, 휴대하는 것이 좋습니다.
ㅇ 야간에 음주상태로 외출하는 것은 매우 위험하며, 사고를 당해도 현장에서 경찰이나 일반인들로부터 신속한 도움을 받지 못하는 경우도 발생하고 있습니다.
- 가급적 밤늦게 공원 등 한적한 곳을 다니는 것을 피하시기 바랍니다.
ㅇ 또한, 공항에서 시내로 이동하기 위해 택시를 이용할 경우 외국인에 대해 바가지요금을 요구하는 경우도 발생하고 있습니다.
- 택시를 타면서 미터기에 따라서 택시비를 지불하겠다는 의사를 명확히 하시고, 가능한 승차전 목적지까지 요금 문의가 바람직합니다.
- 택시 뒷좌석 창문에 의무적으로 부착된 요금 표를 참조하시고, 만약 미터기가 고장이 났다고 하는 경우 이용을 삼가시기 바랍니다.
자연재해
ㅇ 특별한 자연재해는 거의 없으나, 늦가을에는 강풍을 동반한 폭우나 한겨울에 폭설로 인해 몇 시간 정도 뱃길이 끊기는 경우가 가끔 발생합니다.
유의해야 할 지역
ㅇ 관광객이 많이 모이는 유람선 터미널 부근 Mere Puieste 거리, 구시가지(Old Town), 시내 중심가에서 소매치기에 대해 각별히 주의하시기 바랍니다."
에콰도르,Ecuador,EC,미주,2025-05-21,"사건ㆍ사고 현황
ㅇ 일반적으로 중남미 지역 중 치안이 좋은 편에 속하나, 최근 들어 키토 및 과야킬 등 대도시 및 해안도시 중심으로 범죄율이 증가하고 있으므로 인근 지역 여행 또는 방문 시 각별한 주의가 요망
ㅇ 2015년 8월 수도 키도에서 남쪽으로 50km 떨어진 코토팍시 화산이 수차례 화산재 및 가스를 분출함. 향후 본격적인 폭발이 발생한 경우 코토팍시 주변의 직접적 피해는 물론, 화산재 등의 영향으로 수도 키토에 거주하는 우리 국민들의 안전이 우려됨
▣ 여행자를 위한 안전 수칙
ㅇ 늦은 밤에는 위험지역 통행 자제
ㅇ 신분증이나 귀중품은 호텔 객실에 두거나 보관용 금고에 보관
ㅇ 보행시 배낭은 앞으로 매고, 카메라 소지시 특히 주의 요망
ㅇ 여행정보가 필요할 시 허가된 기관이나 정보 센터에 문의하고 지나치게 친절하게 가까이 접근하는 사람을 유의
ㅇ 버스 여행 시 모르는 이에게 사탕이나 전단지를 받지 말 것(마약 등 환각제 포함 가능성 있음)
사건ㆍ사고의 유형
ㅇ 2012.06 코트라 근무 한국 직원이 늦은 밤 택시를 타고 귀가 중 택시 운전기사가 인근에 기다리던 공범들과 범행을 모의하여 납치한 후 금품 갈취(키토)
ㅇ 2013.05 쿠엔카 터미널에서 한국 관광객이 접근해 온 3인조 강도단에게 주의를 빼앗긴 사이, 배낭을 통째로 도난당함(쿠엔카)
ㅇ 2013.07 우리 지상사 직원들이 한식당으로 가던 길에 2인조 권총강도단을 만나 위협을 받고 갖고 있던 소지품(여권, 노트북 등)을 강탈당함(키토)
ㅇ 2013.07 우리 동포가 저녁식사 후 식당 앞에서 택시를 타고 가던 중 강도로 돌변한 기사에게 금품 강탈함(과야킬)
ㅇ 2013.11 우리 교민 ㅇㅇㅇ씨가 총격 사망함(과야킬)
ㅇ 2015.01 우리 교민 숙소에 무장강도단이 침입하여 현금, 노트북 등을 강탈하고 달아남(에스메랄다)
ㅇ 2018.01 여행객이 호텔내 가방에 넣어둔 신용카드를 도용당하여 약 $7,300 피해입음(키토)
ㅇ 2019.01 KOICA 봉사단원이 야간에 구시가지 도보 이동중 강도에게 자상을 입고, 휴대폰 및 카드 강취당함(키토)
ㅇ 2019.05 우리 지상사 직원이 지역은행에서 현금 인출하여 거리를 걷던 중, 2인조 승용차 권총강도에게 현금 강취당함(키토)
ㅇ 2019.07 대사관 직원이 일출직전 주택가 도보 이동중 2인조 오토바이 권총강도에게 휴대전화, 배낭 등을 강탈당함
자연재해
[화산 경보의 종류]
- 백색경보 : 화산활동이 일상적이지 않고 약하게 진행되는 경우
- 황색경보 : 화산활동으로 인한 지진활동이 눈에 띄게 증가한 경우
- 오렌지색 경보 : 화산활동이 이전 단계보다 이례적으로 증가한 경우
- 적색경보 : 화산활동이 진행되어 직접적인 피해를 입게 되는 긴박한 상황의 경우
▣ 화산 발생에 대한 예방책
- 에콰도르 정부 「국가 위기 관리대응청」 홈페이지 확인 (servicio nacional de gestión de riesgos y emergencias) ( https://www.gestionderiesgos.gob.ec/ )
- 화산 분출시 각종 언론매체를 통한 정보 습득
- 통행 가능한 도로를 확인함
- 산업용 안경, 귀 막이, 모자, 입을 가릴 수 있는 수건이나 마스크를 비치
- 집안 유리창이나 문 상채 수시 확인 및 보수(화산재 등이 들어오지 않도록 대비)
- 구급약품 비치
- 가족들이 흩어졌을 때 다시 모이는 장소 지정
- 비상시 연락처 숙지
▣ 화산 발생 시 대처 방법
- 적색경보가 발령되면 안전지대로 대피
- 일정 시간 동안 거주 지역 밖에서 생활할 것에 대비하여 기본 물품을 구비한 비상용 가방 준비
- 안경을 착용하여 눈을 보호하고, 물기 있는 수건 또는 마스크 등으로 호흡기 보호
- 피부에 미치는 영향을 최소화하기 위해 몸의 대부분을 덮을 수 있는 옷 준비
- 식품 및 식수는 화산재로부터의 오염 방지를 위해 항상 뚜껑을 덮어 보호
- 집안 내부로 화산재 및 연기 등이 들어오지 않도록 문이나 창문 틈새 막기
- 관계당국에서 경보를 해제할 때까지 안전지대에 체류
- 라디오 등을 통해 화산활동 상황에 대해 청취
▣ 지진 발생에 대한 예방책
- 가구, 선반 등은 벽에, 전등은 천장에 안전하게 고정
- 주택 벽에 금이 있는 경우 즉시 수리
- 비상 구급상자 준비
- 지진 발생 행동 요령 및 집 내부와 외부에 안전한 장소 숙지
▣ 지진 발생 시 대처 방법
[건물 내부에 있을 때]
- 밖으로 급히 달려 나가지 말고, 집안의 식탁 또는 책상과 같은 튼튼한 가구 아래에서 몸 보호
- 가스 밸브 즉시 잠그기
- 창문 옆 또는 물건이 떨어질 만한 곳 피하기
- 엘리베이터를 이용하지 말고 계단을 이용하여 탈출
[건물 외부에 있을 때]
- 건물의 기둥이나 나무, 전봇대, 전선 근처 피하기
- 붕괴 위험 및 낙하 물건이 없는 장소에서 지진이 끝날 때까지 대기
[차 안에 있을 때]
- 즉시 차를 멈추고 차 안에 대기
- 건물, 나무, 전봇대 등에서 멀어질 것
- 다리, 비탈길, 고가도로는 우회
▣ 화산 발생 사례
- 2015.08 코토팍시 화산에서 화산재 및 연기가 수차례 분출
- 2018.5 상가이 화산 분출
- 2018.6 레반타도르 화산 화산재 분출 및 화산 내부 용암활동 관측
- 2018.6 갈라파고스제도 페르난디나섬 라 쿰브레 화산 및 이사벨라섬 시에라 네그라 화산 분출
- 2020.9 상가이 화산 분화 활동 증가로 가스와 화산재가 분화구 6-10km 상승
- 2021.3 상가이 화산 가스와 화산재 수차례 분출로 화산재 7-8.5km 상승
▣ 지진 발생사례
- 1949 암바토에서 대지진(진도 6.8)이 발생하여 도시 전파, 약 5,050명 사망
- 2010.8 키토 동쪽 약 300km 지점의 아라 후노 지역에서 진도 7.2 지진 발생
- 2013.2 콜롬비아에서 발생한 진도 7.0 지진의 여파로 콜롬비아와 국경 인접 도시를 비롯한 만타, 키토 등 에콰도르 내 여러 지역에서도 진도 3~5이상 지진 발생
- 2013.3 리오밤바에서 진도 4.8의 지진 발생
- 2013.4 아마존 지역에서 진도 5의 지진 발생
- 2016.4. 북서쪽 해안 진도 7.8의 지진이 발생하여 663명 사망, 6,274명 부상
- 2017.6 마나비주 연안 진도 6.3, 진도 4.8 지진 각각 발생
- 2019.2 엘 오로주 진도 4.5 규모 지진 발생
- 2019.2.22 05:17 산티아고주 모로나 지역 진도 7.62, 05:40 과야스주 과야킬 지역 진도 6.06 지진 발생
유의해야 할 지역
ㅇ 키토 구시가지 및 마리스칼 광장, 대형 쇼핑몰 인근 지역
ㅇ 과야킬시, 만타시, 에스메랄다스주, 카르치주, 수쿰비오스주
* 에콰도르-콜롬비아 국경지대 여행 시 주의 요망
* 주요 관광지 및 쇼핑센터 인근에 소매치기 또는 강도 발생률이 높으며 야간 이동을 삼가고, 고가의 소지품을 휴대하지 않도록 주의해야 함"
에티오피아,ETC,ET,아프리카,2023-09-04,"사건ㆍ사고 현황
□ 정세
ㅇ 2014.4.25 암보대학교 학생 및 주민 등 25,000명이 거리 시위를 전개하여 군·경의 무력 진압으로 학생 등 다수의 사상자가 발생함
ㅇ 국내 시위 지속으로 인한 1차 국가비상사태 선포(2016.10~2017.8)
ㅇ 1차 국가비상사태 이후에도 국내 시위가 지속되자 하일레마리암 총리 사임 및 2차 국가비상사태 선포(2018.2~2018.6)
ㅇ 2020.11월 북부 티그라이 주 무력충돌 발생, 주요 시설 파괴 및 다수 사상
□ 테러
ㅇ 2010. 4월 소말리 지역 Warder zone의 Danot town 근처에서 영국인 1명 살해
ㅇ 2011. 3월 남부 아센다보 지역 교회 69개소 방화 등 종교 갈등 격화
ㅇ 2011. 5월 중부지역에서‘오로모해방전선이 에티오피아 정부군 공격, 13명 사망
ㅇ 2018. 6월 아디스아바바 메스켈 광장에서 폭발, 1명 사망, 154명 부상
사건ㆍ사고의 유형
□ 날치기, 강도, 절도 및 폭행사고
ㅇ 수도 아디스 아바바에는 주ㆍ야간에 소매치기, 날치기, 정차 중인 자동차에 강도 난입 등 범죄가 만연
ㅇ 여성 혼자 대중교통 및 숙박업소 이용 시 성희롱 또는 성폭행 등을 당하는 사건도 발생
ㅇ 야간 도보시 마취제로 의식을 잃게 하고 금전 피해와 상해를 가하는 범죄가 급증
ㅇ 유아를 대상으로 하는 인신매매가 성행하고 있는 등 생활범죄가 증가 추세
ㅇ 현지인들은 한국인을 보고 중국인으로 오해, 놀리거나 위협하는 경우에는 맞대응 자제
□ 교통사고
ㅇ 세계에서 자동차 당 교통사고 피해자 비율이 가장 높은 국가로서 운전 시 매우 주의해야 함
- 도로는 유지 보수ㆍ표지판ㆍ야간조명 부실 및 불시에 사람과 동물이 도로에 진입
- 야간에 지방도로 여행은 무장 강도, 도로를 활보 중인 행인과 동물들로 매우 위험
- 외국인이 자동차 사고를 낼 경우에 에티오피아인들의 군중심리로 폭행 사고 발생 가능
□ 테러 및 피납 사고
ㅇ 종교적 문제와 주변국가와 분쟁으로 테러 위협 상존, 대중 밀집 장소는 가급적 방문 자제
□ 질병 사고
ㅇ 황열병은 에티오피아 전역에서 발생하며, 예방주사 접종 후 에티오피아 여행 필요
ㅇ 에티오피아 저지대 여행 시에는 말라리아 예방약 복용 필요
ㅇ 일류 호텔 또는 소수의 고급 식당 등을 제외하고는 가급적 야채 취식 자제
ㅇ 급성 수인성 설사ㆍ콜레라ㆍ장티푸스가 발생하고 있음. 설사 또는 감기 등 이상 증세 즉시 신속하게 풍토병 전문병원에서 진료를 받아야 함(풍토병 전문병원은 의료기관 콘텐츠 참조)
자연재해
ㅇ 에티오피아는 고산지대가 많아 한낮의 햇볕을 제외하면 전반적으로 서늘한 기후이며, 대부분 현지인 집에는 벽난로 등이 있고 산과 들에서 자라는 나무를 잘라 연료로 사용함. 이에 따라, 남부 일부 열대우림 지역 제외하고는 전국의 산림 비율이 3% 미만일 정도로 벌거숭이산이 대부분임
ㅇ 따라서 가뭄 시에는 대규모 한 발이 발생하고 우기에는 홍수로 물난리를 겪는 경우가 많음. 2003년 가뭄 시에는 약 1,500만 명이 기아 상태에 놓여 국제사회의 식량원조로 위기를 넘긴 바 있으며, 2008년 및 2011년에도 동부아프리카 다른 나라와 함께 국제사회 및 WFP 등 유엔기구로부터 대규모 지원을 받았음. 최근에는 기후변화로 인한 자연재해 피해가 늘어나고 있어 각종 국제회의에 참석하여 선진국들에 지원을 요구하고 있는 실정임
유의해야 할 지역
ㅇ 아디스아바바의 메르카토(Merekato) 시장은 한국의 남대문 시장 같은 곳으로, 많은 사람들이 운집하는 곳이어서 지리에 어두운 외국인 상대로 날치기 등이 성행함
- 메르카토 지역은 무슬림 상권 지역이어서 종교적으로도 매우 예민하므로 주의를 요함
ㅇ 금, 은 등 귀금속과 전통가게가 많이 밀집한 피아사(Piaza) 거리에는 가짜 물품 거래가 이뤄지며, 소매치기 등 귀중품 도난 사건이 빈번하게 발생하므로 주의를 요함"
엘살바도르,El Salvador,SV,미주,2022-08-08,"사건ㆍ사고의 유형
ㅇ 엘살바도르에서 발생하는 살인사건의 60%는 갱단 (“MS-13”과 “MS-18”등)과 연관이 있으며, 갱단은 엘살바도르 전 지역에 걸쳐 마약 및 무기 밀매, 차량 강탈, 살인, 납치, 폭력, 금전 갈취 등을 저지르고 있습니다.
ㅇ 갱단들은 아직 외국인 및 여행객을 표적으로 하고 있지는 않지만, 활동 영역이 교외 변두리에서 점차 도심지역으로 확대되고 있고, 주민들의 일상생활로 전파·확대되고 있어서 외국인들의 위험이 점점 높아지고 있습니다.
ㅇ 외국인들이 당하는 범죄는 △길거리 보행 중 무장 강도를 만나는 경우가 가장 흔하며 △도로에서 신호대기 중인 차량을 대상으로 하는 강도, △ATM에서 돈을 뽑은 사람을 미행해 금품을 갈취하는 경우, △갱단이 마켓, 식당, 경찰, 버스, 병원 등을 공격할 때 주변에 있다가 희생되는 경우, △국립공원이나 시골 지역 트래킹 시 갱단의 공격을 받는 경우 등이 있습니다.
ㅇ 산살바도르 구시가 중심지역(Centro)과 재래시장은 차량 운행이 복잡하고 금품을 노리는 범죄가 많이 발생하는 지역이므로 접근하지 않는 것이 좋습니다.
ㅇ 최근 엘살바도르-과테말라 국경지역인 치나 마스 검문소를 통과하여 과테말라 시티로 향하는 차량 중 엘살바도르 번호판을 단 차량을 대상으로 무장강도 사건이 자주 발생하며, 동 구간에서 경찰 제복을 입은 강도들이 활동한다는 정보가 있습니다.
자연재해
ㅇ 엘살바도르 국토의 90% 이상이 환태평양 조산 및 지진대의 일부로 매년 4,000여 회의 크고 작은 지진과 열대성 폭우, 태풍, 화산 폭발로 인한 피해가 빈번히 발생하고 있습니다.
- 2001년 1월 진도 7.6의 강진이 발생하여 1,500여 명이 사망하고, 12만여 가옥이 파괴
※ 자료 출처: 엘살바도르 지질연구소
ㅇ 2020년 엘살바도르 지진 발생 현황
- 발생건수 : 1,524회
- 진도 3.0 이상 지진 발생건수 : 651회
* 자료출처 : VolcanoDiscovery Gmbh
[생활안전 유의사항]
ㅇ 외출 시
- 가급적 혼자 다니지 말고 동료와 동행할 것
- 옷차림을 간소하게 하고, 과다한 장신구 착용을 삼갈 것
- 밤늦은 시간에는 외출을 삼갈 것
- 소지품은 빼앗겨도 괜찮을 정도만 가지고 다닐 것
- 현찰은 여러 주머니에 나누어서 넣을 것
- 현금인출기는 건물 외부보다는 백화점 등 실내에 있는 것을 이용할 것
ㅇ 대중교통
- 가급적 시내버스는 타지 말 것
- 버스에서 강도를 만났을 때 저항하지 말 것. 버스 강도는 조를 짜서 움직이므로 한 명을 제압하더라도 승객으로 가장하고 있던 다른 동료가 나타날 가능성이 많음
- 택시 이용 시에는 신용 있는 콜택시를 이용하며 길거리에서 택시를 타는 것은 삼가 할 것
ㅇ 운전 중
- 신호 대기시 창문을 내리고 있지 말 것. 옆 창문에 선팅을 하는 것이 강도 예방에 도움이 됨
- 2인 이상 탄 오토바이에 주의할 것. 뒤에 탄 사람이 권총 강도로 돌변할 수 있음
- 가급적 경적을 사용하지 말 것. 매우 거친 반응이 나올 가능성이 큼
- 어두운 시간에 우범지역 내 인적이 드문 거리에서는 신호등이 있더라도 서지 말고 다른 차선 차의 움직임을 살피면서 요령껏 주행을 계속할 것
ㅇ 주차시
- 지나치게 외진 곳에 주차하지 말고 차에서 내릴 때 주변 상황을 잘 살필 것
ㅇ 모르는 사람 접촉시
- 가급적 현지인들과의 시비에 휘말리지 말고 현장을 피할 것
- 모르는 사람이 권하는 음료수, 주류 등은 마시지 말 것
- 약을 타서 정신을 잃게 한 후, 납치, 강도 등의 범죄를 저지를 수 있음
ㅇ 야외활동
- 등산이나 하이킹시 강도를 당하는 경우도 자주 발생하니 가급적 믿을만한 안내인이나 관광경찰과 동행할 것
- 바닷가에서 파도에 휩쓸려 들어가는 사고가 자주 발생하니 수영에 자신이 있더라도 멀리 나아가지 말 것
- 모기에 물리지 않도록 주의하며 개인위생을 철저히 할 것(긴 팔, 긴 바지 옷 착용)
- 뎅기열, 치꾼군야, 시카 등으로 의심되는 증상(발열과 함께 두통, 눈 뒤에 통증, 근육·관절통, 피부발진 및 식욕부진 등)이 나타날 경우 즉시 의사와 상담할 것"
영국,United Kingdom,GB,유럽,2022-11-29,"사건ㆍ사고의 유형
[사건ㆍ사고 현황]
ㅇ 영국에서 21년 발생한 총범죄는 630만건으로 한국의 160만건 보다 네 배가량 많은 범죄가 발생하였습니다. 코로나19 이후 사이버범죄와 사기 범죄가 급격히 증가하고 있으며, 최근 한국에서는 크게 줄어든 강도, 침입절도, 소매치기 등 전통적인 범죄들도 꾸준히 발생하고 있습니다.
ㅇ 매년 대사관으로 약 500-600여건의 재외국민 사건사고 신고가 들어오고 있으며, 대부분은 절도와 분실사건이 2/3 정도를 차지하고 있습니다. 소매치기, 폭행·흉기사용 범죄 사건도 많이 발생하고 있으며, 증오범죄·사기범죄 피해 예방에도 각별히 주의해 주시기 바랍니다.
[유형별 범죄 예방 및 대처]
□ 소매치기 절도
ㅇ 사람들이 붐비는 장소에서는 가방 및 카메라 등 주요 소지품을 몸 뒤쪽으로 매지 말고 몸 앞쪽으로 매도록 합니다. 레스토랑, 커피숍, 극장 등에서 가방을 바닥이나 뒤쪽 의자에 두지 말고, 보이는 곳에 두거나 손에 항상 휴대합니다.
ㅇ 지나친 귀중품으로 치장하거나 부유한 사람으로 행동하여 소매치기의 표적이 되지 않도록 합니다. 최근 들어 소매치기범들이 사복경찰을 사칭하는 등 관광객 대상 범죄 수법이 정교해지고 있으므로, 수상한 사람들이 몸수색을 요구하거나, 소지품을 보여달라고 할 때 각별히 주의하시기 바랍니다.
ㅇ 호텔이나 민박집 등 숙소에서는 귀중품을 잘 관리하고 Safety Box 시설이 없는 경우에는 귀중품을 두고 다니지 않도록 하며, 숙소 문을 확실히 잠근 후 열쇠는 리셉션 데스크에 두지 말고 반드시 호텔 안내원에게 전달해야 합니다.
ㅇ 적당한 정도의 여행경비, 여권(사본) 등을 분산 소지하고, 도난 사고 발생 시에는 인근 경찰서에 신고하고 필요시 신용카드사, 수표 발행은행 및 항공사에도 연락합니다. 여권 도난 시에는 대사관을 방문하여 여행 증명서를 발급받습니다.
- 주영국대사관 : +44-20-7227-5500, 대한항공 서비스센터(영국): 0800-0265-883(무료), 아시아나 런던지점: +44-845-602-9900(예약문의) / +44-207-640-1630(고객서비스)
ㅇ 영국 경찰에 의한 범인 체포 및 소지품 회수는 거의 불가능하므로, 여행 전에 도난 사건을 보장해 주는 여행자 보험에 가입해 둡니다. 여권 사본 및 항공권 사본, 사진 2매 등을 준비해 두고, 현금은 적당한 양만 준비하고 여행자 수표 등을 준비하여 필요시 환전하여 사용합니다.
ㅇ 여행 경비가 부족할 경우 국내 가족에 연락하여 영사 콜센터(연락처 : +82-2-3210-0404)를 통한 신속해외송금을 받거나, Western Union 등을 통해 송금받을 수 있습니다.
□ 증오범죄(Hate Crime)
ㅇ 코로나19 이후 서방에서 아시아인을 상대로 한 증오범죄가 다수 발생하고 있으며 영국도 예외는 아닙니다. 특히, 코로나19 기간 아시아인을 대상으로 한 증오범죄가 179% 증가한 바 있습니다.
ㅇ 증오범죄는 폭행·욕설·괴롭힘 등 신체·정식적 피해, 기물파손 등 재산적 피해, 사이버공격, 서비스거부 등 여러 형태로 나타납니다. 이유 없이 본인을 주시하거나 폭력적 성향을 보이는 사람이 눈에 띌 경우 신속히 현장을 벗어나야 하며, 불필요한 과잉대응이나 반격은 자제하는 것이 좋습니다.
ㅇ 영국 경찰에서도 증오범죄는 매우 중요하게 인식하여 우선적으로 처리하고 있으니, 피해발생 시 증거와 함께 증오범죄로 인한 피해임을 분명히 밝히는 것이 중요합니다.
□ 각종 피싱(Phising) 등 사기 범죄
ㅇ 국내에 있는 우리 국민들에게는 주로 로맨스스캠·보이스 피싱·이메일 무역사기 피해 신고가 공관으로 접수되고 있습니다. 영국에 거주하는 재외국민들에게는 기관사칭형 피싱 사기, 물품거래·부동산 사기가 많이 발생하고 있습니다.
- (로맨스스캠) 인스타그램·페이스북 등 SNS를 통해 친분을 갖게 된 외국인 또는 국내인(주로 이성)이 ‘영국에서 소매치기를 당했다/지갑을 분실하였다’는 등 각종 이유로 갑자기 급전이 필요하다며 피해자에게 금전을 요구
☞ SNS에서 무분별한 교제는 자제 / 부탁을 가장한 어떠한 송금 요구에도 입금 금지
- (보이스피싱) 영국에 유학 중인 자녀를 둔 한국의 부모에게 영국 심야 시간에 연락하여 자녀를 납치·감금하고 있으니 돈을 보내라고 요구
☞ 평소 유학생과 가족간 연락 체계를 잘 유지하고, 상대방에게 피랍자(가족)를 바꿔 달라고 하여 가족들만 알 수 있는 질문을 던져 본인 확인
- (기관사칭형 피싱사기) 영국 국세청(HMRC)·경찰 등 공공기관, 은행 등 금융기관, 택배회사를 사칭하는 문자·전화로 송금을 유도하거나, 악성 어플리케이션이나 피싱사이트로 연결하여 금전·개인정보 탈취
☞ 공공기관이나 금융회사를 빙자하여 송금·결제 또는 개인정보를 요구하는 문자나 전화는 사기일 확률이 매우 높으므로 각별히 주의
- (기타 사기 피해) 온라인에서 검색한 숙소의 임대보증금 편취 사례, 온라인 중고물품 거래 사기, 비트코인 관련 사기 등
☞ 선입금을 요구하는 경우 사기 가능성이 매우 높음. 되도록 직거래나 계약 대상 물건을 확인한 후 대금 지급
ㅇ 온라인 사기 범죄 피해를 당하였거나 의심될 경우 즉시 한국 경찰관서(112 또는 사이버경찰청)에, 영국 내에서 피해를 당한 경우 사기범죄 통합신고센터인 Action Fraud로 신고하고 피해 회복을 위해 거래은행을 통해 지급유예나 송금취소 요청을 하기 바랍니다.​
※ Action Fraud( www.actionfraud.police.uk ) : 0300-123-2040
□ 범죄 피해 예방 및 신변안전 요령
ㅇ Westminster, Camden, Croydon, Newham, Hackney 등 런던의 주요 우범지역 방문 시에는 주ㆍ야간을 불문하고 각별한 주의를 당부드립니다.
ㅇ 야간에는 가급적 외출을 자제하고, 비행 청소년들이 길거리나 술집에서 시비를 걸 때에는 회피하는 것이 바람직합니다.
ㅇ 나이트클럽이나 술집에서 주사바늘이나 술에 약을 타서 강도 및 성폭행을 하는 이른바 스파이킹(Spiking) 사건도 많이 발생하고 있습니다. 과음을 자제하고, 술이나 음료를 방치하지 말아야 하며, 모르는 사람이 주는 음료는 거절하여야 합니다. 피해 의심사례 발생시 술집 주인이나 매니저, 경찰에 신고하시기 바랍니다.
ㅇ 버스 탑승 시 운전기사 뒷좌석에 앉도록 하고 기차 탑승 시에는 사람들이 많은 차량을 이용하는 것이 좋으며, 영국 당국에 의해 정식 승인된 택시(Black Cab)를 이용하도록 합니다. 버스 등에서 위협을 느끼는 경우 직접 대응하지 말고, 기사에게 알려 경찰을 부르도록 합니다.
ㅇ 홍수, 강한 돌풍 등 자연재해가 일어나기도 하며, 심한 경우 사상자가 발생하고 교통 체계가 마비되기도 합니다. 스코틀랜드 산악지대 등반을 계획하는 경우, 산악지대 스포츠 안전 정보 웹사이트( http://www.sais.gov.uk/ )에서 사전에 관련 정보를 확인하시는 것이 좋습니다.
□ 긴급상황 발생시 신고 요령
ㅇ 영국에서 경찰이나 구급차가 필요한 긴급상황(Emergency)이 발생하면 999로 신고를 하여야 합니다. 999는 범죄가 지금 일어나고 있는 경우, 범죄자가 현장에 있거나 가까운 거리에 있는 경우, 피해자가 위험한 상황인 경우에 이용하여야 하며 긴급상황이 아닌 일반신고(Non-Emergency)는 101 또는 온라인으로 신고하여야 합니다.
ㅇ 경찰에 신고하더라도 범죄가 현재 진행되고 있지 않거나, 현장에 범인이 없는 경우 내외국인 피해를 불문하고 경찰이 바로 출동하지 않을 가능성이 높습니다. 통상 1-24시간 이후 출동하며 수사 진행이 불가능한 경우 경찰 신고접수 번호(Reference Number)만 발급하고 방문 없이 종결하는 경우도 있습니다.
ㅇ 999, 101 신고 시에는 한국어 통역을 요청할 수 있으니 영어에 자신이 없는 경우 적극 활용하시기 바랍니다."
예멘,Yemen,YE,중동,2025-01-21,"사건ㆍ사고 현황
[예멘 여행금지국 지정]
ㅇ 2011.2월 시작된 반정부 시위로 인한 유혈사태와 치안상황 불안에 따라 우리정부는 2011.6.28 예멘을 ‘여행금지국’으로 지정하였으며, 이후 매 6개월마다 정부합동 여권정책심의위원회에서는 예멘의 정세 및 극도의 치안 불안 등으로 인해 동 여행금지국 지정을 현재까지 연장해오고 있습니다.
ㅇ 이에 따라, 우리 국민의 예멘 방문과 체류는 전면적으로 금지되며, 예외적으로 정부의 허가(예외적 여권사용 허가)를 얻는 경우에 한하여 허용이 될 수 있습니다.
※ 사전에 방문 또는 체류허가를 득하지 않고 예멘을 방문하거나 체류하는 경우에는 여권법 제26조에 따라 1년 이하의 징역 또는 1,000만원 이하의 벌금에 처해짐
[일반 치안 정세]
ㅇ 2014.9월부터 후티반군의 주요 도시 장악으로 인한 치안불안을 비롯하여 예멘에서는 다양한 무장세력으로 부터의 테러 공격 및 납치 우려가 높아 누구든지 테러 공격으로 인해 피해를 입을 수 있으므로 불가피한 예멘 방문시 철저한 주의와 신변안전 조치가 필요합니다.
- 테러ㆍ납치 위험이 있는 지방 방문은 물론, 비교적 안전한 수도 사나에서도 호텔, 클럽, 레스토랑, 카페, 패스트 푸드점 등 외국인들의 출입이 빈번한 곳은 테러공격의 위험에 노출되어 있으므로 출입을 자제하는 것이 바람직합니다.
ㅇ 알카에다(AQAP) 연계세력뿐만 아니라 각 지방의 무장부족세력들이 중앙정부에 대한 불만 표출 및 요구사항 관철 등을 위해 외국인 대상 납치테러를 자행하는 사례가 빈번하기 때문에 지방 여행시에는 극도의 주의를 기울여야 합니다.
ㅇ 특히, 지방 방문이 불가피한 경우 반드시 항공기를 이용해야 하며 육로를 이용하는 것은 절대 금해야 합니다. 예멘 관광경찰청은 사나 외곽으로 여행을 희망하는 경우, 반드시 관광경찰청에 사전 허가를 받고 안내원을 대동하도록 하고 있습니다.
ㅇ 무장 괴한에 의한 노상 차량 강탈 사건이 빈번히 발생하고 있으니 운전할 때는 창문을 잠근 상태로 운전하고, 차량을 장시간 길에 방치하지 않도록 해야 합니다.
ㅇ 여성이 거리에서 혼자 있는 경우 현지 남성들로부터 성희롱(harassment)을 당할 가능성이 높으므로 가급적 남자와 동행하는 것을 권장하며, 발토(Balto, 검정색 드레스)를 착용하는 것도 성희롱을 어느 정도 방지하는데 도움이 될 수 있습니다.
[최근 주요 외국인 대상 납치 및 테러 현황]
ㅇ 수도 사나
- 10.5월 미국인 여행객 2명이 부족에게 피랍
- 11.1월 체코인 여행객 4명이 사나 마나카 지역에서 부족에게 피랍
- 11.4월 사우디 외교관이 무장 부족에게 피랍
- 12.11월 사우디대사관 무관이 차량이동 중, 무장괴한 3명의 기습총격으로 사망
- 12.12월 오스트리아인 1명, 핀란드인 2명이 알카에다 추정 무장괴한에 피랍
- 13.2월 네덜란드인 1명 무장단체에 피랍 후 석방
- 13.6월 네덜란드 커플 피랍
- 13.7월 이란대사관 외교관 1명 차량이동중 피랍
- 13.10월 독일대사관 직원 1명 무장괴한에게 피살
- 13.10월 시에라리온국적 UNICEF 직원1명 피랍
- 14.1.18. 이란 외교관 1명이 차량이동 중 무장괴한들의 피랍 기도에 반항하다 총격 피살
- 14.1.31. 시내 현지 어학원에서 아랍어 연수 중이던 독일인 1명이 마립 부족들에게 피랍
- 14.2.3. 하다거리에서 영국 기업인을 포함한 외국인 3명(영국 1, 인도 1, 필리핀 1) 및 현지 경호원 1명 등 4명이 피랍
- 14.2.12. 하다거리에서 영국인 1명(영어학원강사) 피랍
- 14.2.22. 체코인 여자의사가 도보로 병원으로 출근하던 길에 피랍
- 14.2.27. 유엔 컴파운드 인근에서 군인 복장의 무장괴한이 UN 직원 납치 미수
- 14.2.28. 당관 인근에서 군인 복장의 무장괴한이 UN 직원 납치 미수
- 14.3.22. 군인 복장 무장 괴한들이 식당에서 나오던 미국인 1명 납치 미수
- 14.3.25. 이탈리아 국적 UN기구 직원이 피랍되어 마립주로 끌려가던 중, 검문소에게 발견되어 양측 총격전 상황에서 탈출함.
- 14.4.24. 외국인이 수시 출입하는 인도인 운영 이발소에서 러시안인 1명을 납치하려던 무장괴한 2명이 납치대상이던 러시아인에게 사살됨
- 14.4.28. 하다거리내 독일대사관 인근에서 정체불명 무장괴한들이 방탄차량에 승차한 독일외교관 2명을 납치하려다 실패하자 독일외교관 1명에게 부상을 입히고 도주
- 14.5.5. 하다지역 프랑스대사관 인근에서 EU대표부 경호원(프랑스인 2명, 예멘 1명)이 차량에 탑승한 괴한들로부터 총격을 받아, 1명(프랑스인) 사망, 2명 부상
- 14.9월 북부 후티반군이 Saleh 前 대통령의 지원을 받으면서, 수도 사나 등 주요지역 무력으로 장악
- 14.10.9. Tahrir 광장 자살폭탄테러(예멘인 약57명 사망)
- 14.12.3. 이란대사 관저(슈메이라하리 슈퍼 주변)를 목표로 하는 차량폭탄테러가 발생
- 14.12.23. Old Sana'a에서 후티세력을 겨냥한 5차례 폭탄테러가 발생
- 15.1.7. 경찰학교 입구에서 차량폭탄테러가 발생, 최소 40여 명이 사망
- 15.1.11. 예멘 알카에다(AQAP)가 1.7(수) 프랑스 시사주간지 ‘샤를리 엡도’ 총격 테러사건(1.7) 및 레바논 카페 테러(1.10)의 배후로 알려짐
- 15.2.3. 테러조직 IS가 최근 납치 일본인 2명의 살해 동영상을 유포하고, 앞으로도 일본인을 계속 공격하겠다고 협박(아시아인에 대한 추가 납치 등 예상)
- 15.2.12. 후티세력의 일방적인 정부장악 등 정국불안으로 서방국가(미국,영국,프랑스 등) 대사관 폐쇄 및 공관원 철수 등 혼란 지속
- 15.2.24. 예멘사회개발기금에 근무하는 프랑스인 1명(여)과 예멘인 통역(여)이 피랍
- 15.3.20. 후티측 모스크 2곳에서 발생한 자살폭탄테러로 최소 예멘인 150여명 사망, 350여명 부상(ISIL은 자신들의 행위라고 밝힘)
- 15.3.26. 새벽 02:00경부터 수도 사나, Sadah, 아덴인근 Al-Anad 공군기지를 목표로 사우디아라비아 등 GCC국가를 비롯한 연합군 전투기들이 집중 공습 개시
- 15.3.20. 시아파 이슬람사원에 대한 테러로 약 140명 사망, 약350명 부상(ISIL은 자신들의 소행 주장)
- 15.4.2. 알카에다, 남부 무칼라 교도소 습격, 300여명 탈옥
- 15.4.3. 알카에다, 무칼라(하드라마우트 州 都) 지역 장악
- 15.6.30. 남부 타이즈 교도소 습격, 1,200명 탈옥
ㅇ 아비안 州
- 10.8월 알-아와르 지역에서 터키ㆍ시리아인이 부족에게 피랍
- 10.10월 진주바르 인근에서 스웨덴인 기술자가 부족에게 피랍
- 11.2월 아비안주에서 우즈베키스탄인 의사가 무장 부족에게 피랍
- 13.5월 아비안주에서 이집트 기술자 2명, 국제적십자사 소속 인도인 2명, 스위스인1명, 케냐인 1명이 무장 부족세력에게 피랍 후 석방
ㅇ 마립 州
- 07.7월 스페인 관광객 10명이 알카에다 자폭 테러로 사망
- 14.4.13. 마립주 시내에서 우즈벡 또는 러시아인 의사 1명(남자) 무장괴한에 피랍
ㅇ 샤브와 州
- 10.5월 샤브와에서 중국인 석유기술자 2명이 부족들에 의해 피랍
ㅇ 하드라마우트 州
- 08.1월 벨기에인 관광객 4명이 알카에다 총격 테러로 사망
- 09.3월 시밤 유적지에서 알카에다 자폭테러로 아국인 관광객 4명 사망, 3명 부상
ㅇ 사다 州
- 09.6월 아국인, 영국ㆍ독일인 9명이 알카에다에 피랍, 3명 사망(아국인 1명 포함), 2명 구출, 4명 실종
- 10.11월 ‘앗-살람’ 사우디인 병원장이 무장세력에게 피랍
ㅇ 타이즈 州
- 12.3월 타이즈에서 미국인 영어교사가 차량이동중, 무장괴한 2명의 총격을 받고 사망
- 13.5월 타이즈에서 남아공 부부 피랍
ㅇ 입(Ibb) 州
- 14.12.31. 12:00경 사나 중남부 IBB 州 시내 연회장에서 ‘무함마드’ 생일 축하행사 중 후티세력을 겨냥한 자살폭탄테러가 발생, 최소 33명 사망
ㅇ 호데이다 州
- 12.3월 호데이다에서 스위스 영어교사 1명 알카에다 추정 무장그룹에 피랍
[총기사고]
ㅇ 예멘 국민들이 자기방어 목적으로 총기를 소유하는 것이 예멘 헌법에 보장되어 있음에 따라 성인 1인이 평균 3정의 총기를 소유하고 있으며, 전체 국민이 소유하고 있는 총기 수는 1천7백만 정 정도로 추산됩니다. ‘Small Arms Survey 2007’에 따르면, 예멘은 세계에서 가장 중무장된 폭력적인 사회 중의 하나라 지적하였습니다.
ㅇ 잦은 총기 사고로 많은 인명피해가 발생하고 있으며, 부족이나 집안간의 갈등이 종종 총격전으로 이어지는 경우도 많습니다.
※ 예멘 내무부는 4년동안 발생한 45,000 건의 범죄 중 50%가 총기 사용으로 인해 발생하였다고 공식적으로 발표한 바 있습니다.
ㅇ 외국인 납치 사건이나 알카에다 연계 조직들이 근절되지 않고 활동하며 예멘을 은신처로 이용할 수 있는 것도 총기나 화약류를 쉽게 구입할 수 있는 사회적 여건 때문이라고 보는 측면도 있습니다.
자연재해
ㅇ 예멘은 남서부에 예멘고원(해발고도 450∼1,500m), 동북부에 사막(룹알할리 사막)이 있으며, 남동부 해안선을 따라 좁은 해안평원, 서부 홍해 연안을 따라 넓이 25∼40㎞의 해안평야지대인 티하마(Tihama) 평원이 펼쳐져 있습니다. 예멘은 이러한 지형적인 원인으로 지진, 홍수 및 바위붕괴(rock slides) 등의 천재지변에 노출되어 있습니다.
ㅇ 예멘 지진 관측소 자료에 의하면 2005년 한 해 동안 2,485회(육상에서 943회, 아덴만, 홍해 등 해상에서 1,342회)의 지진이 관측되었으며, 수도인 Sanaa를 비롯하여 Hajja, Al-Mahwit, Al-Beidha, Yafa 및 Saada 등지에 서도 광범위한 지진 활동이 관측됩니다.
※ 수도 남부 Dhamar 지역에서 1982년 12월의 대지진으로 막대한 재산 손실은 물론 약 3,000명의 인명피 해와 50만명에 달하는 이재민이 발생함
ㅇ 예멘 중서부에 위치한 40여 개의 산악지역은 자연 침식현상(natural erosion)으로 인해 바위붕괴 위험을 안고 있습니다. 바위붕괴는 특히, 산악지대에 사는 주민들에게 악몽이 되어온 또 하나의 자연 재해입니다.
※ 2005년 12월 28일 거대한 바위가 Al-Dhafeer(수도에서 서쪽으로 42Km 떨어진) 마을을 덮쳐 65명의 인명피해와 가옥 16채가 파손됨
ㅇ 예멘의 해안 저지대와 북동부의 사막은 연평균 강수량이 100㎜에 불과한 영농 불모지대이나, 남서부 고원지대는 연평균 강수량이 400㎜이고 일부지역은 750㎜에 이르기도 합니다. Dhamar, Hodeidah, Ibb, Sanaa, Taiz 등지 에서는 여름철 폭우로 인해 피해가 자주 발생하고 있습니다.
ㅇ 2008년 10.23~24간 예멘 중부 하드라마우트 지역 및 Mouhra 지역에서의 폭우로 인하여 184명 사망, 40명 실 종, 2,000여채의 가옥 파손과 1만여명 이상의 이재민이 발생하였습니다.
유의해야할 지역
ㅇ 수도 사나를 비롯한 예멘 전역에서의 일반적인 여행이 불가하며, 경호대책을 구비하더라도 대부분의 지역에서 철저한 신변안전 유의가 필요합니다.
ㅇ 사다(Sadaa), 마립(Marib), 샤브와(Shabwah), 하드라마우트(Hadramout), 알조프(Al Jawf), 아비얀 (Abyan), 다르마르(Dharmar), 암란(Amran) 등지는 테러 위협과 지방부족에 의한 납치 등의 이유로 불가피한 여행을 제외하고는 이들 지역 방문을 절대 자제하는 것이 바람직합니다.
ㅇ 사나~타이즈~아덴간 고속도로 및 사나~마립 노상을 비롯, 알조프, 아비얀, 다르마르, 암란 등지는 예멘 정부에 대해 불만을 품은 지방부족에 의한 납치 가능성이 매우 높은 지역입니다.
ㅇ 사다 지역은 2004년부터 정부군과 시아파 후티(Houthis) 반군간 내전지역으로 내전지역에 지뢰가 완전히 제거되지 않았고, 파괴된 도로, 건물의 전후 복구가 원활히 이루어지지 않고 있으며, 2011. 2월부터 시작된 예멘 반정부 시위사태시 후티 반군은 중앙 정부의 통제력이 약해진 틈을 이용하여 북부의 사다 지역 거의 대부분을 통제하면서 정부군과의 총격전이 수시로 발생하고 있어 치안이 확보되지 않은 상황입니다."
오만,Oman,OM,중동,2023-11-24,"사건ㆍ사고 현황
ㅇ 오만은 교통사고 사망률이 높은 국가로, 운전 시 각별한 주의가 필요합니다.
사건ㆍ사고의 유형
ㅇ 오만의 교통사고는 매우 심각한 수준이며, 연간 교통사고 사망자 발생률은 2009년, 인구 10만 명당 30명에서 지속적인 상승세를 보이며 2012년에 10만 명당 35명까지
올라갔습니다. 이후 심각성을 깨달은 정부의 노력으로 매년 10%가량 감소하고 있
는 추세입니다. 하지만 현재까지도 국제 평균 교통사고 사망률(2011년 인구 10만
명당 19명)을 크게 웃돌고 있으니, 운전에 각별한 주의가 필요합니다.
자연재해
ㅇ 연평균 강우량은 80mm이나, 불규칙적으로 내리며 지역에 따라서 편차(40-250mm)를 보입니다.
ㅇ 우기가 별도로 없으므로 예단하기 어려우나, 강우는 보통 11-2월 중에 집중됩니다.
ㅇ 비가 오면 배수 시설이 없는 탓에 도로가 갑자기 침수되어 통행이 불가능한 구간이 생기고, 현지인들은 우중 운전이 미숙하여 교통사고가 많고, 순간적 강풍으로 가로수 등이 쓰러지는 등 위험하므로 이동 및 외출을 자제하여 주시길 바랍니다.
ㅇ 2007년 6월 인도양에서 발생한 사이클론이 무스카트 지역을 강타하여 많은 인명피해와 재산 피해가 발생한 바 있습니다.
유의해야 할 지역
ㅇ 치안상태는 양호하며 강도, 납치, 살인 등 강력범죄 발생은 거의 없으며, 기타 경범
죄 등 일반범죄율도 낮은 편이나 통상적인 주의는 필요합니다.(야간 이동 시 제3국
인 밀집 지역)
ㅇ 택시는 가급적 여성 혼자 이용하는 것보다는 여러 명이 함께 이용하는 것이 바람직
하며, 한국 여성 등 아시아계 여성이 야간에 혼자 외출할 경우 택시 안이나 도로에
서 어려움을 겪을 수 있어 각별히 조심할 것이 요망됩니다."
오스트리아,Austria,AT,유럽,2022-11-29,"사건ㆍ사고 현황
ㅇ 도난 및 소매치기 등의 범죄 해결율은 10% 이하로 매우 저조합니다.
ㅇ 오스트리아는 치안이 안정된 국가로 안전한 환경에서 여행을 즐길 수 있지만, 소지품 날치기 등의 범죄가 증가하고 있습니다.
ㅇ 오스트리아 내에서 우리나라 여행객(특히, 주변 동구권보다 오스트리아는 안전하다고 생각하고 경계를 늦추는 관광객)들은 소매치기로 인한 여권 및 소지품 도난사고의 피해를 가장 많이 보고 있습니다.
ㅇ 우리 국민이 해외에서 가장 많이 도난, 분실하는 귀중품
- 여권
- 지갑(현금, 신분증, 신용카드, 은행 직불카드, 학생증, 타국 비자)
- 유레일패스 등 기타 지불 완료한 바우처
- 디지털카메라, 휴대폰, 태블릿 PC 등
[여행 중 가장 중요한 소지품의 순서]
ㅇ 여권과 현금, 신분증, 신용카드, 은행 직불카드, 학생증 등이 들어있는 지갑은 분실할 경우 여행을 지속할 수 없으므로 여행 중에 가장 중요한 귀중품입니다.
ㅇ 유레일패스 등 기타 지불 완료한 바우처는 현금과 같습니다. 만약을 대비하여 사본이나 증명서를 스캔하여 본인의 이메일에 보내 놓은 후, 분실 시 이메일에서 다운로드하는 것도 좋은 방법입니다.
ㅇ 디지털카메라, 휴대폰, 탭컴퓨터 디지털카메라는 여행객에게 개인적으로 중요한 물품이지만 지갑과 여권보다는 더 중요하지 않습니다. 디지털카메라 분실을 대비해 카메라의 저장매체 용량을 작은 것으로 여러 개 구입해 여행 중 주기적으로 매체를 교환하고 보관하는 것도 방법입니다.
ㅇ 여행자 보험을 들어 여행 직전 디지털카메라, 휴대폰, 탭컴퓨터의 기종 및 기종 번호, 기기 색깔 등을 기록해두고 도난 또는 분실 신고 시 이것을 정확히 진술하는 것이 좋습니다.
사건ㆍ사고의 유형
유형 1)
ㅇ 피해사례 중 약 60% 정도 해당하는 가장 흔한 수법으로는 2-3인 한조가 되어 상대에게 말을 걸어 혼란스럽게 하고 소지품을 땅에 내려놓거나 시선을 다른 곳으로 돌리게 한 사이에 소지품을 날치기하는 사례가 빈번히 일어나고 있습니다.
[혼란스러운 상태에서의 날치기]
- 지도로 길을 문의하거나 행선지/도착지를 문의
- 친절하게 길 묻거나, 말 걸기
- 옷에 무엇을 묻힌 후 옷 털어주거나 물총을 쏜 후 옷에 물을 닦아줌
- 보관함 사용법 문의
- 주변에 동전 떨어뜨려 여행객이 줍는 동안 날치기
- 주차장에서 타이어가 펑크 났다고 해 여행객이 자신의 자동차 타이어를 확인하는 동안 다른 사람이 자동차 문을 열고 가방을 들고 달아남
(유형 1의 대처 방법)
ㅇ 낯선 사람이 주변에서 이상한 행동을 하거나 접근해 올 때, 우선 지갑과 여권 등의 중요품은 항상 몸에 간직하도록 조심하고 기타 휴대폰, 디지털카메라가 있는 손가방은 꼭 몸에 대각선으로 매어 가볍게 빼앗아 갈 수 없도록 대응해야 합니다. 휴대품은 자신의 침실에 들어가기 전까지는 항상 몸에 착용하고 있도록 합니다.
유형 2) 기차 안에서 소지품 날치기
기차 안에서 소지품 날치기 열차 탑승 후 출발 대기 중에 잠시 좌석에 놓아두거나 한눈을 판 사이 소지품을 집어서 도망하거나, 좌석번호 확인을 위장해 들어와 ‘미안하다’고 사과한 후 나가면서 소지품을 가지고 달아나는 사례가 있습니다.
(유형 2의 대처 방법)
ㅇ 열차 및 버스 탑승 후 짐을 선반 위 또는 좌석 아래에 또는 자신의 빈 좌석 옆에 두고 한눈을 팔아서는 안됩니다. 특히 지갑, 여권 등 귀중품이 들어있는 핸드백은 몸에 대각선으로 맨 상태에서 무릎 위에 두어야 합니다. 잠시 옆좌석에 둔 사이 없어지기 때문입니다.
유형 3)
ㅇ 여행 중에 동일한 행선지 여행객으로 위장하여 신뢰를 얻은 후 약물을 투여한 음식 및 음료수 또는 가짜 비타민제 등을 친절하게 제공하여 섭취하게 한 후, 정신을 잃을 사이 중요 소지품을 탈취하는 사례가 증가하고 있습니다.
(유형 3의 대처)
ㅇ 내국인, 외국인을 막론하고 타 여행객(마치 현지인처럼 행세할 수도 있음)이 친절을 베풀며 제공하는 음식과 음료, 비타민제 등은 공손하게 거절하며 섭취하지 말아야 합니다.
유형 4)
ㅇ 잠시 지갑과 여권 등 귀중품이 든 손가방을 옆 의자에 두고 한눈을 팔거나, 기차 선반 위에 올려두어 도난을 당하는 경우가 많습니다.
- 호텔이나 식당에서 식사 중 가방을 테이블 위에 올려두거나, 의자에 걸어놓거나, 옆 의자에 두고 담소를 나누거나 식사 시 또는 음식을 가지러 간 사이
- 호텔 체크인 및 체크아웃 시 가방을 잠시 두고 체크인 양식을 적거나 지불시 또는 로비에서 잠시 기념촬영하거나 지인들과 대화를 나누고 있을 시
- 출발 대기 중에 잠시 가방을 옆 또는 난간 또는 바닥에 세워두고 한눈을 판 사이
- 기차 선반 위에 여권, 지갑, 유레일패스 등을 넣은 가방을 올려두고 잠시 자리를 비운 사이 또는 잠든 사이
- 야간열차 침실 칸 또는 객실 칸에서 잠든 사이
(유형 4의 대처)
- 지갑과 여권 등 귀중품이 든 가방은 항상 몸에 착용하며, 의자 좌석 옆에 놓아두거나 뒤에 걸거나, 옆 빈자리 또는 열차 선반 위에 두지 않도록 하여야 합니다.
- 수하물은 본인의 시선에서 떨어지지 않도록 하며, 급한 용무가 있더라도 수하물 및 소지품을 항시 휴대하도록 하여야 합니다.
- 라기지(Luggage)서비스를 이용할 때는 호텔 소속 직원인지 눈여겨볼 필요가 있습니다.
- 호텔 로비, 유명한 건물, 동상, 탑 등을 뒷 배경으로 두고 기념 촬영할 때 소지품을 난간이나 땅에 내려놓고 사진을 찍어서는 안됩니다.
유형 5)
ㅇ 지갑이나 여권 등의 귀중품을 숙소에 두고 외출을 하여 물건을 도난당하는 여행객이 많습니다. 유럽에서는 일반적으로 숙소 객실 내에서 도난사고가 일어날 경우, 숙소 주인/숙박업체가 여기에 대한 책임을 지지 않습니다. 참고로 오스트리아 등 유럽연합국에서는 개인정보보호법에 따라 거리, 도로, 호텔 내, 버스, 열차 내에 CCTV가 설치되어 있지 않습니다.
(유형 5의 대처)
ㅇ 지갑이나 여권 등은 항시 자신과 함께 몸에 착용하도록 하시고, 휴대폰 및 디지털카메라는 숙소의 세이프 서비스 유무를 확인하시고 동 서비스를 이용하시는 것이 안전합니다. 세이프 서비스를 받을 경우, 꼭 어떤 물건을 보관 서비스에 맡겼는지 확인증을 받으시기 바랍니다.
자연재해
ㅇ 자연재해로 인한 특별히 주의하여야 할 지역은 없습니다. 단, 여름 폭우로 인해 산간지역(오스트리아 서부)의 포사가 흘러 철도 또는 고속도로 교통이 마비되는 경우가 있습니다. 여행 중 매일 여행지 및 여행 예정지의 일기예보 및 교통정보에 유의하시기 바랍니다."
온두라스,Honduras,HN,미주,2022-08-02,"사건ㆍ사고 현황
□ 정정 상황 (전쟁, 내란, 테러 등)
ㅇ 2014년 1월 취임한 에르난데스 대통령은 치안개선을 위해 범죄와의 전쟁을 선포하고 군경대, 경찰특공대, 순찰 지구대를 설립하는 등 종합치안대책을 마련하여 열악한 치안 상황을 개선하기 위해 많은 노력을 하고 있으나, 2019년 국내 총 피살자수가 3,996명(인구 10만명당 43.6명)으로, 여전히 세계에서 살인율이 가장 높은 국가 중의 하나로서 온두라스 방문시 안전확보에 특별한 주의가 요구됩니다.
ㅇ 온두라스는 미국남부와 마약 생산의 본거지인 콜롬비아 등의 중간에 위치하여(미국으로 유입되는 8백여톤의 마약중 약 50%가 온두라스를 경유) 마약 관련 중남미 조직범죄자수의 절대다수를 차지하고 있어 치안이 극히 불안한 지역입니다.
ㅇ 또한, 빈민층 주거지역은 지역마다 범죄조직이 장악하고 있기 때문에 외지인의 출입이 극히 위험하며, 일반인의 살해, 납치, 강도 등 사건도 빈번히 발생하고 있어, 여행객도 무차별적으로 범죄에 노출될 수 있으므로 항상 주의를 기울여야 합니다. 한편 북부해안, 베이 아일랜드 등 유명관광지는 비교적 안전한 편이나 야간외출은 자제해야 합니다.
□ 치안상황 (일반범죄 등)
ㅇ 온두라스 치안당국에 따르면 2019년 총 피살자수가 3,996명(인구 10만명당 43.6명)으로 2018년 대비 5.3% 증가하는 등 온두라스의 피살율은 여전히 심각한 수준이며, 피살사건의 대부분이 총기에 의해 발생되고 있습니다. 또한, 대도시 지역내 납치등의 사건도 급격히 증가하고 있는 추세이므로 각별한 주의가 요구됩니다.
- 온두라스 치안당국에 따르면 온두라스내 개인 소지 총기는 약 1백만정으로, 이 중 약 70만정이 치안당국에 등록되지 않고 불법적으로 유통되고 있는 것으로 파악되고 있습니다.
ㅇ 온두라스의 심각한 치안상태를 고려 할 때 대도시지역에서 심야에 외출하는 것은 매우 위험하며, 북부 해안 도시 및 베이 아일랜드 등 해변관광지 등 비교적 치안상태가 양호한 지역에서도 단신 또는 어두워진 후 산책을 하는 것은 위험합니다.
ㅇ 대중교통 이용 시 가능한 버스이용을 삼가하고, 택시를 탑승할 경우에도 콜택시 이용 등 주의가 요구됩니다.(특히 택시요금은 탑승 전 흥정)
ㅇ 한편, 2인조 오토바이 강도와 도난차량을 이용한 무장 강도사건도 자주 발생하고 있어 시내도보 이동시 주의가 필요합니다. 한편, 온두라스 정부는 군경합동으로 주요 도시지역에서 순찰을 시행하고 있으나 실효를 거두지 못하고 있습니다.
ㅇ 온두라스 경찰은 대부분 영어를 구사하지 못하며 유명 관광지 등에 특별관광경찰을 배치하였으나 자질이 많이 떨어지는 편입니다.
ㅇ 북부의 산페드로술라지역은 관광버스 등을 대상으로 한 강도사건이 종종 발생하고 있으며 최대 관광지인 코판 유적지를 가는 도로상에서도 강도사건이 종종 발생하고 있습니다.
ㅇ 온두라스에서는 발생하는 피살사건의 대부분이 범인이 검거되지 않았거나, 검찰 및 경찰측 수사 부실로 인한 증거 불충분으로 기소되지 않아 피살사건에 대한 처벌이 이루어지지 않는 것이 온두라스 내 살인 범죄율이 더욱 증가하는 주요 요인입니다.
ㅇ 특히 2019년에는 한국인 관광객이 범죄조직이 장악한 마을을 관광하다가 범죄조직원들에게 장시간 감금당하고 생명의 위협을 당하면서 강도 당한 사건이 발생하였습니다.
사건ㆍ사고의 유형
ㅇ 불시에 총, 칼 등으로 위협을 가해 올 때에는 소지하고 있던 가방, 지갑 등을 범인의 눈과 마주치지 않은 상태에서 천천히 건네는 것이 좋습니다.
- 강도 또는 소매치기를 만나면 범죄자를 쫓거나 대항하는 경우 오히려 더 큰 사고가 발생할 수 있으니 가지고 있는 현금 또는 귀중품을 건네주시고, 특히 지갑을 꺼낼시 범인에게 직접 꺼내가도록 하여 무기를 꺼낸다는 의혹을 주지 않도록 주의하십시오.
ㅇ 밤늦게 거리를 배회하는 것은 위험하며, 특히 은행 또는 현금자동인출기를 통한 현금 인출은 대낮의 경우에도 주의가 요구됩니다.
ㅇ 카지노 및 주점 등의 유흥업소 출입은 가급적 자제하는 것이 바람직하며, 유흥업소가 밀집된 지역을 방문하는 경우 여러 명이 함께 동행 하거나 항상 주변에 미행자가 없는지 확인하는 것이 필요합니다. 특히 다량의 현금 소지는 강도의 표적이 되기 쉬우므로 각별한 주의가 요구됩니다.
ㅇ 모르는 사람이 친절하게 접근해 오면 경계심을 갖고 대응하며, 공항이나 호텔에서 잠시 이석 시에도 소지품을 휴대하여야 합니다.
ㅇ 소매치기 등도 자주 발행하고 있어 인파가 많은 곳에서는 각별히 주의해야 하며 외출 시에는 가급적 귀중품을 휴대치 말고 간소한 복장에 현금휴대는 최소화 하는 것이 좋습니다.
ㅇ 정치적 시위 등이 발생하는 장소에는 가지 않는 것이 안전합니다.
ㅇ 도심에서 차량정차 시 강도를 당하는 사례도 있어 항상 자동차문을 잠근 상태에서 운전해야 하며 야간에는 가급적 운전을 피해야 합니다.
ㅇ 택시를 탈 경우에는 미리 잔돈을 준비하도록 하고, 미터기가 없기 때문에 타기 전에 미리 요금을 정한 후 탑승하도록 하며, 가능한 운전기사의 이름과 면허증번호를 기록하는 것이 좋습니다.
ㅇ 만약 강도와 마주치게 된 경우 저항하지 말아야 합니다. 대부분 희생자는 순간적인 저항 시 발생함에 유의하고 관광할 경우에는 단체로 다닐 것을 권장합니다.
- 강도들이 원하는 것은 금품인 경우가 많으므로 금품을 분산 소지해 한꺼번에 빼앗기는 일이 없도록 하고, 분풀이성 피해를 당하지 않도록 비상금(500 렘삐라)을 갖고 다니는 것이 좋습니다.
자연재해
ㅇ 주재국은 카리브해의 주요 태풍경로로서 매년 태풍으로 인한 피해가 발생하고 있으므로 태풍이 자주 발생하는 시기에는 대도시외 지방여행을 자제하는 것이 바람직합니다. 특히 2020년 11월 태풍 ‘에타’ 및 ‘이오타’가 발생하여 338만명(온두라스 총인구의 30% 이상)의 이재민이 발생하였습니다. 최근 우기철(6-10월)에는 큰 폭우로 인해 장기 정전 및 침수 등 도시지역이 마비되고 도로가 붕괴되는 사태가 자주 발생하고 있습니다.
※ 1998년 태풍 ‘미치’로 인해 5,600명이 사망함
유의해야할 지역
ㅇ 온두라스는 거의 모든 곳이 범죄에 노출되어 있으므로 항상 주의해야 하며 특히 재래시장 및 시내쇼핑센터 등에서 주의해야 합니다.
ㅇ 북부 올란초(olancho), 콜론(colon), 그라시아스 아 디오스(gracias a dios) 지역은 경찰력이 거의 부재하여 특히 주의를 요합니다.
ㅇ 또한, 온두라스와 니카라과 국경부근을 여행 시에는 아직도 완전히 제거되지 않은 지뢰가 있음을 감안, 상당한 주의가 요구됩니다."
요르단,Jordan,JO,중동,2025-05-21,"사건ㆍ사고 현황
[테러, 인질 등에 대한 상황 및 정세]
ㅇ 요르단은 중동지역의 대표적인 친서방 온건 이슬람 국가로서 후세인 전 국왕 및 압둘라 현 국왕의 평화적 대외정책과 관용적인 대내 정치를 바탕으로 비교적 안정적인 정세와 양호한 치안환경을 보유하고 있습니다.
- 미국, 유럽 등 서방 국가는 물론이고 사우디 등 걸프 협력 기구(GCC) 국가들과 전통적으로 긴밀한 협력관계를 유지하고 있으며, 이스라엘과도 1994년 평화조약을 체결하였습니다.
ㅇ 2005년 암만 시내 3개 호텔에서 알카에다 계열에 의한 동시다발 폭탄 테러가 발생하여 약 60여 명이 사망한 사례가 있고, 2016년 관광객 및 경찰을 대상으로 한 테러가 발생하였으나 그 이후 요르단 정부의 보안 강화 노력으로 현재까지 큰 테러 사건은 발생하지 않고 있습니다.
ㅇ 2011년 아랍의 봄 이후, 요르단에서도 정치 · 경제개혁을 요구하는 시위가 발생한 바 있으나, 여타 중동 국가에서와는 달리 시위가 확대, 과격화되지 않았으며 국왕이 점진적 개혁을 실시하면서 지금까지 비교적 안정적인 정국을 유지하고 있습니다.
ㅇ요르단 정부는 국경 수비를 강화하고 내국인의 ISIS 등 테러단체 가입 및 활동을 철저히 통제하는 등 테러 예방 및 공공안전 확보에 항시 노력하고 있어 ISIS에 의한 직접적 테러 가능성이 크지는 않습니다. 다만, ISIS 등 테러단체에 동조하는 자생적 과격 집단 등에 의해 예상치 못한 시점에 다중시설 또는 혼잡지역에서 테러 및 납치 등이 발생할 가능성이 상존하는 점을 유의할 필요는 있습니다.
[범죄 현황 등 치안상태]
ㅇ 이슬람 국가로서 경건한 생활습관을 갖고 있어 음주사고는 많이 발생하지 않으나, 여성을 대상으로 하는 성희롱, 성추행 등은 간혹 발생하고 있는 바, 늦은 밤에 여성 혼자 있게 되는 상황에 처하지 않도록 유의하는 것이 좋습니다.
ㅇ 외국인에게 상당히 친절한 편이며, 종교적 언행으로 인한 마찰을 일으키지 않는다면 신변 위협은 크지 않은 편입니다.
ㅇ 부족 또는 가문의 명예를 더럽혔다고 명예살인을 저지르는 경우가 가끔 발생하고 있습니다.
[신용카드 위조]
ㅇ 신용카드는 호텔, 유명 식당에서 활발히 통용되고 있으나 가끔 일부 식당 등에서 관광객의 신용카드를 위조하는 경우가 간혹 발생하므로 카드를 맡기지 말고 직접 계산하시기 바랍니다.
[폭리행위]
ㅇ 사해 화장품, 기념품, 공예품 등에 대하여 대형 기념품 가게에서는 정찰제가 실시되고 있으나, 유명 관광지 주변 기념품 가게에서는 외국인 관광객에게 폭리를 취하는 경우가 간혹 있으므로 주의가 요망됩니다.
[소매치기, 도난, 강도 주의]
ㅇ 외국인을 대상으로 소매치기, 도난, 강도 사건이 종종 발생하고 있어 주의가 필요합니다. 예를 들면, 대중교통 또는 택시를 기다리는데 오토바이나 승용차 등이 다가와 가방 등을 낚아채 가는 경우가 있습니다.
사건ㆍ사고의 유형
ㅇ 일반 형사사건은 형법, 교통법 등으로, 종교 관련 범법행위는 종교법으로 규율합니다.
ㅇ 외국인이 현지 범죄 행위로 인하여 인신구속을 당할 경우 언어소통 문제로 인하여 뜻밖의 불이익이 초래될 위험이 있으므로 대사관에 즉시 연락하여 도움을 받는 것이 좋습니다.
자연재해
[물 부족]
ㅇ 4대강(요단강, 야르묵강, 아르논강, 얍복강)이 있으나 수량이 많지 않고 우기에도 비가 자주 오지 않아 만성적인 물 부족을 겪고 있습니다.
[폭설]
ㅇ 동절기(11~3월경)에 폭우와 폭설로 일부 도시 기능이 마비되기도 합니다.
[주의사항]
ㅇ 상기 사항 외 특별한 자연재해는 없으나 4-5월에는 사막에 돌풍을 동반한 황사현상으로 인하여 가끔 도로 차단, 공항 폐쇄 등이 발생하기도 합니다.
유의해야 할 지역
[종교적 시설]
ㅇ 여성을 포함한 외국인에 대한 복장 제한은 없으나, 이슬람 관습을 존중하여 노출이 심한 의상이나 다리가 드러나는 짧은 치마나 반바지 등은 자제하는 것이 바람직합니다.
[국경지대, 군사시설 및 관공서 사진촬영]
ㅇ 관공서, 항만시설, 군사기지, 국경지대 등은 사진 촬영이 금지되어 있으므로 허가 없이 촬영하지 않도록 주의하시기 바랍니다."
우간다,Uganda,UG,아프리카,2022-08-02,"사건ㆍ사고의 유형
※ 우간다는 살인, 납치, 성범죄, 강도 등 강력범죄가 크게 증가하고 있으니 우간다를 방문하시는 우리국민들은 신변안전에 각별히 유의하여 주시기 바랍니다.
[유괴, 납치 등 강력 범죄 급증]
ㅇ 유괴, 납치를 통해 거액의 돈을 쉽게 벌수 있다는 생각 만연
- 2018년 2월 현지인 사업가 딸을 납치하여 백만불의 몸값을 요구하는 사건 발생, 가족은 우선 20만불을 송금하였으나 피해자는 결국 살해됨
- 2018년 3월 우간다 군간부 아들을 납치하여 거액의 돈을 요구하는 사건이 발생하는 등 유사 범죄 급증
- 2019년 4월 우간다 관광지인 퀸엘리자베스 국립공원에서 외국인 관광객이 납치당하여 3만불의 몸값을 지불한 후 풀려남
ㅇ 강간, 살인 등 강력범죄 및 마취제를 사용한 범죄 증가
- 2018년 3월 엔테베공항 고속도로에서 혼자 운전중인 여성 운전자가 강간을 당한 후 살해된 사건 발생. 피해자 부검 결과 몸에서 마취제 성분 발견
- 2018년 3월 수도인근 거주 외국인 자택에 강도가 침입하는 사건 발생. 경찰 수사결과 주방에서 범인이 사용한 마취제 발견
[대중교통을 수단으로 하는 강도사건 다수 발생]
ㅇ 2018년 1월 승합차(Matatu 혹은 Taxi라 함)내에서 동승한 현지인 일행에게 수만불을 강취 당하는 사건 발생. 승합차 내에서 강도사건 다수 발생
ㅇ 오토바이를 이용한 소매치기가 빈번하므로 휴대폰, 귀금속, 가방 등을 소지했을 때에는 특히 주의 필요
※ 정차중인 차량의 창문과 차량문을 통해 물건 탈취 유의
※ 오토바이 택시(보다보다)는 위험하니 가능한 사용 자제
[경찰 수사력 부족]
ㅇ 강력사건에 경찰은 수사비용 명목으로 피해자에게 돈을 요구하고 있으나 사건 해결의 의지 및 능력부족으로 신고된 사건 중 미제 사건으로 남는 경우가 매우 많음
[마을 주민의 폭력적인 범죄자 직접 처벌(공개 처형 등) 사건 증가]
ㅇ 경찰에 대한 불신 및 지방 마을에 대한 정부 개입이 약하여 범죄자가 현장에서 체포되는 경우, 경찰에 신고하지 않고 즉결 처분하는 사례 증가
- 2018년 3월 마을주민 2명을 강간 후 살해한 범인이 경찰서에서 탈주후 추가 범행 현장에서 마을 주민들에게 살해 당함
- 2018년 3월 외국인 건설업체 트럭과 우간다 교통수단인 오토바이 택시 간 교통사고로 인해 오토바이 승객이 사망하자 주변에 있던 사람들이 몰려들어 트럭 유리창을 깨고 트럭에 불을 지르는 사태 발생
- 2018년 4월 경찰이 주변에 있었음에도 불구하고 주민들에 의해 강도, 강간 범죄자가 공개 처형당한 사건 수건 발생
[빅토리아 호수 유람선 전복사고 발생]
ㅇ 2018년 11월 우간다쪽 빅토리아 호수에서 유람선이 전복되어 많은 사망자 발생. 빅토리아 호수를 운행하는 여객선은 적정 구명조끼를 잘 갖추고 있지 않고 노후화 및 과적 운행 등으로 인해 위험
유의해야 할 지역
ㅇ 콩고민주공화국은 에볼라 환자가 계속 발생하고 있으므로, 콩고와 인접한 우간다 서부 국경 지역을 방문하는 우리 국민께서는 에볼라에 감염되지 않도록 유의
- 에볼라 감염경로는 호흡기 전파가 아닌 감염된 사람 혹은 동물의 체액, 분비물, 혈액 등에 의한 접촉에 의해 감염되므로 사람 및 동물과의 직접 접촉을 피하고 손 씻기, 안전한 음료수 마시기, 충분히 익힌 음식 섭취
&nbsp;"
우루과이,Uruguay,UY,미주,2023-11-24,"사건ㆍ사고의 유형
ㅇ 청소년 및 부랑자들에 의한 소매치기, 노상 강탈, 강도 사건이 증가하고 있으며 구시가지(Ciudad Vieja) 지역에서 최근 한국인 여행객의 지갑 및 카메라 등 소매치기를 당한 사례가 있습니다.
ㅇ 우루과이는 중남미 지역 국가 중 치안이 비교적 안전한 나라 중 한 곳으로 알려져 있습니다. 그러나 몬테비데오 구시가지 및 일부 외곽지역을 방문하실 경우 신변안전을 위해 특별한 주의를 기울이셔야 합니다.
ㅇ 최근 증가하고 있는 주요 범죄유형 중 하나가 강도 및 절도 사건으로, 한인들이 주로 거주하는 주택가에서도 이와 같은 범죄가 증가하고 있는 것으로 발표되었습니다. 실제 일부 한인 분들께서(특히 처음 도착한 한인) 피해를 당하신 것으로 파악된 바, 아래와 같이 공지해 드리니 안전에 유의하실 것을 당부드립니다.
[한국인이 겪은 최근의 범죄 유형]
ㅇ 인적이 드문 구시가지(Ciudad Vieja), 외곽지역(Cerro 등)에서 무기를 들고 위협, 물품을 갈취(일부의 경우 강도를 뒤쫓자 되돌아와 폭행)
- 빈민지역 Cerro 마을 언덕 위의 Fortaleza 요새를 관광 중이던 관광객 대상 권총강도 발생(소지 중이던 고급 카메라, 여권, 핸드폰 등 일체 도난)... 최근 3년간 2차례 이상 발생
- 구시가지에서는 경찰 순찰의 증가에도 불구하고 야간에 외국인 관광객들을 노리는 절도 및 강도단의 증가를 쫓아가지 못하고 있는 현실
ㅇ Pocitos 지역 호스텔에 머물던 관광객이 자리를 비운 사이 내부로 침입하여 금품을 절취
ㅇ 한인 여성 2명이 환전소에서 일정 금액을 환전한 후 한적한 거리로 들어서자 강도가 가방을 갈취, 오토바이를 타고 있던 다른 강도와 함께 도주
ㅇ 2인 1조의 오토바이 강도들이 차량 유리문을 부순 후 차량 내부에 탑승한 여성의 핸드백을 탈취.(두 대의 오토바이가 간격을 두고 나란히 지나갈 때는 반드시 의심해야 하며, 핸드백 등 소중품은 무릎 위에 올려놓지 않도록 함)
ㅇ 야간 외부 길가에서 식당 내부가 훤히 들여 보이는 식당에 권총강도 4인조가 침입하여 손님들의 물품 일체를 강탈(한국인 4명 피해)
□ 치안 예방을 위한 안전 대책 및 위험상황 대처 행동요령
[평상시 범죄 예방을 위한 요령]
ㅇ 평상시 항상 경계 상태를 유지하도록 합니다.
ㅇ 전화 또는 설문조사 등으로 낯선 사람에게 개인 정보를 제공하지 않도록 주의합니다.
ㅇ 범죄 관련 전화는 911로 하시기 바랍니다.
ㅇ 항상 신분증을 소지하고 다니는 것이 좋으며, 분실 시에 신고할 수 있도록 복사본을 안전한 장소에 예비로 두는 것이 좋습니다.
□ 길거리에서의 주의사항
ㅇ 보행시 주변에서 일어나는 일들을 항상 주시하며 걸어야 합니다. 핸드폰을 보거나 음악을 들으며 걷게 되면 방심하게 되어 사고 위험이 높아지게 되므로 삼가는 것이 좋습니다.
ㅇ 길을 걷다가 위험하다고 판단되면 그 장소에서 벗어나거나 그 길을 피하는 것이 바람직합니다.
ㅇ 수상한 사람이 접근할 경우 사람이 많거나 안전한 장소를 찾는 것이 좋습니다. (슈퍼마켓 등)
ㅇ 돈이나 귀중품 등 값이 나가는 물건들은 길거리에서 꺼내 보이지 않도록 합니다.
ㅇ 핸드백이나 가방은 항상 몸 앞쪽으로 메고, 가능한 한 귀중품은 갖고 다니지 않는 것이 좋습니다.
ㅇ 공터나 좁은 골목길로 다니지 말고 불빛이 밝은 보행로로 다니도록 합니다.
□ 안전한 대중교통 이용을 위한 안내사항
ㅇ 버스에 탑승하기 전에 미리 요금이나 카드를 준비하고 기다리는 것이 좋습니다.
ㅇ 새벽에 버스 이용 시에는 지정된 정류장을 이용하도록 합니다. (예: Terminal del Cerro, Terminal Rio Branco 등)
ㅇ 대중교통 이용 시 소매치기 피해가 빈번하므로 항상 주위를 주시하고 가능한 한 잠들지 않도록 합니다.
□ ATM기 이용 시 안전정보
ㅇ 현금을 인출한 후에는 인출한 현금과 카드 등을 잘 보관한 후 이동하도록 합니다.
ㅇ ATM기 창구에 들어온 후 출입문이 잘 닫혔는지 확인한 후에 용무를 보는 것이 좋습니다.
ㅇ 야간에는 가급적 ATM기를 이용하지 말고 평소에도 안전한 장소에서 계획된 인출만 하는 것이 좋습니다. 슈퍼마켓이나 쇼핑센터 등의 안전한 ATM기를 이용하거나 보안요원이 있는 장소에서만 인출하는 것도 도난사고 예방을 위한 좋은 방법입니다.
ㅇ ATM기 이용 시 낯선 사람의 도움은 받지 않는 것이 좋습니다.
ㅇ ‘내가 강도를 당할 리는 없겠지’ 와 같은 확신을 갖지 말고 항상 조심하는 것이 바람직합니다.
□ 강도와 맞닥뜨렸을 때
ㅇ 침착함을 유지하는 것이 가장 중요하고, 자신이 침착함을 유지하고 있다는 인상을 강도에게 주는 것이 좋습니다.
ㅇ 무장한 강도가 핸드폰이나 가방을 훔쳐 가려 하면 저항하지 말고 순순히 내어주는 것이 좋습니다.
ㅇ 특히 술이나 마약에 취한 강도는 언제 갑작스러운 행동을 할지 알 수 없으므로 최대한 자극하지 않도록 합니다.
ㅇ 감정을 드러내는 것은 강도를 자극하게 되므로 냉정함을 유지하는 것이 좋습니다.
ㅇ 권총 등 무기 앞에서는 아무리 건장한 사람이라고 해도 안전을 보장받을 수 없으므로 항상 조심해야 합니다. (장난감 권총일 것이라고 판단하여 반항하면 위험에 빠질 수 있습니다.)
ㅇ 강도를 당한 뒤에는 뛰어가지 않는 것이 좋습니다.
□ 주차장에서 주의할 점
ㅇ 보통 범죄자들은 길거리나 주차장에서 표적을 물색하고 지정합니다.
ㅇ 주차하기 전에 항상 주위를 살피는 것이 바람직합니다.
ㅇ 주차할 장소 주변에 수상한 사람이 있으면 차를 세우지 말고 계속 서행하며 상황을 주시하도록 합니다.
ㅇ 잘 포장되어 있는 밝은 도로변에 주차하는 것이 좋습니다.
ㅇ 차량 안에 집이나 사무실 열쇠 등을 두지 않도록 합니다.
ㅇ 주차 시켜놓은 이후에 차량 안에 머무르는 것은 범죄의 표적이 될 수 있으므로 주의합니다.
ㅇ 차량 내부 시선이 닿는 곳에 귀중품을 놓아두는 것은 차량 유리를 깨고 물건을 훔쳐 가는 범죄의 원인이 되므로 주의해야 합니다.
ㅇ 비록 잠시 동안 차량에서 내릴 경우라도 문과 창문 그리고 트렁크가 제대로 잠겼는지, 경보 시스템은 잘 작동되고 있는지 확인하는 것이 좋습니다.
ㅇ 주차된 장소에서 차량이 출발할 때, 주변을 주의 깊게 살펴야 하며 주행에 문제가 될 수 있는 기술적 결함들이 있는지 체크하는 것이 바람직합니다. (타이어 펑크 여부 확인 등).
ㅇ 누군가 차량 문을 열려고 하는 것을 목격하면, 접근하지 말고 911등에 신고하는 것이 좋습니다.
□ 차량에 강도가 접근한 경우
ㅇ 침착함을 유지하며 강도의 요구에 순응하여야 합니다.
ㅇ 자신이 취할 동작을 강도에게 미리 알리고 움직이는 것이 좋습니다.(안전벨트 풀 때, 캐비닛 열 때 등)
ㅇ 항상 강도가 잘 볼 수 있는 곳에 손을 두고, 자연스럽게 움직이는 것이 좋습니다. 강도 역시 긴장하고 있다는 것을 잊지 마세요.
ㅇ 차량에서 내린 후 강도가 차를 타고 떠나버릴 수 있도록 차량에서 멀리 떨어지는 것이 좋습니다.
□ 차량 운전 시 주의사항
ㅇ 항상 유리창을 완전히 닫거나 최소한도만 열어 놓고 주행하는 것이 좋습니다. 직장이나 학교 등 사적인 정보가 담긴 명함은 눈에 띄는 곳에 두지 않도록 합니다.
ㅇ 운전 중에 수상한 사람들을 발견하면, 멈추지 말고 서행하여 안전한 장소로 향하는 것이 바람직합니다. (경찰서, 사람이 많은 장소 등)
ㅇ 야간에 차량에 이상이 생기면, 최대한 사람이 많은 장소까지 도착하여 차량 담당 회사에 연락하는 것이 좋습니다. 또한, 야간이나 인적이 드문 장소에서 낯선 사람을 도와주는 것이 위험한 상황으로 연결될 수 있습니다.
ㅇ 목적지에 도착하면, 항상 내리기 전에 주변에 수상한 사람이 있는지 살피는 것이 좋습니다.
ㅇ 돌 같은 위험한 물체가 차량에 날아오는 경우 운행을 멈추지 말고 어서 자리를 피하는 것이 좋습니다. 또한, 신호등을 기다리며 물건을 사는 것은 강도의 표적이 될 수 있습니다.
ㅇ 아이들이나 여성들이 구걸하며 접근하여 차량 내부를 관찰하고 귀중품이 있는 것을 알아채면 강도를 시행하는 케이스도 있으므로 주의하여야 합니다.
ㅇ 항상 앞서 가는 차량과 안전거리를 유지하며 갑작스러운 상황에 대비하여 탈출로를 확보해 놓아야 합니다.
□ 상점을 운영하는 경우의 안전 주의사항
ㅇ 상점 주변에 수상한 사람들이 있을 경우 가게를 열고 닫을 때 주의하여야 합니다.
ㅇ 상점 금고에 현금은 최소로 보관하고 경보 시스템을 필수로 설치하여야 합니다.
ㅇ 튼튼한 금고, 현지 은행에 돈을 맡기는 습관을 들이고 귀중품을 옮길 때는 항상 주의하여야 합니다. 또한, 비즈니스를 할 때에는 믿을만한 사람의 회사와 하는 것이 바람직합니다.
ㅇ 가게가 열려 있는 동안 소지품을 보관해 놓을 만한 안전한 장소를 확보하도록 하고 직원들이 귀중품을 아무 곳에나 놔두지 않도록 교육하는 것도 중요합니다.
자연재해
ㅇ 태풍, 가뭄, 지진 등의 심각한 자연재해는 거의 일어나지 않으나 최근 강풍이 자주 부는 편입니다. 2013년 10월 적색경보 태풍이 불어 1명이 사망
유의해야 할 지역
ㅇ 외국인 대상으로 한 날치기 및 들치기가 몬테비데오 구시가지(Ciudad Vieja), 항구 인접지역 등 수도 전역에서 발생하고 있으니 소지품 관리에 유의하시기 바랍니다."
우즈베키스탄,Uzbekistan,UZ,유럽,2023-11-24,"사건ㆍ사고의 유형
ㅇ 주로 침입 절도, 노상강도 등 범죄가 대부분이며 타지키스탄 및 아프가니스탄과 인접하여 마약 관련 범죄도 다수 발생하고 있습니다.
ㅇ 우리 교민들과 관련해서는 주로 강절도 피해가 종종 발생하고 있으며, 거주 등록 위반, 종교법 위반, 사기 등 사건과 기타 안전사고 등이 대부분입니다
자연재해
ㅇ지진 피해 현황
- 우즈베키스탄은 중앙아시아 지진대에 위치해 있어 매년 강한 지진이 자주 발생하고 있습니다.
- 1966.4.26 타쉬켄트에서 진도 8~9의 강진이 발생하여 거의 모든 건물이 붕괴되어 이후 구소련 전역에서 노동자들이 파견되어 도시를 재건하였습니다.
- 2011.7.20 동부페르가나 지역에서 진도 7의 지진이 발생하여 13명이 사망하고 86명이 부상당하였습니다.
- 2013.5.20 타쉬켄트 일대에 진도 5.3의 지진이 발생하였습니다 (피해는 미상).
유의해야 할 지역
[접경지역]
ㅇ 아프간과 인접해 있는 테르메즈 지역은 테러 위험이 있으며 지난 2005년 5월 무장폭동 사태가 발생한 안디잔, 나망간, 페르가나 지역 여행 시 특별히 유의하셔야 합니다.
ㅇ 또한 이웃 타지키스탄 공화국으로 입국할 경우 주재국 육로를 경유해야 하므로 통과비자가 있어야 합니다.
[자연재해 빈발 지역]
ㅇ 주재국은 전역에서 크고 작은 지진이 발생하고 있으며 특히 동부(나망간, 페르가나, 안디잔) 지역과 사마르칸트 지역 부근에서 지진이 자주 발생하고 있습니다."
우크라이나,Ukraine,UA,유럽,2025-01-21,"사건ㆍ사고 현황
ㅇ 2013년 11월 발생한 대규모 반정부 시위를 시작으로 러시아의 크림 병합 및 동부사태로 인해 주재국 국내외 정세가 지속되고 있어 우리 재외국민의 안전을 위협하는 위험요소들이 증대되고 있는 상황입니다.
ㅇ 주재국 정세 악화로 인해 불법무기가 시중에 유통되고 있어 치안 환경이 악화되어 있는 상황이며, 공공장소에 대한 잦은 테러위협으로 인해 신변안전에 대한 우려가 지속적으로 증가하고 있습니다.
- 최근 테러위협 및 시도에 그치지 않고 있으며, 키이우 시내에서 총격사건 및 차량폭파사건으로 인한 사망자 발생
- 주재국 상황을 비추어볼 때 사건사고 대응뿐 아니라 신변안전을 위한 예방적 조치에도 많은 시간과 노력 투입이 요구되는 시점"
이라크,Iraq,IQ,중동,2025-01-21,"사건ㆍ사고 현황
[정세 및 치안 상황]
ㅇ 이라크내 ISIS 점령지가 2017.12월 모두 수복되었으며, 시리아내 마지막 보루인 Baghouz도 시리아민주군(SDF)의 공격으로 2019.3월 함락되어 IS가 2014.6월 주창한 칼리프국(Caliphate)은 표면상 소멸되었습니다.
ㅇ 그러나, ISIS의 패퇴과정에서 잔당들이 소규모로 도시지역으로 숨어들거나, 사막 또는 폭격으로 폐허가 된 지역에 은거하면서 시시때때로 치안당국 및 민간인에 대한 게릴라식 테러공격을 가하고 있습니다.
- 대테러 전문가들은 IS 최고지도자 알-바그다디의 행방이 불분명하고, 시리아에서 패퇴한 잔당(sleeper cell) 15,000-23,000명이 이라크로 잠입하여 재기할 역량을 기르면서 때를 기다리는 것으로 추정하고 있는바, 지속적인 신변안전 유의 필요
ㅇ 그러므로 이라크를 방문하는 우리국민은 주이라크한국대사관 홈페이지를 수시 확인하시어 이라크 정세에 관한 최신 정보와 안전공지문을 참고하여 주시기 바랍니다.
[강력범죄 등 민생치안]
ㅇ 장기간 전쟁과 내전에 따른 열악한 생활여건, 많은 정파와 종파, 부족간 분열과 갈등, 정부의 치안 확보 능력 부족 등으로 인해 약탈, 강도, 납치, 암살사건 등 강력범죄가 빈번히 발생하고 있기 때문에 현지인들도 무장 경호인력 고용 등 자체 안전대책을 강구하는 등 신변안전에 각별히 유의하고 있는 실정입니다.
ㅇ 따라서, 외부 출타 시에는 반드시 무장 경호원을 대동하고 방탄차량을 이용하는 등 신변안전에 만전을 기해야 하며, 이슬람 사원이나 쇼핑몰, 시장 등 다중이용시설 이용을 최대한 자제해야 합니다. 특히, 여행금지 국가로 지정된 이라크에 예외적으로 입국하여 체류할 수 있는 예외적 여권사용허가 발급의 필수 요건 중의 하나가 철저한 경호 대책(이라크 정부 제공 또는 사설 경호 고용) 및 신변안전 대책 마련임을 참고하시기 바랍니다.
사건ㆍ사고의 유형
ㅇ 현금 수송이나 몸값을 노린 납치 사건이 발생할 수 있으니 납치를 당할 경우 납치 사실을 인지한 사람이나 본인 등이 스스로 해결하려 하지 말고 이를 즉시 대사관에 통보하여 도움을 요청하시기 바랍니다.
ㅇ 파손된 도로나 비포장도로가 많기 때문에 특히 야간 운전 시 교통사고의 위험이 높습니다. 과속을 절대 피하고 안전운전에 유의하도록 현지 운전원 및 경호원에 대한 지속적인 교육이 필요합니다.
ㅇ 비자가 만료된 상태로 이동하다가 경찰에 적발되어 여권을 압수당하고 수감 및 법정 재판까지 받은 사례가 있습니다. 여권 및 비자 유효기간을 수시 확인하시어 사전에 조치해야 합니다.
ㅇ 외국인 근로자나 현지인 직원들 해고시 적절한 합의가 이루어지지 않을 경우, 단체 시위 및 시설에 대한 보복 테러를 가하는 사례도 있습니다. 또한 공사시 현지 주민들이 이권이나 금전적 대가를 노리고 고의적인 공사 방해나 현장 캠프 습격 등 폭력을 행사하는 경우도 있습니다.
자연재해
ㅇ 봄철 모래바람은 때에 따라 가시거리가 10m도 되지 않을 정도로 매우 심한 경우도 있으므로 안과 및 호흡기 질환을 유발하기 쉽습니다. 미세먼지 마스크 등 적절한 대비책을 갖추어 두는 것이 필요합니다.
ㅇ 7-9월에는 낮 최고기온이 섭씨 50도를 웃도는 날이 많기 때문에, 외부 출입을 삼가는 것이 좋습니다. 외부 출입이 불가피할 경우, 탈진 탈수 등에 대비해 충분한 수분을 섭취하시고 식수를 휴대하는 것이 좋습니다.
ㅇ 배수시설이 미비하기 때문에, 강우량이 많지 않아도 도로 및 주택 침수 위험이 있습니다.특히, 북부 산악지대나 이란 국경지역의 강 주변지역은 홍수 등에 의한 침수가 심각한 경우도 있습니다.
유의해야 할 지역
ㅇ 이라크 내 모든 지역에서 신변안전에 유의해야 하지만, 특히 Nineveh, Diyala, Salahuddin, Kirkuk, Anbar주 및 Baghdad 외곽지역 등 IS 잔당들의 테러공격이 빈발한 지역은 절대 방문을 삼가하여 주시기 바랍니다.
ㅇ 또한 모스크 사원, 시장, 정부기관 등 사람이 많이 모인 곳에서 불특정 다수를 상대로 한 자살폭탄 테러가 빈번하게 발생하므로, 사람이 많은 장소에는 접근을 절대 삼가야 합니다."
이란,Iran,IR,중동,2025-06-17,"사건ㆍ사고의 유형
ㅇ 단체여행시 사전에 통보하지 않은 곳을 무단으로 여행하거나, 현지인을 접촉하는 경우 불필요한 오해를 야기할 수 있습니다.
ㅇ 경제사정악화로 대낮에도 범죄피해가 발생할 수 있으니 항상 귀중품을 주의해야 합니다.
ㅇ 공항에서 시내 진입시 불법 개인택시를 이용한 강도, 납치 등 범죄행위가 발생할 수 있습니다.
ㅇ 공항, 군사시설, 국경지대, 주요 관공서 지역에서의 사진촬영은 엄격히 금지되고 있으므로 주의해야 합니다.
자연재해
ㅇ 수도 테헤란뿐 아니라 이란 전 지역에 걸쳐 지진대가 형성되어 있어 지속적으로 수많은 인명피해가 발생하고 있습니다.
- 2003년 케르만(Kerman) 지역 규모 6.6 강진 발생, 30,000여 명 사망
- 2005년 쟈란드(Zarand) 지역 규모 6.4 강진 발생, 600여 명 사망
- 2006년 보루제르드(Borujerd) 지역 규모 6.1 강진 발생, 70여 명 사망
- 2012년 타브리즈(Tabriz) 지역 규모 6.4 강진 발생, 300여 명 사망
- 2017년 케르만샤(Kermanshah) 지역 규모 7.3 강진 발생, 340여 명 사망
- 2019년 3월 북부(Golestan, Mazandaran) 및 서부(Shiraz) 지역 홍수로 인해 70여명 사망
유의해야 할 지역
[외국인 테러 및 피랍 위험 지역]
ㅇ 아프가니스탄, 파키스탄 국경 부근 전 지역(특히, 시스탄발루체스탄주-대표 도시 ‘자헤단’, 처바허르)
ㅇ 서부 이라크 국경 부근 전 지역(코르데스탄주 및 케르만샤주)"
이스라엘,Israel,IL,중동,2025-06-17,"사건ㆍ사고의 유형
ㅇ 이스라엘 여행시 사건사고 발생으로 의료기관 진단 및 치료시 청구 의료비가 현지 의료보험 미가입자 대상 매우 고가인바 여행 전 이스라엘 보험사와 파트너십 관계에 있거나 실의료비를 보상하는 해외 여행보험 가입이 적극 요구됩니다.
- 이스라엘 종합병원 응급실 방문시 약 $292(1,047 세켈) 이상, 병원 입원시 약 $1,675(6,000 세켈)/1일 이상인 것으로 파악, 기독교계 아랍병원 혹은 적신월사 아랍병원은 상대적으로 저렴한 것으로 파악
ㅇ 이-팔 무력 충돌기간 로켓 공격으로 공격 경보가 발생하면 인근 건물내의 공공대피소나 숙소 내·외의 대피소로 신속한 이동 및 대피가 요구됩니다.
- 실시간 로켓 공격 상황 확인을 위해 Home Front Command의 App을 다운 받으시기 바랍니다.
https://www.oref.org.il/12487-17580-en/Pakar.aspx ( ※ 이스라엘 지역에서 접속 가능 )
ㅇ 공항 등에서 입국 거부 사건이 빈발하고 있으니 아래 사항을 주의하시기 바랍니다 .
- 90일 이하 관광목적 단기방문 시 왕복항공권, 체류장소(예: 호텔 등 숙박 예약서류 등), 여행경비, 여행계획서 등을 준비하셔서 심사관의 질문에 잘 대처하시길 바랍니다.
- 아랍권 국가에 장기 체류한 기록이 있는 경우, 입국 거부 또는 공항에서 장시간(길게는 8~9시간) 동안 입국심사를 받을 가능성이 매우 높습니다. 아랍권 국가에 장기 체류한 사증이 부착되어 있거나, 아랍권 국가를 자주 출입국한 기록이 있는 여권을 가지고는 가급적 주재국 방문을 자제해 주시기 바랍니다.
- 팔레스타인이 방문 목적이거나, 팔레스타인에 지인이 있다고 할 경우 입국심사시 불이익을 당할 수도 있으니 현명하게 대처하시기 바랍니다.
ㅇ 예루살렘의 외딴 지역 및 아랍계 거주 지역 등은 치안이 양호하지 않아 강탈 사건 등이 빈발하고 있는 바, 동 지역의 출입을 삼가 주시고, 안전을 위해 가급적 단독 여행보다는 2명이 이상이 함께 여행하실 것을 권장합니다.
ㅇ 텔아비브 욥바(Jaffa), 예루살렘, 네탄야 지역 등에서 여권을 포함한 귀중품 도난 및 차량 파손/도난이 빈번하게 발생하므로 각별한 주의가 요구됩니다. 여권과 귀중품을 넣은 외투를 카페 등에서 의자에 걸어놓고 자리를 비워서는 안 되며, 차량은 가능하면 경비가 있는 주차장에 주차하는 것이 바람직합니다. 차량 내 방치된 물품을 훔치기 위해 차량을 파손하는 경우도 많으므로 소지품을 차량에 두고 내리지 않도록 주의하셔야 합니다. 잠깐 차에서 내리는 경우라도 시동을 끄고 차키는 반드시 들고 내려야 합니다.
ㅇ 이스라엘 도심에서는 테러 발생 가능성을 인지하고 있어야 합니다. 테러가 자주 발생하는 것은 아니지만 테러의 특성상 발생 장소와 시간을 예측하기 힘들기 때문에 외출 시 주변 상황을 잘 살펴보는 것이 중요합니다. 이스라엘 대형 쇼핑몰, 관공서, 식당 등 사람이 많이 출입하는 곳에는 항상 보안경비원이 소지품 체크를 하고 있으므로 성실한 협조가 요구됩니다.
ㅇ 이스라엘은 유대 국가로서의 정체성을 유지하기 위해 매우 엄격한 외국인 체류 허가 정책을 시행하고 있습니다. 입국 목적에 맞는 비자를 사전에 취득하시고, 체류 중에도 반드시 체류 목적에 맞는 비자를 유지하시기 바랍니다.
ㅇ 여행 목적이 아닌 장기 체류 목적으로 주재국을 입국하고자 하는 경우, 사전에 입국 목적에 맞는 비자를 반드시 취득한 후 입국하시기 바랍니다. 주재국 비자 정책상 관광비자를 소지한 외국인은 영리 목적의 취업활동에 종사할 수 없습니다.
ㅇ 여행증명서를 소지하고 입국하고자 할 경우, 비자면제 협정과 관계없이 제3국에서 사전 입국비자를 취득하여야 입국할 수 있습니다.
자연재해
ㅇ 이스라엘은 자연재해가 흔하지 않은 곳이지만 남부 광야 지역은 겨울철에 비가 오면 와디라고 불리는 계곡들에 갑자기 물이 차오르고 도로가 잠기기도 하니 광야 여행 시 유의할 필요가 있습니다.
ㅇ 겨울철 예루살렘 등에 눈이 올 경우, 제설대책이 수립되어 있지 않아 도로에 고립되는 상황이 발생할 수도 있습니다.
유의해야 할 지역
[유대교 극 전통주의자(Ultra-Orthodox 또는 Haredim) 거주 주택가]
ㅇ 이스라엘의 유대교 극 전통주의자들이 다수 거주하는 주택가를 방문하게 될 경우에는 긴팔 셔츠, 긴 하의 등 보수적이고 단정한 복장을 하는 것이 무난합니다.(종교인 남성들은 여름철에도 검은색 양복이나 외투 차림이며, 여성들은 긴 상의와 긴 치마 차림임)"
이집트,Egypt,EG,중동,2023-08-04,"치안상황 및 사건ㆍ사고의 유형
[외국인 대상 범죄 유형 및 여행시 주의사항]
ㅇ 오토바이 날치기(보행중 휴대전화 및 소지품 등), 성희롱 및 성추행, 무장 강도에 의한 차량 강탈, 강도 등 다양한 형태로 범죄가 빈발
- 특히, 고가 스마트폰은 범죄 표적이 되기 쉽기 때문에 보행 중 휴대전화 사용 지양
ㅇ 주요 관광지에는 군인과 경찰, 사복 경찰이 배치되어 검문검색이 이뤄지고 있어 관광지 주변은 비교적 안전한 편
[각종 테러 발생으로 테러 위협 상존]
ㅇ 이집트는 테러 위협이 상존하는 나라로 지난 2011년 이집트 혁명 이후 지속적으로 테러 사건이 발생하고 있고, 2018.2.9.부터 시나이반도 중북부 지역을 중심으로 대테러 작전이 지속되고 있음
[주요 테러 사건]
- 2019.8.5. 국립 암센터 앞 차량 폭발로 20명 사망
- 2019.4.9. 북 시나이주 Sheikh Zuweid 소재 시장에서 자살폭탄 테러로 경찰과 4명 및 민간인 3명 사망
- 2019.4.7. 카이로 el-Nozah 지역에서 총격테러로 경찰관 3명 사망
- 2019.2.18. 카이로 Al-Azhar 모스크에서 자살폭탄 테러로 2명 사망
- 2018.12.28. 기자 피라미드 인근 도로상 설치된 폭탄테러로 관광버스에 탑승한 베트남인 3명 포함 4명 사망
- 2017.11.24. Arish 지역 Al-Rawda 모스크에서 무차별 총기 테러로 311명 사망, 122명 부상
- 2017.5.26. Minya 지역에서 콥트교도 대상 총기 테러로 28명 사망, 26명 부상
- 2017.4.9. 알렉산드리와 탄타 지역 콥트교회 두 곳에서 연쇄적 폭탄테러로 최소 44명이 사망하고 126명이 다쳤음
- 2014.10.24. 시나이 반도 Arish 지역에서 차량 폭탄 테러로 이집트군 25명 사망
- 2014.2.16. 시나이 반도 타바 지역에서 한국인 성지순례 버스 차량에서 괴한에 의한 폭탄 테러로 한국인 3명을 포함 5명 사망, 14명 부상
유의해야 할 지역
[시나이 반도-다합 포함]
ㅇ 지중해와 홍해 사이에 위치한 삼각형 모양의 반도로 2014년 2월 우리국민 3명이 사망하는 폭탄테러가 발생한 지역이기도 함
ㅇ 2018년 2월부터 이집트 정부군은 테러 단체 소탕을 위한 대테러 작전을 지속적으로 벌이고 있음
[이집트-리비아 접경 지역]
ㅇ 우리 외교부는 현재(2021.4) 이집트-리비아 접경지역 전역(국경도시 Salloum을 포함, 국경지역으로부터 100km까지)에 대한 출국권고가 지정된 상황
[할라입 삼각지대]
ㅇ 동 지역의 여행경보 표시 경계가 정확히 각 국의 국경선을 토대로 이루어진 것은 아님
ㅇ 동 지역에서 영사 조력이 필요한 경우 주이집트대사관으로 연락 요망
[주요 종교 시설]
ㅇ 사람들이 많이 찾는 대중 밀집 시설 등이 주요 테러 공격 대상이 되기 때문에 주의가 필요함
[기타]
ㅇ 카이로의 Muqattam 언덕은 카이로 시내의 야경을 볼수 있는 곳으로 야간에 외국인들이 많이 찾는 곳이나 이들을 상대로 강도행위가 자주 발생하고, Shoubra 지역 등 극빈층이 주로 거주하는 지역도 강도 및 절도 발생이 빈번하며, 나일강변에 위치한 주요 클럽 및 카지노 출입에도 각별히 유의가 필요함"
이탈리아,Italia,IT,유럽,2025-05-21,"사건ㆍ사고 현황
□ 정정 상황 (전쟁, 내란, 테러 등)
ㅇ 1970년대 초 극좌파 비밀 테러 조직인 붉은 여단이 납치와 살인 등으로 악명을 떨쳤으나 1980년대 말에 이르러서는 조직이 대단히 약화되었으며 현재는 활동이 거의 없는 상태입니다.
ㅇ 이탈리아가 중동, 아프리카 등에 군대를 파견하고 있고 유럽연합의 일원으로 중요한 위치에 있으므로 테러 단체에 의한 테러 발생 가능성을 전혀 배제할 수는 없는 상황입니다.
□ 치안상황 (일반범죄 등)
ㅇ 외국인이 여행 중에 살인, 강도, 납치 등 신체 및 생명의 위협을 당하는 등 강력범죄 피해는 적은 편이나, 소매치기 및 절도 등의 단순 범죄는 매우 빈번하게 발생하는 편입니다.
ㅇ 마약 및 조직범죄 등 중범죄에 대해서는 처벌을 강하게 하고 있으나, 절도, 소매치기 등 범죄에 대해서는 비교적 경미하게 처벌하고 있습니다.
ㅇ 최근 동양인 여행객들을 대상으로 한 절도, 소매치기 등 사건들이 매년 증가하고 있는 편입니다.
- 늦은 밤ㆍ심야, 이른 새벽ㆍ아침 시간에 뒤따라오는 외국인에 의해 위협당하여 귀중품을 빼앗기는 사건이 발생하고 있습니다.
사건ㆍ사고의 유형
□ 빈번한 사건·사고 유형 및 대처요령
ㅇ 공항, 기차역 화장실에서 용변 시 개인 물품(지갑, 가방 등)을 도난당함
ㅇ 공항 카운터와 기차역 매표소에서 표를 구입할 시 개인 물품 및 수하물을 도난당함
- 가방 등 수하물은 육안감시가 가능한데 놓아두고 항상 주의를 기울입니다.
ㅇ 택시 운전사가 수하물의 일부가 택시에서 내려지지 않은 상태에서 출발하는 경우가 발생함
- 택시 하차 시 개인 물품 및 수하물 수를 확인한 후 출발시키며, 일방적으로 도주하는 경우 택시 차량번호를 신속히 적어 놓도록 합니다.
ㅇ 사복 또는 경찰복을 착용한 2-3인이 접근, 위조수표 위조 달러 단속반이라고 밝힌 후 검사를 위하여 지갑을 달라고 한 다음에, 한 사람이 말을 걸어 주의력을 분산시킨 후 지갑에서 현금과 신용카드 등을 빼내감
- 주요 관광지에서 특별한 법규 위반이 없는데도 경찰관(복장 등 외모상)이 휴대품 검사를 하겠다고 요구하면 일단 의심하고 먼저 신분증 제시를 요구해야 합니다.
※ 주재국 법상 경찰관이 임의로 휴대품을 검사하는 것을 불허하고 있으며, 경찰관이 휴대품 검사를 하기 위하여는 사전에 사법당국으로부터 수색영장을 받거나, 범죄현장에서 현행범을 체포한 후 경찰서로 이송한 다음에 범죄사실을 조사하는 경우에 가능함
- 단, 주재국 정복 경찰이 신원 및 체류 문제 확인을 위하여 관련 신분증(여권 포함)을 보여 달라고 요구하는 경우에는 신분증을 본인이 직접 꺼내어 제시하면 됩니다.
ㅇ 뷔페식당(호텔, 일반 식당 포함)에서 핸드백(혹은 가방)을 좌석에 두고 음식을 가지러 간 사이 핸드백(혹은 가방)을 도난당하는 사건이 자주 발생함
- 핸드백(혹은 가방)은 어디를 가든지 항상 자신이 직접 들고 다니는 것이 안전합니다.
- 부득이하게 핸드백(혹은 가방)을 좌석에 둘 경우에는 일행으로 하여금 감시토록 합니다.
ㅇ 호텔 종업원(근무복 차림)을 가장하여 객실을 교체해야 한다며, 여행객을 객실 밖으로 유도한 다음에 투숙객 가방 등을 가져가는 경우가 발생함
- 호텔 로비에서도 항상 본인의 소지품에 주의 합니다.
ㅇ 유적지 부근 야외 주차장에 주차 시 차량 내부 또는 트렁크에 보관된 짐 도난 사건 발생함
- 항상 안전한 유료 주차장을 이용하는 것이 좋습니다.
ㅇ 기차 이동 시 짐 적재를 도와준다거나, 좌석 배치 문의하거나, 차장 밖에서 시간 등을 묻는 등의 행위로 시선을 분산 시킨 후 물건을 훔쳐 달아나는 사건이 발생함
- 먼반드시 본인 물건의 안전함을 확인 후 응대하도록 합니다.
ㅇ 식당에서 식사 도중 부득이 의자에 걸어놓은 핸드백이나 옷에 들어있는 지갑이 분실되는 경우가 발생함
- 의자에 걸어 놓은 핸드백이나 옷에 계속 신경을 쓰면서 식사를 해야 합니다.
ㅇ 고의로 타이어를 펑크 낸 후 타이어 교환을 도와주는 척하며, 다른 1명이 차량 내에 있는 소지품을 탈취하여 도주함
- 타이어를 교환하는 동안에도 항상 차문을 잠궈야 합니다.
ㅇ 승용차 안과 트렁크에 놓아둔 개인 물품(가방, 귀중품)을 도난함
- 차량 주정차시 개인 물품을 차량(트렁크) 내에 남겨 놓지 않도록 합니다.
ㅇ 혼잡한 대중교통수단(버스, 지하철, 전차) 이용 시 소매치기 사건 빈번히 발생함
- 가방의 지퍼를 열지 못하도록 손으로 잡고 있거나, 양복 안주머니 속의 지갑에 주의하여 소매치기가 안주머니에 손을 넣지 못하도록 차단하고, 핸드백은 반드시 앞으로 매도록 합니다.
ㅇ 여행객을 가장하여 지도를 가지고 주요 관광지 위치를 물으면서 관심을 유도한 사이에, 다른 일당이 옆에 놓아둔 가방을 가져가는 경우가 다수 발생함
- 낯선 사람이 다가와서 여러 가지를 묻는 경우에 옆에 놓아둔 가방 등 개인 소지품을 본인 혹은 일행이 직접 들고 있어야 합니다. 아울러, 낯선 사람 주위에 있는 사람들이 수상한 행위를 하는지를 주의 깊게 관찰할 필요가 있습니다.
ㅇ 여행객에게 친밀감을 보이며 마취제가 든 음료수를 대접하고 의식불명인 상태로 만들어 금품을 탈취해 감
- 낯선 사람이 아무 이유 없이 호의를 보이며 주는 음식이나 음료수는 절대로 섭취하지 않아야 합니다.
ㅇ 오토바이를 타고 가면서 보행자의 핸드백을 탈취하는 사건이 발생함
- 길을 걸을 때 핸드백을 도로변 방향으로 매지 않도록 해야 합니다.
- 골목길 보행 시에는 지나가는 오토바이의 접근에 주의해야 합니다.
□ 도난 피해 발생 시 대처 요령
(1) 여권 도난(분실) 시
ㅇ 인근 경찰서나 군경찰서(Carabinieri)에 분실신고를 한다.
※ 분실 및 도난 신고 시 여권번호와 영문 성명을 정확히 기재해야 합니다.
ㅇ 대사관 또는 영사관을 방문하여 단수여권을 발급받는다.
- 경찰서 분실 신고서와 여권용 사진 2매 제출(거리에 설치된 증명사진 자판기 등을 이용)
- 단수 여권 발급 수수료 : 12.9유로(환율에 따라 변동가능)
(2) 신용카드 분실신고
ㅇ 신용카드 분실 시 즉시 분실 신고하여 신용카드 도용을 차단하는 조치를 반드시 취해야 합니다.
(3) 현금 분실 시
ㅇ 여행 경비를 도난(분실) 당하였을 경우, 대사관에 해외 신속 송금 지원을 요청할 수 있습니다.
자연재해
ㅇ ‘16년8월 중부 이탈리아(아브루쪼, 라치오, 마르케, 움브리아 주)에서 진도 5.5의 강진이 발생한 데 이어 ’16.10월, ‘17.1월에도 해당지역에서 비슷한 규모의 지진이 잇따라 발생했으며 일부 지역에서는 눈사태로 이어진 바 있음
- 우리 교민 피해는 없었음
ㅇ ‘18년11월7일 이탈리아 북동부와 베네치아 등 일주일 이상 폭풍우가 이어져 30명 이상 사망함. 낙뢰, 산사태, 홍수, 건물 붕괴, 침수 피해가 이어졌고, 나무가 많이 쓰러지며 인명 피해로 번짐
- 우리 교민 피해는 없었음
ㅇ ‘18년12월26일 이탈리아 시칠리아 섬의 에트나 화산 인근에서 규모 4.8의 지진이 발생하여 10여명의 부상자가 발생
- 우리 교민 피해는 없었음
ㅇ ‘19년1월1일 라퀼라지역에서 규모 4.1의 지진이 발생함
- 우리 교민 피해는 없었음
유의해야 할 지역
ㅇ 저가형 숙박시설이 많이 몰려 있는 로마 떼르미니역 등 대도시 기차역(피렌체 산타마리아노벨라역, 나폴리 중앙역, 밀라노 중앙역, 베네치아 산타루치아역) 주변은 여행객들을 표적으로 삼는 범죄자들이 많으므로 가급적 야간에 외출하는 것을 삼가고, 항상 경계심을 늦추지 않는 것이 바람직합니다.
ㅇ 이탈리아 남부 나폴리 지역을 여행할 때는 다른 지역보다 안전에 더욱더 신경을 써야 하며, 특히 나폴리 지역은 치안상황이 좋지 않아 한국인 여행객 피해가 다수 발생하고 있으니 다음과 같은 점을 유념하여야 합니다.
- 나폴리 시내(중앙역 포함)에서 소매치기, 절도, 차량 도난 및 훼손 등 사건들이 빈발하고 있으니, 가급적 관광명소 이외의 다른 시내 지역은 방문하지 않는 것이 좋으며, 특히 한적한 곳으로의 이동을 삼가야 합니다.
- 나폴리 시내(중앙역 포함)에서 운전 시 교통신호 대기 중에 차량 창문을 부수고 물품을 강탈하는 경우가 있으니, 핸드백, 카메라 등은 차량 밖에서 보이는 곳에 두지 않도록 하여야 합니다.
- 횡단보도를 건널 때 오토바이를 이용한 핸드백, 가방 등 강탈 사고와 운전자가 신호를 지키지 않아 보행자가 교통사고를 당하는 경우가 발생하고 있으니 주위를 잘 살펴야 합니다.
- 나폴리 지하철 이용 시 유레일패스 이용이 가능하다고 안내하나, 하차 시 검표원이 와서 지하철 표가 없다는 이유로 벌금을 물리는 경우가 있으니 지하철 이용 시에는 반드시 지하철 표을 구입해야 합니다.
ㅇ 이탈리아 북부의 경우 타 지역에 비해 비교적 치안이 좋은 편이나 관광객을 상대로 한 소매치기, 절도 등의 사건사고는 빈번히 발생하고 있으니 각별히 유의하시기 바랍니다.
- 밀라노 중앙역을 비롯한 기차역과 기차 안, 두오모 광장, 쇼핑가, 전시회장, 지하철과 같이 붐비는 곳에서는 위에 나와 있는 빈번한 사건·사고 유형 및 대처요령에 명시된 모든 범죄가 발생하므로 절대 긴장감을 놓아서는 안 됩니다.
ㅇ 베네치아의 경우 관광객 밀집 지역인 산마르코 광장 또는 산타루치아역 근처에서는 특히 주의하시기 바랍니다.
- 식당에서 관광객을 상대로 음식값을 부풀려 청구하는 일이 종종 발생하므로 주문 및 계산 시에 꼼꼼히 확인해야 합니다."
인도,India,IN,아주,2025-05-21,"사건ㆍ사고 일반
[국내정세 및 테러발생 상황]
ㅇ 인도는 1947. 8.15 영국으로부터 독립한 후, 파키스탄과 종교ㆍ영토적 분쟁으로 1947년, 1965년, 1971년 3차례 전쟁을 치르고 중국과는 국경문제로 1962년 전쟁을 치르는 등 주변국과 마찰을 겪기도 했으나, 비동맹주의와 균형 및 실용주의를 적절히 조화시켜 나감으로써 국제사회에서 위상을 강화시켜 왔습니다.
ㅇ 현재는 파키스탄과 북부 잠무카슈미르州에 통제선(Line of Control)을 설치하고 휴전상태에 있으나 아직도 간헐적인 군사적 충돌이 발생하고 있으며, 중국과는 북부 라다크 연방직할지와 북동부 아루나찰프라데시주 국경문제로 갈등을 겪고 있는 상태입니다.
ㅇ 한편, 내부적으로 다양한 인종과 복잡한 언어, 힌두교 및 이슬람 등 종교간의 갈등, 급격한 경제발전 과정에서의 빈부격차 등으로 인해 테러, 소요와 시위 등이 빈발하는 편으로, 2008년에는 11월 뭄바이 타지마할호텔 등 동시다발 테러로 188명이 사망하고 293명이 부상당하였으며, 최근에도 2013.2.21. 안드라프라데시주 하이데라바드 연쇄 폭탄테러로 130 여명의 사상자가 발생하고, 2013.10.27. 비하르주 파트나에는 정치유세장에서 연쇄 폭탄테러로 6명이 숨지고 83명이 부상하는 사건이 있었으며 2019. 2. 14. 잠무 캬슈미르 주 스리나가르 지역에서 자살 폭탄테러가 발생해 인도 경찰 41명이 숨지고 20여명이 부상당하였습니다. 또한 낙살라이트라는 공산반군(마오이스트)의 무장공격이 동부 비하르, 자르칸드, 차티스가르, 오디샤, 웨스트벵갈 등의 주간(州間) 경계지역 및 산간지역에서 수시로 발생하고 있습니다.
ㅇ 위와 같은 테러피해를 예방하기 위해서는 종교시설, 공항, 쇼핑몰 등 다중밀집장소 이용시에는 각별히 신변안전에 주의할 필요가 있으며, 특히 대형 집회장소에는 접근을 자제해야 하겠습니다. 또한 공산반군이 빈번히 출몰하는 주간 경계지역 및 산간오지에는 여행을 금지하시기 바랍니다.
[범죄현황 등 치안상태]
□ 범죄일반
ㅇ 2013년 인구 10만명당 범죄발생건수는 540건으로 공식 통계상으로는 다른 나라에 비해 범죄발생률이 높은 편은 아니지만, 피해자가 신고를 기피하거나 신고해도 경찰에서 묵살되는 사건이 많아 실제 외국인들이 느끼는 체감치안은 이 보다 나쁜 편입니다.
□ 강ㆍ절도, 소매치기
ㅇ 외국인들에게 가장 많이 발생하는 범죄는 강도 및 절도이며, 그 수법은 현지인이 친밀감을 나타내며 접근하여 대화를 나누다가 어느 정도 친해지면 수면제 등 약물을 탄 음식물을 호의로 건네주어 먹게 하고 잠든 사이 소지품을 강취하는 사건이 게스트하우스, 기차, 맥도날드 등에서 종종 발생합니다.
ㅇ 또한, 관광명소, 지하철역, 기념품점, 시장 등 혼잡장소에서 호객을 하거나 관광안내를 한다며 접근하여 잠시 한눈을 파는 사이 지갑, 카메라, 휴대전화 등 고가품을 소매치기 하는 사례가 흔히 발생합니다.
ㅇ 그러므로, 낯선 사람이 주는 음식물은 절대 섭취하지 마시고 혼잡장소에서 의도적으로 접근하는 사람은 관심을 보이지 말고, 귀중품은 복대를 이용하여 항상 몸에 소지하는 등 보관에 유의하여야 합니다.
□ 이륜차 이용 날치기
ㅇ 기차역 등 다중 밀집지역에서 오토바이 등을 이용한 날치기 사례가 빈발하므로 외출시 고가품, 귀금속류 등을 휴대치 않는 것이 바람직하며, 여권, 현금 등이 든 가방을 허술하게 매거나 차량 탑승시 차창을 내린 채 소지품이 바깥에서 관찰되도록 하는 등의 행위는 삼가야 합니다.
□ 성범죄
ㅇ 인도는 보수적인 사회로 아직도 여성의 사회적 지위가 매우 낮으며 인도 남자들의 외국여성에 대한 호기심이 종종 성추행 심지어 성폭행 등의 성범죄로 이어지는 경우가 있습니다.
ㅇ 2012년 12월 발생한 버스안 여대생 집단성폭행치사 사건은 인도 전역에 엄청난 충격과 사회적 공분을 불러일으켰으며, 그 외에도 스위스 주부 집단성폭행, 미국인 여성 집단 성폭행사건 등 외국인 여성상대 집단 성폭행 사건도 수시로 발생하여 뉴스 이슈화된 바 있습니다.
ㅇ 따라서, 성범죄 예방을 위해 여성의 경우 가급적 혼자 여행하지 마시고, 불가피하게 혼자여행을 하는 경우에는 각별한 주의가 필요합니다.
ㅇ 야간에 기차, 버스를 이용하여 이동하거나 저렴한 게스트하우스에서 숙박을 하는 경우에는 주위의 사람을 미리 확인하고 출입구의 시정을 확실히 하며, 오토릭샤, 택시를 이용시에는 되도록 대로(大路), 사람이 많이 다니는 길을 이용하여 이동할 것을 요구하고 기사가 의심스러울 경우에는 승차를 하지 말아야 합니다.
ㅇ 관광지, 기차역 등에서 목적지가 같은 방향이라며 호의로 오토바이를 태워준다고 제안하는 경우 및 인도남자의 이유없는 접근에 대해서는 단호하게 거절의사를 표현하며, 계속하여 추근대는 경우에는 소리를 지르거나 경찰에 신고하는 등 주변에 알려야 합니다.
□ 호객 및 폭리행위(여행사기)
ㅇ 외국인 관광객을 상대로 오토릭샤, 택시기사 등이 여행사, 호텔 등과 결탁하여 공항, 기차역에 도착하는 여행객들이 ‘특정 호텔로 가자’고 하면 ‘축제나 테러로 그 지역이 폐쇄되었다. 호텔이 영업을 하지 않는다’라고 속이고다른 여행사나 호텔 등에 데려다 주고 터무니없이 비싼 가격을 요구하는 등 폭리를 취하는 사례가 자주 발생합니다.
ㅇ 따라서, 폭리행위를 피하기 위해서는 사전에 미리 묵고자하는 숙소의 위치, 연락처, 가격 등 정보를 파악하고, 만일 오토릭샤, 택시기사 등이 다른 곳으로 안내하려고 하여도 이에 응하지 말고 원래 예정하였던 목적지로 가자고 하시기 바랍니다.
ㅇ 또한 사설 여행사가 마치 정부에서 운영하는 여행사인 것처럼 속이고 자신들의 여행사로 안내해서 바가지 상품을 강매하는 경우도 있으니, 정부운영 또는 정부보증 운운하는 여행사의 사기판촉에 절대 말려들지 않도록 하시기 바랍니다.
□ 환전사기
ㅇ 현지인이 여행객에 접근, 유리한 환전조건을 제시한 후 약속한 환전금액에 못 미치게 환전해 주는 환전사기 사례가 있습니다. 환전사기범은 눈 앞에서 지폐를 세어 보인 후 봉투에 넣어 교부하는 과정에서 일부를 빼돌리는 수법을 사용하고 있습니다. 노상에서 환전하거나 무면허 환전소를 이용하는 것은 삼가시는 것이 바람직합니다.
□ 마약범죄
ㅇ 고아(Goa) 등 주요관광지에서는 현지인과 일부 외국관광객의 마약남용 문제 및 그에 따른 살인, 강간 등 강력사건 피해사례가 지속적으로 보도되고 있습니다. 또한 현지인이 우리 여행객에 필요 이상의 호의를 제공한 후 마약 등으로 의심되는 소포를 국내로 운반해 줄 것을 강요한 사례도 있으니 유의하시기 바랍니다.
[외국인으로서 주의해야 할 위법행위]
※ 형사사건의 경우인도 형법(IPS)과 기타 특별법이 적용되며, 특히 주의해야 할 점은 다음과 같습니다.
ㅇ 첫째, 성 범죄자를 엄하게 처벌하고 있음
ㅇ 둘째, 정해진 장소 이외에서 음주시 처벌됨(길거리나 공원 등 야외 공공장소에서의 음주도 처벌됨)
ㅇ 셋째, 식당, 바 등 술 판매 장소에서 여성이 술시중시 처벌됨(인도의 술 판매 장소에서는 여성 바텐더를 고용할 수 없음)
ㅇ 넷째, 타종교를 비방하는 경우 처벌되며, 구자라트, 히마찰프라데시 등 일부 주에서는 反개종법이 제정되어 개종권유, 강요행위를 처벌함
ㅇ 인도에서 범죄혐의로 체포된 경우 24시간 이내에 판사 앞에 출석하여 구속여부를 심사받아야 하므로, 즉시 대사관에 연락하도록 하고, 직접 연락이 불가할 경우 경찰관을 통하여 대사관에 연락하도록 요청해야 합니다.
[교통사고 및 안전사고]
ㅇ 여행객들은 인도에서 특히 교통사고에 유의하여야 합니다. 인도는 사회기반시설(infra)이 절대적으로 부족하여 도로포장율이 낮고, 신호등, 표지판, 가로등 등 교통시설물이 제대로 갖추어져 있지 않으며, 차도ㆍ인도의 구별이 없으며 도로에 오토바이, 릭샤는 물론 소, 개, 말 등의 가축도 빈번히 지나다닙니다. 또한, 운전자와 보행자의 안전의식 희박, 난폭운전 등의 무질서와 노후차량으로 인한 교통사고가 빈발하며, 사고시에는 양질의 의료서비스 및 보상을 받기 어렵습니다.
ㅇ 따라서, 국제면허증을 소지하였더라도 가급적 직접 운전은 하지 않는 것이 안전하며, 야간에 버스, 택시 등 대중교통 이용시 각별한 주의가 요구됩니다. 아울러 교통사고 등에 대비하여 여행전 국내에서 여행자보험에 가입하시는 것이 좋습니다.
자연재해
ㅇ 몬순기에 소나기가 내리면 천둥과 번개를 동반하는 경우가 많기 때문에 외출시 유의해야 하며, 배수가 안되어 교통이 마비되는 경우가 종종 발생합니다.
ㅇ 매년 6월∼8월에는 집중호우로 인한 피해가 종종 발생하며, 2010년 8월에는 잠무카슈미르주 레, 라디크지방의 폭우로 인한 홍수로 수백여 명이 사상 또는 실종되고 수만 명의 수재민이 발생하였으며, 우리나라 여행객 100여 명 등 외국인 관광객 2,000여 명도 도로유실로 수일간 고립되었습니다. 또한 2013년 6월에는 북부 우타르칸드에 집중 호우로 마을이 통째로 휩쓸려 가는 등 수천 명이 사망 또는 실종된 바가 있으며, 2014년 9월에는 잠무카슈미르주 스리나가르 일대의 홍수로 약 3백 명에 가까운 사망자가 발생하기도 하였고, 최근 2018년 8월에는 인도 남부 케랄라 주에서 폭우로 인해 300여명이 숨지고 수십만 명의 이재민이 발생하였습니다.
ㅇ 건기에는 비가 내리지 않아 대기오염이 심각하므로 호흡기 질환을 조심해야 하며, 일교차가 큰 10월∼1월에는 안개 끼는 날이 많아 항공기의 이착륙에 지장을 받으며, 새벽 및 밤시간대에 대형 교통사고도 빈발합니다.
유의해야할 지역
ㅇ 델리, 첸나이, 자이푸르, 콜카타 등 대도시에는 강ㆍ절도가 종종 발생하고, 관광지에서는 소매치기가 극성을 부리므로 주의를 요하며, 야간에 혼자 다니는 것은 위험하므로 항상 일행과 함께 행동하시기 바랍니다.
ㅇ 도시 이외 지역 및 기차, 버스내에는 좀도둑이 많이 있으니 소지품보관에 주의하시고, 현지인의 지나친 친절에도 경계를 해야 합니다.
ㅇ 인도 서북부 잠무카슈미르주중 일부지역은 중국 및 파키스탄과 영토분쟁중으로 국경지대에는 방문을 자제하시기 바랍니다. 특히, 스리나가르지역은 무슬림 주민 다수 거주지로서 이슬람 테러단체 및 분리주의자에 의한 테러가 수시로 발생하고 있으므로 각별한 주의가 요구되며, 레/라다크지방은 3,500m이상 산악지역으로 고산병 등 질병 및 자연재해로 인한 피해가 없도록 주의하여야 합니다.
ㅇ 웨스트벵갈, 차티스가르, 비하르, 오디샤, 자르칸드주 등의 일부 산간, 농촌마을은 공권력이 미치지 않는 사실상 공산반군의 점령지역인 곳도 있으며, 이와 같은 지역에서는 공산반군에 의한 관공서 습격이 빈발하는 등 치안상태가 매우 좋지 않으므로 방문을 자제해야 합니다.
ㅇ 그 외 미조람, 마니푸르, 나갈랜드, 아루나찰프라데시, 시킴, 히마찰프라데시의 중국과 국경이 인접된 지역, 우타르칸드의 중국과 국경이 인접된 지역, 라자스탄의 파키스탄과 국경이 인접된 지역, 잠무카슈미르의 파키스탄과 군사분계선인 LOC(Line of Control)에 인접된 지역, 안다만&amp;니코바르 군도, 락샤드위프 군도, 카르나타카 Mundgod 지역에 있는 티벳인 거주지는 외국인이 방문시 사전에 인도정부의 특별허가를 받아야 하는 지역입니다."
인도네시아,Indonesia,ID,아주,2025-05-21,"사건ㆍ사고 일반
[테러 동향]
ㅇ 이슬람 원리주의, 분리 독립주의(파푸아지역), 종교 갈등 등 다양한 요인에 기인한 테러가 지속적으로 발생
※ 16년 1월 자카르타 폭탄테러, 18년 5월 수라바야 폭탄테러, 18년 12월 파푸아 분리주의 단체 건설노동자 사살 등 대형 테러사건 빈발
ㅇ 심야시간 외출 및 파푸아 등 오지로의 여행 자제 등 신변안전에 유의
[치안 상태]
ㅇ 날치기, 소매치기 등 절도사건이 자주 발생하는 등 민생 치안 다소 불안
※ 특히 발리 꾸따지역에서 오토바이를 이용한 날치기 사건 빈발
ㅇ 야간 노상 통행 자제 및 소지품 관리 철저
주요 범죄피해 유형
ㅇ 야간에 노상을 이동하는 보행자 또는 택시 승객 상대 강도, 택시 승객이 잠 든 틈을 이용하여 소지품 절도
※ 블루버드(Bluebird)급 이상의 택시 이용 및 야간에는 가능하면 2명 이상 승차 필요
ㅇ 고젝(Gojek), 그랩(Grab) 등 교통앱 이용 시 가짜 기사가 와서 강도 또는 소지품 절도
※ 앱에 표시되는 차량번호와 실제 온 차량번호가 일치하는지 확인
ㅇ 오토바이를 타고 가면서 노상을 이동하는 보행자나 옆에 지나가는 오토바이 승차자의 소지품 날치기
ㅇ 오토바이를 타고 차량을 지나가면서 갑자기 차량 유리를 깬 후 차량 내 소지품 절도
ㅇ 쇼핑몰, 노상에서 혼잡한 틈을 이용하거나 살짝 부딪히는 등 주의를 다른 곳으로 분산 시킨 후 소지품 소매치기
ㅇ 주행 차량의 타이어를 못 등으로 펑크낸 후 정차한 틈을 이용하여 탑승자의 소지품 강도 또는 절도
※ 인적이 드문 곳에서 펑크날 경우 차량을 바로 세우지 말고 안전한 장소까지 이동 후 조치
ㅇ 교통사고 발생 등으로 현지인과 시비 시 주변 현지인에 의한 집단 폭행
ㅇ ATM에서 현금인출 시 카드 복제
※ 금융기관 내 ATM 이용 및 인적이 드문 장소에 있는 ATM 사용 자제(부득이 사용할 경우 손으로 가리고 비밀번호 입력)
[안전사고]
ㅇ 안전의식 미비에 따른 선박 침몰 및 항공기 추락 등 대형 안전사고 지속 발생, 이동시 선박 탑승 지양 및 대형 항공사 이용
※ 18년 6월 토바호수 여객선 침몰, 18년 10월 라이언에어, 21.1월 스리위자야 항공기 추락사고 발생
ㅇ 물놀이 안전사고, 노상 또는 공원에서 동물에 의한 피해사례도 자주 발생
[주요 안전사고 유형]
ㅇ 수영, 스노클링(Snorkeling), 씨워커(Seawalker) 등 수상 활동을 하다가 익사
※ 수상 활동 시 반드시 안전장구를 착용하고 전문 가이드 동행
ㅇ 원숭이로부터 공격을 받아 부상을 입거나 원숭이와 접촉하여 피부병 감염
※ 원숭이 공원 방문 시 모자와 선글라스를 벗고, 원숭이와 직접 접촉 자제
ㅇ 노상에 다니는 개에 물려 부상(특히 발리에는 줄을 매지 않고 노상에 다니는 개가 많아 피해 자주 발생)
※ 노상에서 개 발견 시 현장을 피하고, 피해를 입었을 경우 즉시 병원에서 응급치료
자연재해
ㅇ 불의 고리(Ring of Fire)라고 불리는 환태평양 화산 지진대에 위치하여 지진이 빈번하고 화산활동 활발
- 18년 8월 롬복, 18년 9월 중부술라웨시 지진 발생 및 18년 12월 반튼, 람풍지역 쓰나미 발생
- 수마트라 시나붕화산, 발리 아궁화산, 순다해협 끄라까따우화산 등 지속 분화
- 우기철(11-3월) 집중호우로 주요 도로 범람 및 교통 마비 사례도 자주 발생
ㅇ 지진 우려지역 방문 및 화산 주변 이동 자제"
일본,Japan,JP,아주,2024-06-28,"사건ㆍ사고 현황
[사례비 미끼 마약류 운반 주의]
ㅇ 국제 마약 조직들이 일본 내 사정을 잘 모르는 우리 국민들을 이용하여 일본으로 마약 반입을 시도하다 적발되는 사례가 발생하고 있습니다.
사례 1) 무료 해외여행 등의 선심성 관광을 제의하면서 여행용 가방 등의 운반을 요청받아 적발되는 경우
사례 2) 사례비를 지불한다고 하여 해외 시설 견학을 겸한 관광에 동행시킨 후 기념 선물이라며 건네받은 물건을 가지고 들어오다 적발되는 경우
* 일본에서는 각성제단속법 및 관세법 위반에 대한 처벌 기준이 매우 엄격하기 때문에 마약 관련 사실을 알지 못한 채 적발되었다고 하더라도 중벌로 처벌받게 됩니다. 또한, 적발 시 국가 이미지에도 부정적인 영향을 주게 되므로 각별한 주의가 요망됩니다.
[신주쿠 가부키쵸 일대 호객 행위꾼 주의]
ㅇ 신주쿠 가부키쵸 등 도쿄 지역 유흥가 일대의 호객 행위꾼들에 의한 술값 바가지 피해 사례가 발생하고 있습니다.
사례) 싼 가격에 술을 마실 수 있다거나, 성매매를 할 수 있다고 유인한 후, 술에 취한 틈을 이용하여 술값을 과다 청구하거나 신용카드로 몰래 결제
※ 술값 과다 청구 등에 대해 이의를 제기할 경우 건장한 남자들을 내세워 협박함으로써 단념토록 하고 있는 실정임
※ 따라서, 도쿄 가부키쵸 일대 등 유흥가 지역에서 호객 행위꾼들의 호객 행위에 속아 넘어가는 일이 없도록 주의
사건ㆍ사고의 유형
ㅇ 2011.3. 동일본 대지진 피해 지역(센다이) 중심으로 도난 사건이 많이 발생했으나, 현재는 치안을 회복한 상태
ㅇ 2013.4.6. 돗토리현에 사이클링 투어에 참가했던 우리 국민이 돌풍에 넘어져 머리에 부상
ㅇ 2013.7.29. 우리 국민 20명이 나가노현 소재 중앙 알프스 호텐다케산에서 조난당해 5명 사망
ㅇ 7관 구(시모노세키 모지) 해상에서 선박 사고가 빈번히 발생
ㅇ 2015.4.22. 우리 국민 21명이 쿠마모토현 소재 유휴인 단체 온천 관광시 발생한 교통사고로 부상
ㅇ 2019.3.18. 국제마약조직에 연루된 것으로 보이는 60대 남성이 필로폰을 반입하려다고 나리타공항에서 적발
ㅇ 2020.12.03. 우리국민 기저질환 노약자 코로나19 확진 사망(코로나19 감염예방 철저 필요)
ㅇ 2021.2.21. 오사카에서 우리국민 유학생 교통사고(오토바이)로 사망 (외국에서 교통사고 주의 필요)
ㅇ 홋카이도 지역은 우리 국민 관광객들의 렌터카 이용시 교통사고, 특히 1년중 4개월 가량 눈이 내리기 때문에 빙판길 사고, 폭설로 인한 고립 및 추돌 사고 등이 자주 발생하고 있어 운전에 각별한 유의가 필요합니다.
일본 지역의 경우, 절도 사건이 70% 정도를 차지하고 있는 바, 특히 우리 국민 관광객이 일본 여행시 날치기나 소매치기 피해를 입는 경우가 있으므로 이에 대해 각별히 주의할 필요가 있습니다.
자연재해
ㅇ 2011.3.11. 미야기현 앞바다에서 지진 발생(M9, 18,500여 명에 이르는 사망자 및 행방 불명자 발생)
ㅇ 2013.4.13. 효고현 이와지시마 부근에서 지진 발생(M6, 수십 명의 부상자 발생)
ㅇ 2013.8.16. 카고시마 현 사쿠라지마 화산 폭발
ㅇ 2015.6.30. 하코네산 오오와쿠다니에서 소규모 분화 발생하여 인근 지역 통행금지 및 피난 지시 발령
※ 일본은 지진, 태풍, 화산 폭발 등 자연재해가 빈번하게 발생하고 있고, 2011년 동일본대지진 이후에도 지속적으로 지진이 발생하고 있어 우리 국민 또는 관광객은 일본 체류 또는 여행 시 이러한 자연재해에 대비할 필요가 있습니다.
※ 또한, 도쿄 주변의 대표적인 관광 명소로 알려져 있는 하코네 지역의 오오와쿠다니에서 소규모 분화가 계속되고 있어 이에 대한 주의가 필요합니다.
ㅇ 2015년 8월 15일 가고시마현 사쿠라지마 큰 분화 발생, 주변 피난준비 경보 발령
ㅇ 2018.6.18. 오사카 북부에서 지진이 발생(M6약, 가옥 3채 파손 및 교민 1명 부상)하였습니다.
ㅇ 2018.9.4. 태풍 21호에 따른 간사이공항 폐쇄로 많은 우리국민이 고립되는 사태가 발생하였습니다.
ㅇ 2018.9.6. 홋카이도 이부리 동부에서 진도 7의 대지진으로 42명 사망, 부상자 762명의 피해가 있었습니다.
ㅇ 2019.1.3. 구마모토현 구마모토시에서 지진 발생(M5.1)
ㅇ 2019.2.21. 홋카이도 이부리지방에서 지진 발생(M5.8)
ㅇ 2019.6.18. 야마가타현 앞바다에서 지진 발생(M6.7)
ㅇ 2021.2.13. 후쿠시마현 앞바다에서 지진 발생(M7.3)
유의해야 할 지역
[등반 중 조난사고 유의 지역]
ㅇ 야마나시현, 나가노현 지역은 3,000미터에 이르는 높은 산들이 산재해 있어 조난사고에 유의해야 하는 바, 등반 중 기상이 좋지 않거나 몸에 이상이 느껴질 경우에는 산행 자제 또는 하산하는 것이 바람직합니다.
[홋카이도 여행 시 유의 사항]
ㅇ 홋카이도 지역의 산, 계곡 등 깊은 지역 여행 시 곰이 자주 출몰하고 있으므로 이에 대한 주의가 필요하고, 갑작스러운 기후 변화로 인한 사고가 빈발하고 있으니 장시간의 산행은 자제하는 것이 바람직합니다.
[자연재해 빈발 지역]
ㅇ 2011년 3월 동일본대지진 이후 도쿄를 비롯한 관동 지역을 중심으로 지진이 계속 발생하고 있습니다.
※ 일본의 경우, 지진은 어느 특정 지역에 국한해서 발생하고 있는 것이 아니므로, 일본 지역 관광 또는 체류 시에는 언제나 지진 발생에 대비해서 유념할 필요가 있습니다.
ㅇ 2015년 6월 30일 하코네산 오오와쿠다니에서 소규모 분화가 계속되고 있으므로, 향후 추가 분화 및 지진 발생 가능성이 있습니다.
ㅇ 전반적으로 일본의 치안 상황은 비교적 안정화되어 있다고 할 수 있으나, 우리 국민 관광객을 상대로 한 날치기 등의 절도 사건이 발생하고 있고, 특히, 도쿄 신주쿠 가부키쵸 등 유흥가 지역에서 호객 행위꾼들에 의한 술값 바가지 피해 사례가 발생하고 있습니다.
ㅇ 일본의 경우, 지진, 태풍, 화산 폭발 등 자연재해가 빈번하게 발생하고 있는 만큼 일본 지역 여행 시에는 이러한 자연재해 발생에 각별히 유의할 필요가 있습니다.
ㅇ 개별 여행으로 일본 방문시 렌터카 이용이 증가하면서 교통사고 발생 건수도 증가하고 있음. 일본의 경우 한국과는 달리 운전석이 오른쪽에 있고 차량은 좌측 통행을 하다 보니 사고가 발생할 우려가 높습니다.
ㅇ 큐슈지역 가고시마현 사쿠라지마(피난준비 경보), 구마모토현 아소산(입산규제 경보) 지역은 현재도 소규모 분화가 계속되고 있고, 향후 추가 분화 및 지진 발생 가능성이 있습니다."
자메이카,Jamaica,JM,미주,2025-05-21,"사건ㆍ사고 현황
ㅇ 주재국 경찰 당국 발표에 따르면 자메이카에서 2020년도에 1,323건의 살인 사건이 일어났습니다.
ㅇ 2020년, 자메이카는 라틴 아메리카와 카리브해 22개국 중 가장 높은 살인율을 기록했고, 인구10만 명 당 약 46.5건의 살인이 일어났습니다. 베네수엘라는 살인사건 45.6건으로 2위를 차지했고 온두라스는 37.6건으로 3위를 차지했습니다. 같은 해 니카라과에서는 살인율이 10만 명 당 3.5명으로 가장 낮았습니다.
ㅇ지난 40년간 자메이카 내 살인사건의 주요 원인은 범죄조직 간 분쟁과 총기사고였습니다.
사건ㆍ사고의 유형
ㅇ 피해자 운영 상점 앞에서 잠적하여 기다리던 강도가 현금을 강취하는 사건이 빈번히 발생합니다.
ㅇ 관광객의 경우 다운타운 소재 현지 시장에서 강도에 의해 가방 및 현금, 여권을 강취당하는 사건이 발생한 바 있으며, 현지 여성이 외국인 관광객에게 마리화나를 권유한 후 현금을 강취한 사건도 있습니다.
ㅇ 알고 지내는 현지인으로부터 시내 안내를 권유 받았으나 운전자가 돌변, 한적한 이면도로에서 강도를 한 경우도 있습니다.
ㅇ 재외국민의 경우 총기 휴대 강도가 피해자 자택을 침입, 강도를 한 사건이 발생한 바 있습니다.
자연재해
ㅇ 자메이카는 매년 6월부터 11월까지 대형 허리케인 상륙가능성이 예고되는 지역입니다.
ㅇ 2012년 10월 24-25일 허리케인 샌디(Sandy)가 자메이카 수도인 킹스턴 및 동남부 지역을 강타하여 11,000명 이상의 이재민이 발생한 바 있습니다.
유의해야할 지역
ㅇ 경제 상황 악화 및 높은 실업률, 마약 유통 경로 등으로 치안 사정이 좋지 않은 만큼 외국인으로서 유의하는 자세가 필요합니다. 특히 백인, 동양인 등 외국인의 경우 거리 등 공공장소에서 주목 대상이 되기 쉬우므로 위험지역출입, 야간보행, 단독행동 등은 피하는 것이 좋습니다.
ㅇ 몬테고베이(Montego Bay), 니그릴(Negril) 등 북쪽 해안 관광도시는 비교적 안전한데 비해, 수도 킹스턴(Kingston)이나 내륙지역의 경우 경계심 강화가 필요합니다. 특히 수도 킹스턴 구시가지(남부)의 경우 주간에도 범죄 발생이 빈번하므로 가급적 피하는 것이 좋으며, 여타지역도 외출시 혼자 다니는 것은 자제하는 것이 바람직합니다.
ㅇ 킹스턴(Kingston), 세인트 앤드류(St. Andrew), 세인트 캐서린(St. Catherine) 등 수도권 일대와 세인트 제임스(St. James) 등의 강력 범죄율(살인, 강도, 총격)이 여전히 높은 상태이며, 특히 2013년 9월 기준으로 클라렌돈(Clarendon), 킹스턴 서부 및 중부 지역에서 살인사건으로 살해된 인명수가 각각 90명, 55명, 38명으로 이들 지역 출입에 유의할 필요가 있습니다.
ㅇ 관주재국 경찰청 발표에 따르면, 살인사건 희생자 중 상당수는 범죄관련자(갱 단원, 마약 또는 도박 중독자)와 같은 장소에 있던 중 피해를 입었고, 대부분의 살인사건이 거리에 면하고 있는 바(bar)에서 발생하므로 출입을 삼가할 것을 권고하고 있으며, 강력 사건이 주로 저녁 6시부터 12시 사이 및 주말에 발생한 바 주의할 것을 당부하고 있습니다."
잠비아,Zambia,ZM,아프리카,2023-11-24,"사건ㆍ사고 현황
□ 정정 상황
ㅇ 잠비아는 1964년 독립 이후부터 1991년까지 대영국 독립투쟁을 이끌었던 Kenneth Kaunda의 국민 독립연합(UNIP)이 일당독재를 해오다가 1991.10.31 실시된 최초의 직선제 대통령 선거에서 MMD의 Frederick Chiluba 후보가 대통령으로 선출, 재선까지 성공하였으나, 재임 중 3선 제한 헌법개정을 시도하다가 실패, 2001.12.17 대선에서 결국 여당인 MMD의 Levy Mwanawasa 후보에게 패배하여 대통령직에서 물러났습니다.
ㅇ 이후 Mwanawasa 대통령은 2002년 취임 이후 반 부패위원회 및 특별 조사팀을 구성해 Chiluba 전 대통령 및 당시 각료들의 부패 혐의에 대해 강력한 조사를 실시, 야당 및 국민의 전폭적인 지지를 얻었고 경제개혁과 서구로부터의 개발원조 등을 얻어 잠비아를 연 약 7%의 경제성장을 기록하는 국가로 이끌어 오던 중 08년 9월 심장쇼크로 국외에서 사망함에 따라 08년 10월 말에 실시된 투표에서 당시 Banda 부통령이 새 대통령으로 선출되었으며 이후 11년 9월 대선에서 야당 후보인 Sata 후보가 대통령에 당선되었습니다. Sata 대통령은 잦은 내각 개편을 통해 정국 안정을 달성하려고 하였으나 별다른 성과를 내지 못하고 국외에서 지병으로 사망, 15년 1월 대선 보궐 선거로 여당(PF)의 Lungu 후보가 당선되어 남은 임기를 이어가고 있습니다.
□ 치안 상황
ㅇ 잠비아는 2015. 1월 대선 보궐 선거 실시 후 정치정세가 점차 안정을 찾아가고 있고, 지난 수년간 6-8%대의 경제성장률을 기록 등 경제 호조세를 유지하고 있으나, 경제성장의 혜택 분배에 대한 일반 국민들의 불만이 높아지고 있고, 특히 중국, 인도 등 아시아계 외국인 투자업체들의 현지인 노동착취 문제에 대한 불만이 확산되고 있습니다.
ㅇ 따라서 치안상태가 남아공이나 콩고 등 인근 국가들에 비해서는 비교적 양호한 편이나, 수도 루사카 등 대도시 상업지역 및 빈민지역에서는 차량의 유리를 깨는 강도, 소매치기가 자주 발생하고 있으니 유의하여야 합니다.
ㅇ 그리고 관광지인 South Luangwa나 Livingston(빅토리아 폭포 지역)은 상대적으로 안전하기는 하나 그래도 항상 신변안전에 대한 경각심은 가져야 합니다.
ㅇ 2021년 8월 대선을 앞두고 여‧야간의 대립 및 지지자들의 시위가 발생할 가능성이 높아 안전에 유의해야 합니다.
사건ㆍ사고의 유형
ㅇ 보석. 광물 사기 유의
- 잠비아 대통령 친. 인척 및 정치 유력인사와의 관계를 앞세워 구리광산 등 광물을 시세보다 싸게 개발(구입) 할 수 있다고 속여 금전을 부정 취득하는 경우가 아주 많이 발생합니다. 심지어 현물(광산)이나 계약서까지 보여주는 등 아주 신빙성 있게 접근하나, 결과는 대부분 사기로 판명되며, 사후에 중개업자에게 항의를 한다 하더라도 본인도 속았다고 하는 등 추후 보상 방법은 거의 불가능한 경우가 대부분이니 절대 현혹되시면 안 됩니다.
ㅇ 여행객 및 교민들에게 직접 접근하거나 이메일 등을 통해 거액의 자금을 해외로 송금하도록 도와주면 자금의 일부를 주겠다는 제안을 하면서 계좌개설 수수료나 세금 등을 요구하는 경우가 있으나, 이는 모두 사기행각이므로 주의해야 합니다.
ㅇ 사건(사고) 발생 시 대처 방법
- 강. 절도 등 일반 형사사건 발생 시에는 일반적인 방법(경찰 신고, 한인회 연락 등)을 취하면 되나, 광물. 보석사기 등과 같은 경우는 특히 사후구제가 아예 불가하므로 사전에 광물. 보석사기에 현혹되지 않도록 각별한 주의를 하는 것이 최선책입니다.
자연재해
ㅇ 특별한 자연재해는 없습니다만, 특히 우기철에는 큰 규모의 천둥과 번개를 동반한 폭우가 내려 도로 유실 등 위험이 많으니 운전 시나 보행시에 각별한 주의를 요합니다.
유의해야 할 지역
ㅇ 여행 시 숙소 등 장소를 불문하고 여러 곳에서 광물. 보석사기 행각을 벌이기 위해 접근하는 경우가 많고, 일반적으로 현지인들이 주로 이용하는 대중버스, 현지인들 밀집 지역(음식점, 주점, 정류장 등) 등에서는 강. 절도 나 소매치기 사건이 발생할 수 있으므로 유의해야 하며, 외진 곳에서는 비록 대낮이라도 도보 야행이 위험하니 삼가야 합니다."
적도기니,Equatorial Guinea,GQ,아프리카,2022-08-02,"사건ㆍ사고 현황
□ 치안상황
ㅇ 적도기니는 장기간의 독재 및 강력한 공권력의 존재로 치안이 비교적 안전한 편이지만 외국인을 대상으로 한 범죄는 상시 발생하고 있습니다.
ㅇ 군경 및 공공기관 종사자 등이 법률과 규정을 내세우며 외국인에게 금품을 요구하는 경우가 있으니 주의가 필요하며, 다량의 현금과 귀중품을 소지한 채 외출하는 것은 위험합니다.
ㅇ 적도기니에는 인근 국가(카메룬, 가나, 부르키나파소, 나이지리아 등)에서 유입되어 불법체류 중인 기술자 및 노동자들이 많으며, 이로 인해 외국인에 대한 불심검문과 단속이 지속되고 있으므로 신분증 휴대가 필수입니다.
자연재해
ㅇ 우려할 만한 자연재해는 없는 것으로 알려져 있으나, 국지적인 폭우나 강풍 등이 발생하는 경우가 종종 있습니다.
유의해야 할 지역
ㅇ 주요 도시 이외의 지역에서는 위생적인 호텔과 식당을 찾기가 어렵습니다."
조지아,Georgia,GE,유럽,2025-05-21,"※ 안전유의 당부
ㅇ 겨울철 카즈베기, 구다우리, 바쿠리아니로 연결되는 도로의 결빙으로 인해 많은 사고가 발생하고 있습니다. 상기 지역을 방문할 예정이신 우리 국민께서는 조지아 기상청 홈페이지( http://meteo.gov.ge/index.php?l=2&amp;ct=1&amp;cm= )를 통한 날씨 확인 및 출발전 차량 점검으로 안전한 여행이 되실 수 있도록 각별히 유의하여 주시기 바랍니다.
ㅇ 최근 조지아를 여행 중인 아국인 여행객이 교통사고를 당한바 있습니다. 특히 조지아 택시의 경우, 과속 및 안전벨트 미착용으로 인한 사고가 빈번히 발생하고 있으니, 조지아에서 대중교통을 이용하시는 우리 국민께서는 안전에 각별히 유의하여 주시기 바랍니다. 또한 조지아를 여행할 예정이신 우리 국민께서는 여행자보험을 통해 사고 발생시 보장을 받을 수 있도록 대비하여 주시기 바랍니다.
사건ㆍ사고 현황
[내전, 테러(피랍)사건 등 동향]
ㅇ 조지아는 테러가 자주 발생하는 국가는 아니지만, 2005년에는 고리시에 폭탄테러사건 (폭탄을 실은 차량이 고리시 경찰서로 들어가 3명의 경찰관이 숨지고 20여명이 부상을 당한 사건)이 발생한 바 있고, 2008년에 발발한 러시아와의 전쟁 등으로 정치적 테러 발생 가능성이 있습니다
[범죄현황 등 치안상태]
ㅇ 조지아는 외국인에게 호의적이고 연중 관광객이 치안도 비교적 안전한 편에 속하지만 야간 보행은 위험할 수 있습니다.
ㅇ 최근 경제난이 심해짐에 따라 거리에 구걸하는 사람이 늘어나고 있고 재래시장, 출퇴근 시간 버스, 지하철 등 사람들이 많이 붐비는 곳을 중심으로 소매치기 등 범죄가 증가하고 있습니다. 특히 외국인의 경우 갈취의 대상이 되기 쉬우므로 현금, 귀중품 등을 눈에 뜨게 휴대하고 다니지 않도록 주의해야 합니다.
자연재해
ㅇ 지진, 태풍 등의 자연재해 빈발지역은 아니나 배수시설이 좋지 못해 폭우로 인한 홍수와 산사태의 위험성이 있습니다. 2015.6월에는 트빌리시에 내린 폭우로 인해 강이 범람하고 동물원 울타리가 무너져 맹수가 탈출하는 등 큰 피해가 발생한 바 있습니다.
유의해야할 지역
ㅇ 압하지아, 남오세티아는 2008년 러시아와 조지아간 전쟁이 발발했던 분쟁지역으로 이 지역의 여행은 위험하며, 러시아에서 이 곳을 경유해 조지아로 입국하는 것은 법으로 금지되어 있습니다.
ㅇ 러시아와의 접경지역(다게스탄, 체첸, 잉구세티아, 북오세티아 등)으로의 여행은 자제해야 하며, 특히 러시아와의 접경지역인 북동부의 고산지대 판키시 계곡(Pankisi Gorge)은 이슬람 수니파 소수민족인 키시족(Kisi) 거주지역으로 이 중 수십명이 현재 IS에 가담하고 있어 이 지역의 여행은 매우 위험합니다.
ㅇ 관광지 중 하나인 다비드 가레자 지역은 조지아와 아제르바이잔 접경지역에 위치하고 있으나 국경 표시가 되어 있지 않아 여행시 유의해야 합니다."
중국,China,CN,아주,2025-05-21,"사건ㆍ사고의 유형
[절도 피해]
ㅇ 주거 침입 절도 피해가 종종 발생하고 있으니 문단속 등 철저한 사전 예방이 필요합니다. 또한 유명 관광지, 유동인구가 많은 지역에서는 소매치기 피해가 발생할 가능성이 높으니 귀중품은 안전한 곳에 보관하거나 휴대 시 주의하시기 바랍니다.
예 1) 북경 거주 A씨는 새벽 자택에서 잠든 사이 도둑이 무단 침입하여 노트북 등 한화 약 400만 원 정도의 물품을 절취 당함
예 2) 북경 사진 박람회를 관람 중이던 B씨는 고가의 카메라와 지갑이 들어있던 가방을 절취 당함
[폭행 및 상해]
ㅇ 피해 항목 중 폭행이 가장 많은 비중을 차지합니다. 사업 파트너와 관계 불화, 현지인과의 사소한 마찰, 과음으로 인한 폭언 및 실수 등으로 폭행 피해를 당하는 경우가 대부분입니다. 무엇보다 현지인의 문화, 습관 등을 이해하는 자세를 가지고, 과음 등을 자제하는 것이 바람직합니다.
예 1) 북경시 클럽에서 음주 중이던 C씨는 다른 중국인 일행과 시비가 발생 상대방 중국인 6명으로부터 집단 폭행 당함
예 2) 북경시 거주하는 D씨는 애완견을 데리고 산책하던 중, 목줄을 착용하지 않았다는데 시비가 되어 중국인 2명으로부터 폭행 당함
예 3) 북경시 거주하는 E씨는 집안 내부 공사 소음으로 시비가 되어 아래층 중국인으로부터 폭행 당함
[보이스피싱 사기]
ㅇ 최근 중국 내에서도 보이스피싱 피해가 증가하고, 그 수법 또한 진화하고 있으며, 이로 인한 피해는 심각한 사회적 문제가 되고 있습니다. 범죄 용의자들이 다른 나라에 거주하는 경우가 많아 검거 또한 쉽지 않은 만큼 예방이 최선입니다. 관공서, 금융기관, 지인 사칭 전화, 악성코드 문자메시지 및 이메일 발송 등에 유의하시기 바랍니다.
예 1) 북경시 대학교에 재학 중이던 F씨는 동생 항공료를 지불하라는 전화를 받고 한화 200만원을 송금하여 편취 당함
[교통사고]
ㅇ 중국의 신호체계가 우리나라와 상이하여 직진 신호에 좌회전이 동시에 허용되는 교차로가 많다보니 황단보도에서 좌우회전 차량과 보행자 간 충돌사고도 많이 발생하고 있습니다. 삼륜차, 자전거, 전동자전거, 오토바이, 보행자가 뒤섞여 이동하고, 교통신호를 무시하는 경우가 많아 교통사고 발생 가능성이 상당히 높습니다. 교통사고 발생 시 즉시 경찰 및 보험사에 신고하고, 현장을 이탈하지 않은 채 증거를 최대한 확보하는 것이 유리합니다.
예 1) 북경에 거주하던 G씨는 대로에서 보행 중, 지나가던 삼륜차와 충돌하는 뺑소니 사고 피해를 당함
예 2) 청해성에 관광차 방문한 H씨는 자전거를 타던 중 관광버스와 충돌하여 사망함
ㅇ 중국 내에서 타인의 교통사고 등을 목격한 경우에는 현장 보존 등을 위해 직접 도움보다는 122(교통사고 신고), 120(긴급구조 신고) 등에 연락하는 등 간접 도움을 제공해야 합니다.
[각종 경제분규]
ㅇ 회사 재정악화, 채권채무 관계 등의 분쟁으로 상대방에게 납치, 감금, 폭행 피해를 입는 경우가 있습니다. 중국에서는 민사 사건이라도 당사자가 관련 사법 절차에 따라 상대방을 출국 금지 시킬 수 있습니다. 피해를 예방하기 위해서는 무엇보다 열린 자세로 갈등 당사자와 협상을 통해 합의점을 찾는 노력이 필요하고, 납치 및 감금 등 형사 사건 피해 발생 시 공안기관과 공관에 신속히 신고하시기 바랍니다.
예 1) 북경시에서 한식당을 운영하던 I씨는 중국인 채권자로부터 돈을 갚지 않으면 죽여버리겠다는 협박을 당함
예 2) 북경시에서 공장을 운영하던 J씨는 집세 문제로 인해 건물주가 공장 출입문을 차량으로 막는 등 업무방해 피해를 당함
예 3) 북경시에서 커피숍을 운영하던 K씨는 계약금 반환 문제로 상대방으로부터 아파트에서 감금 피해를 당함
[시안]
ㅇ 절도 피해와 물건 분실이 많은 부분을 차지하고 있으며, 교통사고 피해도 많은 부분을 차지하고 있습니다.
ㅇ 대안탑, 회족거리 , 종루주변 관광시 소매치기가 많아 특히 주의를 요하며 가방은 반드시 앞으로 메는 등 소지품 관리에 특히 유의하시기 바랍니다.
[선양]
ㅇ 단동, 연변, 백산 등 북중 접경 지역에서는 북한인들이 많이 활동하고 있으며, 한반도 위기 상황에서는 긴장감이 조성되는 지역입니다.
ㅇ 과거 선교사, 여행객들이 월북하는 사례가 심심치 않게 발생하고 있으며, 접경 지역을 무단 촬영하여 중국 공안에 체포된 사례도 있습니다.
ㅇ 또한 백두산 여행 관광철에는 최근 버스 교통사고가 여러 번 발생하여 여행객 스스로 안전띠 매기 등 안전 유의가 필수적으로 요구되는 지역입니다.
ㅇ 동북 3성을 방문하시는 분들께서는 이 점을 유의하시어 스스로 안전에 유의하여 주시길 바랍니다.
[광저우]
□ 마약 운반 연루 주의 안내
ㅇ 중국 정부는 최근 사회 안전·기강 확립을 위해 내국인은 물론 외국인에 대해서도 국적을 막론하고 일벌백계 차원의 단속과 처벌을 강화하고 있습니다. 특히 마약범죄와 관련하여서는 1kg 이상의 아편이나 50g 이상의 헤로인·필로폰을 밀수·판매·운송·제조시 무기징역 또는 사형에 처하는 등 처벌 강도가 매우 높습니다.
ㅇ 공항, 항만 등 출입국시 타인의 가방을 대신 운반하다 은닉된 마약이 적발될 경우 운반자는 마약 밀수 인지여부와 관계없이 입건되어 최소 수개월간 형사 구류된 상태에서 수사를 받게 되어 있으며, 경우에 따라서는 중형에 처해질 가능성이 있습니다.
ㅇ 안면이 있는 지인이나 타인의 물건을 호의나 대가를 바라고 해외로 운송을 하여 주거나 운송을 부탁하는 일은 삼가주시길 당부드립니다.
□ 마약 운반 사례
ㅇ 무료 해외여행 등 선심성 관광을 제의하거나 항공기 탑승을 놓쳤다며 가방을 대신 전달해 달라고 부탁하는 경우
ㅇ 사례비를 준다면서 섬유샘플이나 광석 등이 들어 있다는 가방을 전달 또는 운반해 달라고 부탁하는 경우
ㅇ 공항만 통관시 휴대 물품이 너무 많다며 대신 가방을 들어 달라고 부탁하는 경우
ㅇ 유력인사인 체 하면서 공항만 직원에게 전화해 놓았으니 통관은 걱정하지 말라며 짐이나 가방을 운반해 달라고 부탁하는 경우
[상하이]
□ 마사지업소 호객행위(삐끼)로 인한 피해
ㅇ 출장자, 여행객 등 상하이 시내 와이탄, 난징루, 인민광장, 신천지 등 주요 관광지에서, 저렴한 마사지가 가능하다고 유인, 성행위 등 제공후 협박하여 거액(최대 1.100만원) 갈취
ㅇ 심야시간에 택시로 여러군데 길을 돌아서 목적지 도착관계로 업소명이나 위치를 알 수 뿐만아니라 성매매 처벌 등이 두려워 신고를 기피함
ㅇ 상해를 방문하는 우리국민은 국내보다 더욱 경계심을 가져 피해를 당하지 않도록 주의 요망
자연재해
ㅇ 최근 기후 특징을 보면, 남부지역은 폭풍 및 홍수가 빈발할 뿐만 아니라(320명 사망 또는 실종), 강풍 및 우박으로 인한 재해 범위도 매우 광범위하며, 윈난, 시장(티베트), 신장 등 서부지역은 7월에만 진도 4.0 이상의 지진이 수차례 발생하는 등 집중적인 지진 발생지역입니다. 또한, 베이징, 톈진, 허베이성 등 북부지역은 석탄을 에너지원으로 사용하는 공장이 밀집하여 있을 뿐만 아니라, 높은 인구밀도와 차량 대수의 급격한 증가로 연중 스모그가 짙게 발생하고 있는 바, 동 지역 여행 시 참고하시기 바랍니다.
※ 참고 : 중국 민정부 국가재해감소판공실(民政部,国家减灾办)
(관련 사이트: http://www.jianzai.gov.cn//DRpublish/jzdt/0000000000011623.html )
유의해야 할 지역
[소매치기 유의 지역]
ㅇ 베이징(北京)에서도 여행객이 많은 왕푸징(王府井), 대학생 거리 우다코(五道口）등에서 외국인을 대상으로 하는 소매치기가 빈발하고 있으니 소지품 관리에 유의가 필요합니다. 예) 왕푸징에서 아국인 젊은 청년에게 접근하여 인근 술집으로 유인한 뒤 거액의 술값을 청구한 사례가 있습니다.
[절도 피해 유의 지역]
ㅇ 정류장, 상가 주변 등 다중이 모이는 시설 주변, pc방과 식당, 술집 등에서 휴대폰과 지갑을 분실하는 사건도 종종 발생하니 소지품 관리에 유의하시기 바랍니다.
[외국인 여행 통제 지역]
ㅇ 중국 남서부 시장(西藏) 자치구 지역은 중국정부에서도 티베트 라싸 방문전 관계당국의 허가를 받도록 하고 있습니다. 서북부 신장(新疆) 위구르 자치구 지역은 민족 간 갈등으로 테러 사건 등이 빈발하는 지역이니 여행에 참고하시기 바랍니다.
[자연재해 빈발 지역]
ㅇ 씨쟝(西藏)지역과 신쟝(新疆) 위그르자치구에서는 규모 3~5 지진이 빈번히 발생하므로 이 지역을 방문하는 아국인은 자연재해에 대비해야 합니다."
중앙아프리카,Central African Republic,CF,아프리카,2022-08-04,"사건ㆍ사고 현황
[테러, 인질 등에 대한 상황 및 정세]
ㅇ 중앙아프리카공화국은 2013년 셀레카 반군에 의한 보지제(Bㅇzize) 정권 전복 이후, 5년 넘게 내전이 지속되어 오며 셀레카, 안티발라카등 다양한 무장세력 활동으로 인하여 극심한 혼란을 겪다가, 2019년 초 아프리카연합(AU) 등의 중재로 정부측과 14개 무장단체 간에 평화협정이 타결되었습니다.
ㅇ 금번 타결된 평화협정을 바탕으로 향후 치안 상태가 크게 개선될 것으로 기대되었으나, 장기간의 내전으로 국가 인프라가 크게 훼손되었고, 평화협정의 이행 과정상에서 정부측과 일부 무장단체 측이 여전히 불신하는 모습을 보이고 있어, 내전으로 인한 치안 불안이 완전히 해소되기까지는 앞으로도 상당한 시일이 소요될 것으로 예상됩니다.
ㅇ 특히 2020.12월 대선 직전부터 무장단체들이 연합을 결성하고 수도인 방기를 공격하고, 수도로 통하는 물자 수송로를 차단하여 정세 및 치안의 불안정성이 심화되었으나, 유엔 평화유지군(MINUSCA) 및 여타국의 지원으로 상황이 비교적 안정화 되었습니다.
ㅇ 다만, (2019년초 평화협정이 체결되기 까지) 여전히 지방에서는 2013년 내전 이후 해산된 셀레카 조직 및 이에 대응하고자 형성된 안티발라카 등 여러 무장세력들이 주민 살해, 차량공격 등 범죄행위를 자행하고 있으며, 수도 방기도 지방에 비하여 상대적으로 안전하기는 하나 외국인 납치 및 강도, 약탈, 방화 등의 생계형 범죄사고가 산발적으로 발생하고 있어 여전히 확실한 안전을 담보하기 어려운 상황입니다.
ㅇ 우리정부는 중앙아프리카 전역을 적색경보(철수권고) 지역으로 지정하였으며, 중앙아프리카 공화국 방문을 계획하시는 우리국민들께서는 부득이한 사정을 제외하고는 가급적 동 지역 여행을 삼가 주시기 바랍니다.
[범죄현황 등 치안상태]
ㅇ 최근 10~20여년간의 반복된 쿠데타, 내전 등으로 인해 개인무기 소지자가 많아 강력사건이 빈번히 발생하고 있는 상황이므로 신변안전에 각별한 유의가 필요합니다. 낮시간에 외출할 경우에도 반드시 현지 사정을 잘 아는 신뢰할 수 있는 사람을 동행해야만 합니다. 야간 외출은 매우 위험하여 현지인들조차 삼가고 있습니다. 야간중 숙소의 모든 출입문, 창문을 잘 잠그고 있어야 합니다.
ㅇ 수도 방기는 치안이 상대적으로 안정되어 있으나 여전히 상당한 주의가 필요하며, 도심 외곽 시장의 경우에도 치안이 매우 불안하므로 방문을 자제하여 주시기 바랍니다.
ㅇ 특별히 외국인의 출입제한 지역은 지정되어 있지 않으나 주의가 필요하며, 지방의 경우에는 반군 및 무장강도들의 활동, 난민의 유입등으로 치안이 매우 불안하여 여행을 엄격히 자제하여 주시기 바랍니다.
사건ㆍ사고의 유형
[총기 무장강도 사건]
ㅇ 2013년 내전이후 총기가 많이 유입되면서 지방은 물론 수도 방기에서도 총기 강도 사고가 수시로 발생하고 있어 단독으로 시내등을 배회해서는 안되며, 특히 야간에는 치안사정이 더욱 취약한바, 외부 출입은 삼가셔야 합니다.
[교통사고 및 안전사고]
ㅇ 중앙아프리카공화국에서는 교통사고에 특히 주의해야 합니다. 전역에 걸쳐 난폭 운전, 운전자와 보행자의 교통안전 의식 희박, 교통안전시설 부재 등 교통 무질서로 인한 교통사고가 빈발하며, 사고시 양호한 의료서비스를 받기가 쉽지 않고, 보상도 기대할 수 없는 실정입니다.
ㅇ 도로사정이 열악함에도 불구하고 과속운전이 만연하여 대형 교통사고가 잦습니다. 따라서 언제나 방어운전을 생활화해야하며 혹시나 교통사고가 났을 경우에는 군중에 의한 폭언·폭행, 금품갈취 등의 우려가 있으므로 차에서 나오지 말고 경찰이 올 때까지 기다려야 합니다.
ㅇ 따라서, 미리 국내에서 여행자 보험 가입을 추천하며 여행 중에 항상 교통안전에 주의를 당부드립니다.
자연재해
ㅇ 우기에는 열대성 소나기가 수시로 내려서 대도시 교외 및 지방의 비포장도로는 차량 운행이 매우 위험하고, 낙뢰의 위험도 있습니다.
ㅇ 건기에는 모래바람(황사)이 불어와서 호흡기 질환을 유발하곤 합니다.
유의해야할 지역
ㅇ 중앙아프리카공화국은 국토 전역이 여행경보 3단계인 적색경보(철수권고) 지역으로서 모든 지역에서 각별한 유의가 필요한 상황이며, 특히 인적이 한적한 곳에서의 무장 노상 강도 (자동차 강도 포함) 또는 인적이 매우 많고 복잡한 곳(수도 방기내 재래시장 인근 등) 에서는 다양한 절도, 강도, 도난, 분실 사건이 끊이지 않고 있습니다.
ㅇ 이에 따라, 지방 방문은 가급적 삼가주시기 바라며, 비교적 치안이 좋은 수도 방기 시내에서도 주야간을 막론하고 단독으로 방문하시는 것을 추천하지 않으며 꼭 현지사정에 밝은 안내인과 동행하시길 바랍니다.
ㅇ 외국인은 많은 현금을 가지고 있다라는 생각을 하고 있기 때문에 외국인을 상대로 하는 도난사고의 각별한 주의가 필요합니다."
지부티,Djibouti,DJ,아프리카,2025-05-21,"사건ㆍ사고 현황
□ 정정 상황 (전쟁, 내란, 테러 등)
ㅇ 지부티는 에티오피아ㆍ수단 등 내륙 국가들의 홍해진출 유일 출구이며 홍해 핵심 항구로 중동 유전연결 항로의 허브 역할. 연 평균 3만 여척의 선박들이 지부티 항구를 이용하고 있으며, 1977년 프랑스령으로부터 독립. 다수종족인 소말리인종과 소수종족인 아파르족(에티오피아)으로 구성
ㅇ 2010년 초 지부티 정부가 소말리아 과도정부 지원을 위한 파병발표를 한데 이어 7월 소말리아 이슬람 반군의 우간다 폭탄테러 공격으로 76명의 사망자가 발생하자, 지부티 내 테러공격을 염려하는 현지인들의 목소리가 증가되고 있는 추세이며, 미국과 영국에서는 지부티에 테러위협이 상존하고 있어 공공장소, 관광명소 및 외국인 집결 지역에서의 테러 가능성을 경고하고, 지부티 접경 3국(소말리아, 에티오피아, 에리트리아)에 대한 여행경보 발령 중임
ㅇ 에리트리아와의 국경분쟁 지역인 따주르/오복州 북부 지방으로의 여행은 자제 필요
ㅇ 지부티는 소규모 병력(8,500여명)을 유지 중이나 프랑스와 안보협력 등 외세에 의존하고 있으며, 최근 지부티 인접국인 예멘과 소말리아에서 알카에다 연계 테러조직과 소말리아 해적 활동이 증가하고 있어 지부티에 미국, 프랑스, 유럽연합, 일본 등의 군병력 7,000여명이 주둔
□ 치안상황 (일반범죄 등)
ㅇ 중동ㆍ유럽ㆍ아프리카 문화가 공존하는 국가로 외국인에 대해 친근감과 정부의 강력한 경찰력으로 치안상황이 여타 아프리카 국가 대비 안정적인 편이나, 실업률이 60%에 이르고 소말리아ㆍ에티오피아ㆍ예멘 피난민들에 의한 외국인 여행객을 대상으로 한 범죄발생 가능성이 높은 편
ㅇ 지부티 거주 외국인들은 주거지역내 절도 방지를 위해 사설 경비를 고용하고 있으며, 현지 경찰들은 차량 내 가방을 방치하지 말고, 차량 도어를 반드시 잠글 것을 권고
사건ㆍ사고의 유형
□ 빈번한 사건·사고 유형 및 대처요령
ㅇ 대부분의 도로에 중앙선이 구분되어 있지 않고, 양방향 주행이 보편화되어 교통사고가 빈번하게 발생, 여행객들은 운전자 포함 렌트카 이용 권고
- 시내주행은 세단으로 가능하나 시외는 비포장도로이므로, SUV 이용 필요
ㅇ 무단횡단이 보편화되어 있고, 낙타ㆍ당나귀ㆍ양 등 가축들의 도로 횡단이 잦으므로 운전시 각별히 유의 요망
ㅇ 사진촬영 전에는 반드시 양해를 득하고 촬영해야 하며, 촬영 후 돈을 요구하는 경우도 종종 발생하니, 사전 확인 필요
ㅇ 종종 시내에서 구걸하는 사람들에게 선심성 돈(1-2$)을 건네면, 다수의 걸인이 모여 들어 안전 위해 상황이 조성될 수도 있으므로 가급적 돈이나 담배를 요구하더라도 자제하는 것이 바람직
ㅇ 단독 여행 삼가, 2인 이상 여행을 권고하며, 사건ㆍ사고 발생시 현지 경찰 안내에 따라 행동
- 일부 외국인들이 사고발생시 현지인들이 삼삼오오 모여들어 위협을 느껴 사고현장을 이탈, 추가적인 문제가 발생된 사례가 있었던 바, 유사시 당황하지 말고 차분히 현지 경찰의 도움 요구
유의해야할 지역
□ 주의해야 할 곳
ㅇ 지부티는 이슬람 국가이나 외국인에게 음주를 판매하고 있으며, 시내 주변에 다수의 나이트클럽, 식당, 주점이 성업 중임
- 대부분의 클럽이 노후 건물 지하에 위치하고 있어 지진발생시 붕괴위험이 크고, 유흥업소 여성(다수가 에이즈 보균자)의 성매매 호객행위가 심하므로 각별히 주의 필요
ㅇ 다운타운 인근지역에 피난민 집성촌이 위치하고 있으므로 출입하지 않도록 하고, 자가 운전시 차량 소통이 많은 도로를 사용하고 간선도로 이용은 자제 요망"
짐바브웨,Zimbabwe,ZW,아프리카,2023-11-24,"사건ㆍ사고 현황
□ 정정 상황
ㅇ 짐바브웨 정부 여당과 야당간의 정치적 대립, 서방세계의 짐바브웨에 대한 경제지원 중단 및 각종 제재 등으로 인해 경제가 어려운 실정이며, 코로나19 사태 이후 서민경제가 더욱 어려워져 강도사건 발생이 증가하는 등 다소 치안이 불안정한 상황입니다. 다만 반정부 시위나 폭력, 테러 등은 거의 발생하지 않는 편이며 시민들의 일상적인 생활 역시 평온한 측에 속합니다.
□ 치안 상황
ㅇ 짐바브웨는 지난 수년간 서방 국가의 경제재재로 인한 경제악화로 일반국민들의 생활고 가중 및 실업자증가로 강도 및 절도 피해가 발생하고 있으니 유의하시기 바랍니다.
- 일몰 후에는 외부출입을 자제하시기 바라며, 특히 야간(저녁무렵)에는 신호대기중인 차량의 운전석 옆 창문을 깨뜨리고 물건을 탈취하는 사건이 종종 발생하니 유의하시기 바랍니다.
- 공공장소, 레스토랑 등에서 휴대폰을 테이블 위에 올려놓거나 가방을 바닥에 내려 놓으면 도난의 위험이 있습니다
사건ㆍ사고의 유형
ㅇ 짐바브웨 내에서 신용카드 사용 후, 남아공 등지에서 카드가 결제 되는 범죄가 자주 발생하고 있으니 짐바브웨 내에서는 가능한 카드 사용을 자제하여 주시기 바랍니다. 또한 국내에서 사용하던 휴대폰을 분실 후 국내에 바로 분실 신고를 하지 않으면 범죄에 연루될 수 있으니 주의하시기 바랍니다. (신용 카드는 대형 호텔등에서만 사용 가능)
- 일반적으로 현금이 통용되니, 외부 외출시에는 소액의 현금 준비 필요(범죄 대비 다량 소지 금지)
[다이아몬드 등 보석, 광물사기 유의]
ㅇ 현지인들이 외국인에게 다이아몬드(보석으로서의 가치가 없는 공업용 다이아몬드가 많음) 판매목적으로 길거리 등에서 접근하는 경우가 있으나, 다이아몬드 밀매는 형사 처벌 대상이니 현혹되지 않도록 주의하시기 바랍니다.
ㅇ 보석류와 일반 광물은 무단 반출 금지 품목이니 유의하여 주시고 거래가 금지된 야생동물의 가죽 제품(상아 포함) 또한 구매 및 반출을 하지 않아야 합니다.
[사건(사고)발생시 대처법]
ㅇ 사건, 사고 발생 시 즉시 경찰서에 신고하시되 대사관에도 동시 신고하여 가능한 범위 내에서 영사조력을 받으시길 바랍니다.
ㅇ 사건, 사고(강도, 절도)가 발생하여 경찰에 도움을 요청하더라도 차량(유류)부족 등을 핑계로 지연되거나 오지 않은 경우가 있으며, 실제 출동하더라도 도움을 받는 경우가 별로 없습니다. 따라서 사전에 범죄가 발생하지 않도록 예방하시는 것이 더욱 중요합니다.
ㅇ 최근 재외국민들의 사건, 사고들이 피해 발생으로 경찰서에 신고된 후 단 한건도 해결된 바가 없으므로 사전에 범죄가 발생하지 않도록 유의하시기 바랍니다.
자연재해
ㅇ 우기 철에는 큰 규모의 천둥과 번개를 동반한 폭우가 있으므로 운전시나 보행 시에 각별한 주의를 요구합니다.
ㅇ도심지에는 우기철 벼락으로 나무나 오래된 가로등이 넘어지면서 차량이나 집, 행인을 덮치는 사고가 종종 발생하고 있으니 주의 바랍니다.
유의해야할 지역
ㅇ 타운쉽(현지인 밀집지역)의 음식점, 주점, 정류장에서는 소매치기 사건이 빈번하게 발생되고 있으니 소지품 관리에 유의하시기 바랍니다.
ㅇ특히, 현지인이 자주 찾는 대형 노천시장(움바레 시장 등)에서는 신변 및 소지 물품 안전에 늘 주의하셔야 합니다.
ㅇ현지인이 말을 걸면서 주의를 끌거나 신체적 접촉을 통해 불쾌감을 유발 후 제 3 자가 소지품을 훔치는 것이 일반적이기 때문에 길에서 특히 조심하셔야 합니다."
차드,Chad,TD,아프리카,2022-08-04,"사건ㆍ사고 현황
[테러, 인질 등에 대한 상황 및 정세]
ㅇ 1960년대 북부 이슬람계와 남부 기독교계 중앙정부 간의 내전 이래 현재까지도 정세, 치안 불안정 상태가 계속되고 있으며, 인접국 중앙아프리카공화국과 수단의 Darfur 분쟁사태로 난민이 대거 차드에 유입되어 치안이 극히 불안한 상태입니다.
ㅇ 차드 동부 지역과 차드-중앙아프리카공화국 국경 지역에서는 무장 반군이 활발히 활동 중이기 때문에 극히 위험하며 차드 정부는 전국에 걸쳐 방문객의 안전을 보장할 능력이 부족하므로 주의가 필요합니다.
- 최근 Idriss Deby 대통령이 사망하고 군사과도위원회가 설치되는 등 불안정한 정세 및 치안 상황이 유지되괴 있습니다.
ㅇ 특히, 최근에는 보코하람의 소행으로 추정되는 폭탄테러가 수도 은자메나 등지에서 연이어 발생하여 수많은 인명피해를 낳고 있으며, 차드 치안당국은 이에 효과적으로 대응하지 못하고 있어 앞으로도 유사 폭탄테러의 추가 발생이 우려되고 있습니다.
[범죄현황 등 치안상태]
ㅇ 미국, 유럽인을 비롯하여 외국인들은 부자라고 여겨지기 때문에 특별한 주의조치를 취해야 합니다. 여행시 수수한 복장을 하시길 권장드리며, 비싼 장신구 착용등을 통해 인상착의가 눈에 띄는 행동을 지양하시는 것을 권장합니다. 특히 일몰 후 외출을 삼가시고 자동차 이동시 자동차 문을 꼭 잠그시기 바랍니다. 호텔방에 귀중품이나 현금을 두고 나오는 것을 주의하시기 바랍니다.
ㅇ 외국인이 많이 모이는 지역에서 날치기, 소매치기, 차량내 물건 절도 등 소소한 범죄가 자주 일어나고 있습니다. 무장세력의 활동과 난민의 유입으로 치안이 불안해진 차드 동부 지역에서 외국인을 대상으로 한 강력 범죄가 상당히 우려되오니 동 지역의 방문도 삼가하시기 바랍니다.
ㅇ 정치적으로 불안정한 시기에는 노상 자동차 강탈, 절도, 자동차 절도 등 사건이 많이 발생합니다. 외국인 거주지는 무장강도의 목표가 되기도 하며 일부 외국인이 그 과정에서 공격 받은 사례도 있으니 조심하시기 바랍니다.
사건ㆍ사고의 유형
[교통사고 및 안전사고]
ㅇ 차드에서는 교통사고에 특히 주의해야 합니다. 전역에 걸쳐 난폭 운전, 운전자와 보행자의 교통안전 의식 희박, 교통 안전시설 부재 등 교통 무질서로 인한 교통사고가 빈발하며, 사고시 양호한 의료서비스를 받기가 쉽지 않고, 보상도 기대할 수 없는 실정입니다.
ㅇ 교통사고가 났을 경우에는 군중에 의한 폭언·폭행의 우려가 있으므로 차에서 나오지 말고 경찰이 올 때까지 기다려야 합니다.
ㅇ 따라서, 사전 국내에서 여행자 보험 가입을 추천하며 여행중에 항상 교통안전에 주의를 당부드립니다.
ㅇ 대도시 시내가 아닌, 교외나 지방의 한적한 도로의 경우 군경 제복으로 위장한 강도가 검문을 요구하여 정차시킨 다음 강도로 돌변하는 경우가 많다고 하므로, 시내 이외 지역에서의 자가운전·여행은 하지 말아야 합니다.
ㅇ 차량 고장시 등 비상시에 서비스를 받을 수 없으므로 극도로 조심해야 하며 비상시에는 지나가는 사람의 호의에 의존할 수밖에 없습니다. 운전자들은 여행할 때 항상 좌석벨트를 매야 하며, 타이어 여분을 갖고 다녀야 합니다. 수도 밖의 지역을 여행할 경우에는 충분한 식수를 준비해야 하며, 주유소를 찾기가 쉽지 않기 때문에 자동차 연료도 반 이상 채워놓은 상태를 유지해야 합니다. 비상시에 도로변 노점에서 휘발유를 구입할수도 있으나, 일반적으로 낮은 품질의 휘발유이므로 주의하시길 바랍니다.
자연재해
ㅇ 우기동안 열대성 소나기가 자주 내려서 대도시 교외 및 지방의 비포장도로 차량 운행이 매우 위험하고, 낙뢰의 위험도 있습니다.
ㅇ 건기동안 모래바람(황사)이 불어와서 호흡기 질환을 유발하곤 합니다.
유의해야할 지역
ㅇ 지난 수 년간 차드 동부 지역 Abeche시에서 활동하는 인도적 지원 인력을 대상으로 한 범죄가 급격하게 증가한 바 있습니다.
ㅇ 비교적 치안이 좋은 수도에서도 주야간을 막론하고 소매치기, 도난, 강도 , 분실 등 많은 사건이 발생하고 있습니다. 특히 사람들이 많이 모이는 도심, 시장 등은 단독방문을 추천하지 않으며 꼭 현지사정에 밝은 안내인과 동행하시길 바랍니다.
ㅇ 차드 동부지역과 차드-중앙아프리카공화국 국경 지역을 비롯 수단 인접 지역 등 많은 지방에서 무장세력의 활동이 빈번할 정도로 치안이 좋지 않습니다. 수도를 벗어난 지방여행은 절대 금물이니 주의하시길 바랍니다."
체코,Czech,CZ,유럽,2023-11-24,"사건ㆍ사고 현황
ㅇ 우리국민 방문객이 매년 크게 증가하고 있는 가운데, 우리국민이 사건ㆍ사고 피해를 당하는 사례가 지속 증가하고 있습니다.
ㅇ 이중 관광객을 대상으로 한 절도/소매치기 피해 또는 관광객 본인의 부주의로 인한 소지품 분실 사례가 90% 이상을 차지하고 있어, 이에 대한 주의가 요구됩니다.
사건ㆍ사고의 유형
ㅇ 관광지가 많은 당지 특성상 절도/소매치기 피해가 많이 발생하고 있는바, 주요 유형은 아래와 같습니다.&nbsp; &nbsp;
&nbsp;- 피해자가 식당이나 커피숍 등지에서 가방이나 소지품을 두고 자리를 비우는 사이 동 물건을 가져가는 행위
- 피해자가 열차내 선반 위, 수하물 칸에 가방이나 짐을 두고 잠이 들거나 주의가 소홀한 틈을 타서 동 물건을 절취하는 행위
- 피해자가 사진 촬영을 위해 바닥에 내려둔 소지품이나 가방을 가져가는 행위
- 여러명이 역사나 정거장 등에서 피해자에게 접근하여 짐을 들어주겠다고 실랑이를 하거나, 복잡하지 않은 거리에서 말을 걸거나 신체 접촉을 시도하여 주의를 분산시킨 후, 소매치기를 하는 행위
- 주차된 차량 유리창을 깨고 가방이나 소지품을 가져가는 행위
- 호객행위를 통해 유흥업소로 안내한 후 과다비용을 청구하는 행위 등
자연재해
ㅇ 2013년 6월 보헤미아 지역에서 발생한 홍수(8명 사망, 4명 실종) 이외에는 자연재해가 거의 발생한 바 없습니다.
ㅇ 풍토병이나 전염병 등도 거의 발생한 바 없으나, 모기를 매개로 한 웨스트나일바이러스 감염이나 진드기 등이 옮을 가능성도 있으므로, 캠핑이나 수상스포츠시 이를 유의하실 필요가 있습니다.
유의해야할 지역
ㅇ 체코는 유럽내에서도 치안상태가 우수한 국가에 속하며, 우범지역이나 슬럼이라고 할 수 있는 곳도 거의 없습니다.
ㅇ 다만, 주요 관광명소, 기차역/버스터미널 등 왕래가 잦고 다중이 밀집할 수 있는 지역에서는 절도와 소매치기, 도난사고가 빈발하고 있다는 점을 유의하시기 바랍니다.
[소매치기 및 절도 유의 지역 : 프라하 지역]
ㅇ 프라하 성, 찰스다리, 틴성모성당, 천문시계탑 등 구시가 광장
ㅇ 바츨라프 광장 인근 KFC, 맥도날드, 식당, 호텔
ㅇ 중앙역(흘라브니 나드라지), 시외버스터미널, 지하철역(무스텍, 뮤지엄, 플로렌츠역 등)
ㅇ 트램, 버스, 지하철 등 대중교통 수단내
[소매치기 및 절도 유의 지역 : 체스키 크룸로프 지역]
ㅇ 체스키 크룸로프성, 비투스교회, 라트란하우스 등"
칠레,Chile,CL,미주,2025-06-30,"사건ㆍ사고 현황
[치안상황]
ㅇ 살인 강도 등의 강력사건은 많지 않으며, 중남미 다른 국가에 비해 상대적으로 치안수준이 좋은 편이나, 시내 중심가의 관광객 밀집장소, 기차역과 버스터미널에서는 소매치기가 많습니다.
ㅇ 최근에는 부유층 거주지역과 밀집상업지역에서도 가게털이, 빈집털이, 차량강도 등이 늘어가고 있는 추세로 점차 치안상황이 악화되어가는 추세입니다.
ㅇ 타국가(페루, 볼리비아, 콜롬비아 등)에서 노동자들의 유입이 증대되면서 범죄가 많아지고 있으며, 특히 최근 들어서는 총기 강도, 화물컨테이너 탈취, 대규모 절도, 폭탄 테러 등 대형 범죄가 종종 발생하고 있습니다.
사건ㆍ사고의 유형
ㅇ 버스터미널에서 짐 싣는 것을 도와준다면서 훔쳐가는 행위
ㅇ 식당, 대합실 등 공공장소에서 놓여있거나 걸려있는 가방이나 짐을 훔쳐가는 행위
ㅇ 사람이 많은 곳에서 가방, 휴대폰, 카메라를 채어가는 소매치기
ㅇ 택시를 타고 내릴 때 짐을 가지고 그대로 도망가는 경우
ㅇ 조수석에 앉아 있을 때 무릎에 핸드백이나 귀중품을 두는 경우, 차량 정차 중 순식간에 창문을 파손하고 집어가는 경우
ㅇ 주차된 차량 내부에 귀중품이 보일 경우, 창문을 파손하고 훔쳐가는 행위
ㅇ 아파트나 주택의 주차장에 앞차를 따라 들어가서 차량을 절도하는 행위
ㅇ 취약시간대(주말, 야간) 장비를 동원해서 잠긴 문을 부수거나 벽을 털고 가게를 통째 털어가는 경우
자연재해
ㅇ 2010년 2월 중남부 콘셉시온(Concepción) 대지진(8.8도)
- 대규모 인명 및 재산 피해 발생(이재민 50만, 사망자 525명, 실종자 25명 등)
ㅇ 2014년 4월 북부 이끼께(Iquique) 지진(8.2도)
ㅇ 2015년 남부 비야리까(Villarica) 화산과 깔부꼬(Calbuco) 화산 폭발
ㅇ 칠레는 중남부에서 북부지역까지 대부분의 지역이 지진대에 위치하고 있어 매일 크고 작은 지진이 끊이지 않기 때문에 항상 지진에 대한 대비를 하고 있어야 합니다.
유의해야할 지역
ㅇ 산티아고(Santiago) : 아르마스 광장(Plaza de Armas), 산따루시아 언덕(Cerro Santa Lucia), 빠뜨로나또(Patronato) 지역, 베야비스따 (Bella Vista), 베가시장(Vega Mercado), 이탈리아 광장(Plaza de Italia), 축구경기장 인근 등 유동인구가 많고 번잡하고 군중이 모이는 장소
ㅇ 발파라이소(Valparaiso) : 유명 관광지로 버스터미널, 전망대 등에서 관광객 대상 소매치기 횡행하고 있습니다.
ㅇ 칼라마(Calama) : 아따까마 사막을 여행할 때 들르는 도시로 특히 버스터미널에서 소매치기가 극성부리고 있습니다.(버스 내에서 짐을 실어준다고 하는 사람, 제복을 입은 사람 등은 대부분 소매치기 일당임)"
카메룬,Cameroon,CM,아프리카,2025-05-21,"사건ㆍ사고 현황
[테러, 인질 등에 대한 상황 및 정세]
ㅇ 2015년 이후 카메룬 최북부(Extreme Nord)주 일부 마을에서 나이지리아 소재 테러단체인 보코하람의 여행객 피랍, 폭탄테러등이 수시로 발생하고 있어 해당 지역은 정세불안은 물론, 경제활동까지도 많이 위축되고 있습니다.
ㅇ 아울러, 2016년 처음 발생한 영어권 지역(북서부주,남서부주)의 소요사태가 2018년 하반기 이후 매우 악화되어 사실상 무장투쟁 성격이 되었으며, 카메룬의 전반적 치안 상태가 최근 들어 매우 악화된 상황입니다.
ㅇ 경제난으로 인해 2016년부터 IMF로부터 구제금융도 받고 있으며, 이러한 경제난,보코하람의 테러 위협, 영어권 사태로 인한 정치·사회 혼란 등으로 인해 카메룬 여행을 계획하시는 분은 해외여행 안전정보를 포함하여 카메룬 뉴스를 점검하여 정치·경제 상황을 미리 확인해 보시는 등의 세심한 주의를 요합니다.
[범죄현황 등 치안상태]
ㅇ 카메룬 치안상황은 양호하지 못하여 흉기로 무장한 노상강도, 주거침입 강도 사건이 두알라, 야운데를 비롯한 주요 도시에서 자주 일어납니다. 동양인은 현금을 많이 지참하고 다닌다는 소문 때문에 노상강도의 표적이 되기 쉬우므로 낮이라도 혼자서 거리를 다니는 일을 삼가야 합니다. 낮시간에 외출할 경우에도 반드시 현지 사정을 잘 아는 신뢰할 수 있는 사람을 동행해야만 합니다. 야간 외출은 매우 위험하여 현지인들조차 삼가고 있으므로 하지 말아야 합니다. 야간중 숙소의 모든 출입문, 창문을 잘 잠그고 있어야 합니다.
- 특히 최근에는 영어권 사태, 경제 상황 악화 등으로 무장 강도(총기 강도 포함) 발생 빈도가 높아 각별한 주의가 요구됩니다.
ㅇ 강도를 만났을 경우 돈을 얻으면 신체적 위해를 가하지 않고 달아나는 경우가 많다고 하므로, 저항하지 말고 즉시 지갑을 내어 주어 신체적 위해를 피해야 합니다. 따라서 많은 현금은 휴대하지 말고 만약의 경우 안전을 위해 일정액을 소지하고 있어야겠습니다. 참고로 카메룬 현지화 50,000 세파프랑 (약100불)은 민간분야 노무직 노동자 대다수의 1개월 보수에 해당하니, 참고해주시기 바랍니다.
사건ㆍ사고의 유형
[교통사고 및 안전사고]
ㅇ 카메룬에서는 교통사고에 특히 주의해야 합니다. 전역에 걸쳐 도로상태 불량, 난폭운전, 운전자와 보행자의 교통안전 의식 희박, 교통 안전시설 부재 등 교통 무질서로 인한 교통사고가 빈발하며, 사고시 양호한 의료서비스를 받기가 쉽지 않고, 보상도 기대할 수 없는 실정입니다.
ㅇ 교통사고가 났을 경우에는 군중에 의한 폭언·폭언의 우려가 있으므로 차에서 나오지 말고 경찰이 올 때까지 기다려야 합니다.
ㅇ 따라서, 미리 국내에서 여행자 보험 가입을 추천하며 여행 중에 항상 교통안전에 주의를 당부드립니다. 해가 진 이후 시간대에 운전은 가급적 삼가시길 권장합니다.
ㅇ 대낮에 시내의 큰 도로에서조차 소총(실탄 장전)으로 무장한 군·경이 차량검문을 하다가 은연중 금전을 요구하는 경우가 있습니다. 이들은 운전자와 승객에게 운전면허증,차량등록증, 보험증 또는 신분증(여권), 황열병 예방접종 증명서등의 제시를 요구하고 안전벨트 미착용 등의 문제도 지적하면서 시간을 끌다가 1,000~2,000 세파프랑(약 2~4불) 정도를 지불하면 보내주는 경우가 있습니다. 자가용이나 렌터카 외출시에는 신분증(여권), 운전면허증, 차량 등록증, 보험증 등을 미리 잘 준비해야 하며, 안전벨트를 착용하고 교통법규를 준수하는 등 경찰에게 잡힐 빌미를 제공하지 말아야 합니다.
* 검문요구를 무시하고 지나가려 할 경우 차량타이어 등을 겨낭하여 실제로 발포한다고 하므로 검문요구가 있을 경우에는 일단 응하여야 합니다.
* 대도시 시내가 아닌, 교외나 지방의 한적한 도로의 경우 군경 제복으로 위장한 강도가 검문을 요구하여 정차시킨 다음 강도로 돌변하는 경우가 많다고 하므로, 시내 이외 지역에서의 자가 운전·여행은 삼가시기 바랍니다.
자연재해
ㅇ 우기에는 열대성 소나기가 수시로 내려서 대도시 교외 및 지방의 비포장도로는 차량 운행이 매우 위험하고, 낙뢰의 위험도 있습니다.
ㅇ 건기(특히 12월-3월)에는 카메룬 북방 사하라 사막으로부터 카메룬 전역으로 모래바람(황사)이 불어와서 호흡기 질환을 유발하곤 합니다.
ㅇ 공관소재지 카메룬 수도 야운데의 300Km 서쪽방면에 위치한 해발 4,030m의 카메룬산은 활화산으로, 지난 1999년 4월 폭발하여 대규모 용암 분출과 함께 지진이 발생한 적이 있었습니다.
유의해야할 지역
ㅇ 수도 야운데 및 최대경제도시 두알라 시내에서도 주야간을 막론하고 현지 사정에 어두운 외국인이 안내인 없이 안심하고 다닐 수 있는 곳은 없습니다.
- 아프리카 여타 국가에 비해 비교적 치안이 안정되어 있다는 과거의 평과 달리 2015년 이후 보코하람 사태, 영어권 소요사태, 경제난 가중 등으로 치안이 점차 불안해지고 있습니다.
- 특히 재래시장 등의 많은 사람들이 모이는 곳은 단독으로 방문하시는 것은 바람직하지 않습니다.
ㅇ 야운데, 두알라 등 대도시 이외의 지역으로 여행은 권장되지 않습니다. 야운데-두알라간 연결 도로는 왕복 2차선이지만 포장되어 있고 상대적으로 치안상태가 안정되어 있습니다. 그러나, 도로 굴곡이 심하고 도로가 심각하게 파인 부분도 많아 정면충돌 등 교통사고가 빈발하므로 야간 운행은 삼가야 합니다.
ㅇ 카메룬 서부 나이지리아 접경 지역은 영어권 소요사태, 보코하람 출몰 등으로 인해 여행경보 3단계 (적색경보, 출국권고) 지역으로 지정되어 있어, 가급적 방문하지 마시기 바랍니다. 더욱이 거의 포장되지 않은 도로 사정에다가 무장강도가 자주 출현하는데, 특히 2008년 8월 나이지리아에서 카메룬으로 반환된 바카시(Bakassi) 반도 지역은 나이지리아계 민간 무장세력에 의한 심각한 테러 위험에 여전히 노출된 지역입니다.
ㅇ 카메룬 북·동부에 위치한 차드 및 중앙아프리카공화국 접경지역도 위험하기는 마찬가지입니다. 카메룬 북방으로 향하는 Garoua-Boulai, Meinganga 경유 동쪽 도로 및 Bamenda-Banyo축을 연결하는 서쪽 도로 모두 자동차 탈취, 강도 사건이 자주 발생한다고 알려져 있습니다."
카보베르데,Cape Verde,CV,아프리카,2023-11-24,"사건ㆍ사고 현황
[내전, 테러(피랍)사건 등 동향]
ㅇ 카보베르데는 1975년 포르투갈에서 독립한 이후 1991년 사하라 이남에서는 최초로 민주선거를 통한 평화적 정권교체를 실현할 정도로 안정적인 정치 체제를 유지하고 있어 특별한 정세 불안요인이나 주목할 만한 정치 이슈는 없는 상황이나, 2021년 총선과 대선이 각각 4월, 10월에 예정되어 있으므로 안전 유의 필요
- 특히, 카보베르데는 2007.11월 EU와 특별동반자관계 협정 체결, 2007.1.1 최빈국 지위 졸업, 2008.8월 세계무역기구(WTO) 가입절차 완료 등 조치를 통해 경제개혁을 적극적으로 추진하고 글로벌 경제로의 통합을 가속화하고 있는 등 경제적으로도 상당한 발전을 이룩
[범죄현황 등 치안상태]
ㅇ 현재 카보베르데에 거주하고 있는 우리 교민이 거의 없는 상황이고, 대사관도 세네갈 다카르에 주재하고 있어 일상적인 범죄 발생 소식은 정확히 파악하기 어려우나, 유럽 관광객들이 많이 방문하고 있는 점을 고려하면, 외국인 관광객을 대상으로 한 소매치기, 절도, 사기 등 가능성은 있는 것으로 파악
[특히 주의해야 할 사항]
ㅇ 카보베르데는 다양한 섬으로 구성된 섬나라이므로 섬간 이동 수단으로 경비행기 및 배가 주로 사용되고 있으므로 섬간 이동시 항공기나 선박 사고에 주의하여야 하며, 최근까지 남미 마약조직이 유럽으로 향하는 마약 운송 거점으로 이용하였던 점에 유의하여 모르는 사람들로부터 화물 운송 요청을 받는 경우 동 운송 물품이 마약임을 일단 의심하고 이러한 요청은 분명히 거절 필요(간단한 화물 운반인줄 알고 동 요청을 들어주다 마약 단속 당국에 마약이 적발되면 강력한 처벌을 받음)
자연재해
ㅇ 카보베르데에는 특별한 자연 재해는 없는 것으로 알려져 있으나, 섬 국가인 특성상 겨울철에는 강한 바람이 불며 아직도 활화산이 있어 화산 폭발 가능성이 있음(1995년에 Fogo 화산의 활동이 있었음)"
카자흐스탄,Kazakhstan,KZ,유럽,2023-11-24,"사건ㆍ사고의 유형
[치안일반]
ㅇ 카자흐스탄 내 치안은 다소 좋지 못 한 편이므로 항상 스스로 신변안전에 주의할 필요가 있습니다.
[납치사건]
ㅇ 그리고 2009년 4월에는 현지인이 우리 교민을 납치하여 몸값을 요구한 사건이 발생한 적도 있었는데, 다행히 납치되었던 우리 교민은 무사하였고, 납치범들은 검거가 된 사건이나 향후에도 돈을 목적으로 하는 유사한 사건이 발생 할 가능성이 있으므로 주의가 요구됩니다.
[총격사건]
ㅇ 2011년 5월 새벽 알마티 우리교민이 현지인으로부터 총격을 받고 치료 도중 며칠 후 사망한 사건이 있었습니다. 카자흐는 총기 소유가 불법이나 총기를 소유하고 있는 현지인들이 많이 있는 것으로 알려져 있으므로 각별한 주의가 필요합니다.
[불법영업택시]
ㅇ 카자흐는 일반 승용차가 불법 택시 영업을 많이 하고 있어 이러한 불법 택시를 이용하는 경우 강도 등의 피해를 당할 가능성이 높습니다. 특히 야간에 동행인 없이 만취한 상태에서 이러한 불법 택시를 이용하는 것은 매우 위험하기 때문에 각별히 유의하여야 합니다. 이러한 불법 영업 택시를 이용할 수밖에 없는 상황인 경우에는 지인이 차량번호 등을 메모하는 등의 조치를 취하는 것이 바람직합니다.
[교통사고 및 안전사고]
ㅇ 카자흐스탄의 도로에는 중앙선 등 차선이 보이지 않는 곳이 많으며, 도로 상태도 나쁘기 때문에 과속을 하는 경우 교통사고의 위험이 매우 높고, 사고가 나는 경우 대형사고로 이어질 확률이 높습니다.
ㅇ 또한 운전 문화가 우리와는 다르고, 현지인들은 대체로 운전을 거칠게 하기 때문에 교통사고 방지를 위해서는 방어운전이 필수입니다.
ㅇ 보행인의 도로 횡단시 서구와 달리 차량이 보행인에게 잘 양보하지 않으며 신호등이 완전히 바뀌기 전에 차량이 출발하는 경우가 자주 있으므로 신호등과 차량 이동 여부를 확인 한 후 보행하여야 합니다.
ㅇ 교통사고 발생 시에는 일단 교통경찰이 출동할 때까지 현장을 보호하여야만 정상적인 교통사고 처리절차를 진행시킬 수가 있습니다. 교통경찰이 오기 전에 미리 사고현장에서 차량을 이동하는 경우 본인이 피해자라 하더라도 가해자로 몰릴 수 있습니다.
자연재해
ㅇ 산지가 많은 카자흐스탄 동부 지역에는 동절기에 쌓인 눈이 3-5월에 녹으면서 저수지나 댐이 범람하여 제방이 무너지는 등의 재해가 종종 발생하므로 춘절기에는 이러한 지역의 방문을 자제하는 것이 좋습니다.
ㅇ 알마티는 지난 2011년 5월 진도 5.7의 지진이 발생하였으며, 2013년 2월 알마티 인근 카자흐스탄과 키르기스스탄 국경근처에서 진도 4 규모의 지진이 발생함. 알마티는 유라시아판과 인도판 지진대의 경계에 있어 평소 지진 발생에 대비하는 자세가 필요합니다.
유의해야할 지역
ㅇ 사람이 많이 모이는 전통시장(바자르), 역앞 등에는 소매치기들이 많으므로 소지품 관리에 주의하여야하며, 야간에는 주택가 도로나 골목 등이 어둡기 때문에 가능한 혼자 또는 야간 외출은 삼가야 합니다."
카타르,Qatar,QA,중동,2023-11-24,"사건ㆍ사고 현황
[자연재해, 내란, 테러 등에 대한 상황 및 정세]
ㅇ 심각한 지진, 홍수 등의 대형 자연재해가 최근에 발생한 사례는 없습니다.
ㅇ 동절기에 비가 많이 내리면 배수시설이 발달하지 못해 도로가 침수되는 경우가 있으므로 외출 및 운전을 삼가는 것이 바람직합니다.
ㅇ 최근 카타르에서 테러가 발생한 사례는 없습니다. 하지만, 미 공군기지가 주둔하고 있는 등 미군이나 외국인 대상 잠재적 테러 가능성은 상존한다고 볼 수 있으므로 최소한의 안전수칙 등은 지키도록 권고합니다.
ㅇ 정치적으로 강력한 왕권을 바탕으로 국내 정세가 비교적 안정되어 있고, 치안상태도 양호하여 일반적으로 여행객의 안전을 위협할 만한 요소는 많지 않습니다.
[치안상태(일반 범죄 등)]
ㅇ 여행객들이 많이 찾는 호텔, 대형 쇼핑센터 등 도하 시내 전반에 걸쳐 치안은 매우 양호한 편입니다.
ㅇ 외국인이 다수(80% 이상)를 이루는 인구구조 및 강력한 치안․출입국정책으로 외국인에 대한 혐오 및 연관 범죄는 많지 않다고 볼 수 있습니다.
사건ㆍ사고의 유형
ㅇ 차량 접촉 사고 등 : 과속 주행, 끼어들기 등 난폭운전으로 인한 차량 접촉사고가 자주 발생하므로 차량 운전 시 방어운전 및 안전 운행 등의 각별한 주의가 필요합니다.
ㅇ 음주운전 : 이슬람국가로서 음주가 엄격히 금지되어 있고, 외국인 거주자가 많아짐에 따라 대개 주말에 음주운전을 단속하고 있습니다. 특히 사고발생시 음주운전이 발견될 경우 엄중히 문책되며, 바로 입건 또는 추방되므로 음주운전을 하지 않도록 각별히 주의해야 합니다.
ㅇ 사진촬영 문제 : 국가기관, 관공서, 군사시설, 대사관 등 대부분의 공공기관이 사진촬영 금지구역이며, 사진 촬영 시 구금될 수 있으므로 특별한 주의가 필요합니다.
기타
ㅇ 소규모의 상점을 제외하고는 대부분의 상점에서 신용카드가 통용되며, 외국인 손님을 노린 금전사기 사례는 거의 보고되지 않고 있습니다.
유의해야할 지역
ㅇ 도하 시내 전반에 치안이 특별히 열악한 지역은 없다고 볼 수 있습니다. 단, 제3국 노동자들이 밀집하는 시내 교통중심지(전통시장 Souq Waqif 근처)는 상대적으로 주의를 요할 필요가 있습니다.
ㅇ 수도인 도하에 대부분의 인구와 시설이 밀집되어 있어서 교외지역을 방문하는 경우는 많지 않으나, 교외지역 치안 역시 양호한 편입니다."
캄보디아,Cambodia,KH,아주,2025-05-21,"사건ㆍ사고의 유형
ㅇ 시장이나 터미널 등 많은 인파가 밀집한 장소뿐만 아니라 도로보행 중 또는 툭툭이나 오토바이 등의 대중교통을 이용하는 중에도 날치기, 소매치기 등의 절도범죄가 발생하고 있으니,소지품 관리에 유의하시기 바랍니다.
ㅇ 주재국 명절을 전후하여 야간에는 도심지 골목길 또는 외곽지역에서 외국인 승객을 대상으로 하는 강도행위가 발생하고 있으며, 권총을 이용한 범죄행위, 부녀자를 대상으로 하는 성범죄도 발생하고 있으므로 야간에는 가급적 외부 출입을 삼가해 주시기 바랍니다.
ㅇ 캄보디아는 가축이 도로를 횡단하는 경우가 많고, 왕복 2차선 도로의 곳곳에서 무리하게 추월하는 차량으로 인한 사고의 위험이 매우 높습니다. 또한, 일부 도심지를 제외하고는 가로등이 거의 설치되어 있지 않아 운전시 시야확보하 어려워 야간에 국도를 운전하는 것은 매우 위험하므로 가급적 야간 국도운전은 피하시기 바라고 본인 뿐만 아니라 타인에게까지 큰 피해를 줄 수 있는 음주운전을 하시지 말기 바랍니다.
ㅇ 캄보디아에는 불법 유통되고 있는 총기류가 많고 총기를 휴대하고 다나는 사람들이 있어 사소한 시비가 총격전으로 비화되는 일이 간혹 발생하고 있습니다. 2013년에도술집에서 사소한 시비로 인해 부상당하는 사례가 발생했습니다. 이런 점을 유념하여 캄보디아 체류하는 동안에는상대방의 잘못을 심하게 질책하거나 욕설을 하는 행위는 삼가는 것이 좋습니다.
자연재해
ㅇ 캄보디아는 비가 자주 내리는 우기(5월-11월 사이)에 낙뢰로 인한 사상자가 많이 발생하고 있습니다 낙뢰 피해는 주로 도심지 외곽이나 농촌지역의 나무 밑이나 호수 주변에서 많이 발생하고 있으므로 우기에 캄보디아를 여행하시는 분은 낙뢰로 인한 사고에 유의하시기 바랍니다.
ㅇ 캄보디아는 태풍 피해가 거의 없는 곳이지만, 우기에는 메콩강 수위가 높아지는 관계로 메콩강 인근 지대가 낮은 지역은 홍수 위험이 있음을 유념해야 합니다. 2013년 9월 30일 캄보디아 당국자에 의하면 28명이 홍수로 인해 사망했다고 합니다. 여행을 계획하시는 분들께서는 이 같은 사실을 유의하시기 바랍니다.
유의해야할 지역
[여행 통제 지역]
ㅇ 프레아 비헤아(Preah Vihear) 사원과 그 주변지역의 영유권을 둘러싸고 2008년부터 캄보디아와 태국 양국간 무력충돌이 간헐적으로 발생하고 있으며, 2011년 상반기에는 양국간 포격을 주고받는 심각한 무력충돌로 인해 수십 명의 사상자가 발생하기도 하였습니다.
ㅇ 이로 인해 태국 국경지역 중 프레아 비헤아사원과 인접한 프레아 비헤아(Preah Vihear)주와 오다 민쩨이(Oddar Meanchey) 주, 태국 국경지역인 반떼이 민쩨이(Banteay Meanchey), 바탐방(Battambang), 뿌삿(Pursat) 주 등 지역으로의 여행은 자제하여 주시기 바랍니다.
[소매치기 유의 지역]
ㅇ 프놈펜(Phnom Penh)에서는 외국인 주요 관광지인 왕궁(Royal Palace), 왓 프놈(Wat Phnom), 러시안 마켓(Russian Market), 소리아 백화점(Sorya Market), 소반나 백화점(Sovanna Market), 프싸 트마이(Central Market) 및 메콩강변 등에서 날치기 및 소매치기로 인한 피해가 빈발하고 있으니 소지품 관리에 유의하시기 바랍니다.
ㅇ 또한 이들 지역에서는 마사지를 받는 동안 탈의한 옷이나 가방 속 미화를 바꿔치기하는 사례, 가게에서 미화 100달러를 지불하는 경우 잔돈이 없다며 가짜지폐로 바꿔서 돌려주는 가짜지폐 바꿔치기 범죄가 자주 발생하고 있습니다.
ㅇ 또한, 캄보디아 최대 관광지인 시엠립(Siem Reap)지역에서는 호텔 및 식당 등지에서 외국인들의 주의가 소홀한 틈을 이용한 절도행위가 빈발하고 있으니, 호텔 투숙시 출입문과 창문의 잠금 상태를 반드시 확인하시고, 체크인 또는 체크 아웃시, 관광시에도 소지품 관리에 유의하여 주시기 바랍니다.
[강력범죄 다발 지역]
ㅇ 강력범죄는 주로 프놈펜과 시하누크빌에서 발생하고 있으며, 국경지역이며 카지노가 성행하는 포이펫이나 바벳과 같은 지역도 강력사건이 발생할 위험이 높은 지역입니다.
ㅇ 캄보디아에는 불법총기류가 많이 유통되고 있으며, 시하누크빌에서는 총기사망 사건이 꾸준히 발생하고 있고, 2021년 프놈펜 시내에서는 총기를 소지한 강도살인 미수사건이 발생하기도 하였습니다. 캄보디아는 야간에 경찰관이 거의 근무하지 않는 등 치안상태가 매우 열악하므로 위 지역에서는 야간 출입을 특히 자제하시고 현지인과의 다툼이 발생하지 않도록 유의하시기 바랍니다."
캐나다,Canada,CA,미주,2023-11-24,"사건ㆍ사고의 유형
□ 내란, 테러 등에 대한 상황 및 정세
ㅇ 캐나다의 경우 태풍ㆍ지진ㆍ홍수 등 천재지변이 거의 발생하지 않으며, 전쟁이나 내란의 가능성도 낮아 여행하기에 비교적 안전한 나라입니다.
[오타와]
ㅇ 오타와는 연방 행정수도이자 온타리오주에서 두 번째로 큰 도시로, 대체로 안정적인 편이며 내란 혹은 테러의 위험성이 크지 않은 편입니다.
[토론토]
ㅇ 토론토는 북미에서 4번째로 인구가 많고 캐나다에서 가장 큰 대도시로서 온타리오주의 주도입니다. 북미 내 대표적인 다문화 도시로서 여러 나라에서 온 이민자들이 그들 고유의 문화를 지키며 어울려 생활하고 있습니다.
ㅇ 다만, 2018년 토론토 노스요크 지역에서 차량 돌진테러(2018.4.23)로 한국인 2명을 포함하여 10명이 사망하고 16명이 부상을 당한 사건이 발생한 바 있으므로, 테러의 위험에 대해 유의해야 합니다.
* 위니펙
ㅇ 위니펙은 마니토바주의 주도로서 마니토바주 인구의 절반이 거주하며 캐나다 중앙에 위치하고 있어 캐나다 동서 교역의 관문이라고 할 수 있습니다. 또한, 캐나다 대도시 중 아메리카 원주민들이 가장 많이 거주하는 도시로 유명합니다.
[밴쿠버]
ㅇ 밴쿠버 등 캐나다 서부지역은 다양한 문화를 기반으로 다민족이 조화롭게 공존하는 사회로서 특별한 사회불안 요소는 없습니다.
ㅇ 다만, 캐나다는 미국의 우방국이며 캐나다 서부는 미국 서부 주요 도시와 인접해 있어, 일각에서는 테러 발생 가능성에 대한 우려가 있습니다.
□ 살인, 강도, 납치, 절도, 사기 등 치안 상태
[오타와]
ㅇ 도시 외곽의 일부 지역을 제외하고 야간에 거리를 다녀도 문제가 없을 정도로 치안이 안정적인 편이지만, 소매치기 및 차량대상 범죄가 종종 발생하고 있으므로 관광지 및 식당에서 주의가 필요합니다.
[토론토]
ㅇ 북미지역에서 치안이 안정적인 편에 속하지만, 토론토 서쪽지역(Finch AVe./Jane St.)과 다운타운 등 일부 지역의 경우 범죄단체간 총격 사건이 다수 발생하고 있으니 주의가 필요합니다.
ㅇ 동포 사회 사건사고는 살인, 강도 등 강력사건 보다는 주로 취업, 이민, 금융거래, 투자 사기 등의 경제 범죄가 발생하고 있습니다.
ㅇ 다운타운 지역에 주차를 하고 차내 가방 등 소지품이 보이는 경우 차 유리창을 깨고 가방을 훔쳐가는 절도 사건이 발생할 가능성이 높으니 소지품은 반드시 휴대하거나 트렁크 등 보이지 않는 곳에 보관해야 합니다.
* 위니펙
ㅇ 북미 전체로 보면 범죄율이 높은 편은 아니지만, 캐나다 내에서는 가장 범죄율이 높은 도시입니다. 야간에 다운타운 지역을 이동하는 것은 가급적 삼가해 주시기 바랍니다.
ㅇ 동포사회 사건사고는 거의 발생하지 않으나 교통사고, 절도, 강도 피해 등은 주의해야 합니다.
[밴쿠버]
ㅇ 밴쿠버 지역의 치안상태는 미국 대도시와 비교할 때 범죄율이 상대적으로 낮은 편이나, 토론토․몬트리올 등 캐나다의 다른 대도시와 같이 절도․강도․교통사고 등이 다수 발생하고 있고, 여행객 들을 노리는 절도․소매치기 사건 등도 자주 발생하므로 주의를 요합니다.
ㅇ 특히, 최근에는 총기관련 범죄가 증가 추세에 있습니다. 이는 주로 특정지역 및 마약관련 범죄조직(갱)간 발생하는 것이어서 일반 여행객은 크게 걱정할 필요는 없으나, 나이트 클럽 등 특정지역은 접근을 삼가는 것이 바람직합니다.
ㅇ ‘주로 현금을 소지하고 있고, 영어가 미숙하여 신고하지 못 할 것’이라는 생각에 동양계 여성들을 대상으로 한 강도행위가 발생하고 있습니다.
- 심야나 새벽시간에는 외출을 자제하는 것이 안전합니다. 특히, 술 취한 상태로 밤늦게 돌아다닐 경우, 범죄의 표적이 되기 쉽습니다.
- 부득이 밤에 걸을 때에는 밝거나 번화한 거리를 선택하고, 공원처럼 고립된 지역은 피하며, 공격을 당했을 경우 큰 소리를 질러 주위의 도움을 청해야 합니다.
ㅇ 친구가 송금하려 하니 은행계좌를 잠시 빌려 달라고 요구하여 피해자의 돈을 가로채거나, 중고차 매매대금으로 부도수표를 입금시켜 자동차를 빼앗아가는 사기행위가 자주 발생하고 있습니다.
- 이런 사건은 동정심 많은 유학생이나 여행객들을 대상으로 자주 발생하고 있는 바, 낯선 사람에게 절대로 계좌번호를 알려주지 않도록 주의해야 합니다.
- 계좌를 통해 거래대금 입금여부를 확인할 때에는 상대방이 개인수표로 입금하였는지 또는 Certified된 수표나 Money order로 입금하였는지 반드시 확인해야 합니다.
ㅇ 해외에 나가 있는 자녀, 친구, 친인척과 연락이 안된다며 총영사관에 소재확인 요청을 하는 민원이 많습니다.
- 해외에 나와 있는 자녀, 친지와는 비상 연락할 수 있는 전화번호를 2~3개씩(학교, 홈스테이, 친구 등) 확보하는 것이 필요합니다. 비상연락망을 갖는 것은 최근 성행하는 전화사기(보이스피싱) 예방에도 도움이 됩니다.
[몬트리올]
ㅇ 도시의 치안상태는 비교적 좋은 편이지만 간혹 총기사고도 발생하며 편의점 강도사건 등이 종종 일어나고 있습니다. 여행자 대상 납치살인 등 중범죄 발생률은 낮은 편입니다.
ㅇ 주유소에서 운영하는 편의점 등 에서는 가게 내에 설치된 CCTV를 이용하여 직불카드를 사용하는 고객의 비밀번호를 알아낸 뒤 카드를 복제하여 사용하는 범죄가 간혹 일어납니다.
ㅇ 호텔의 종업원을 사칭하여 잠시 나가달라고 한 후 털어가는 절도범들이 간혹 있으므로 속지 않도록 조심하시고, 귀중품은 되도록 호텔방보다는 프론트에 따로 맡기십시오.
□ 입국 시 유의사항
ㅇ 입국 목적이 불분명하다는 이유로 밴쿠버 공항에서 입국거부를 당하는 사례가 자주 발생하고 있습니다.
- 입국심사를 받기 전에 약간의 준비를 하는 것이 좋습니다. 예를 들어 친지 방문의 경우에는 친지와의 관계연락처 등에 대하여, 관광의 경우에는 관광일정 여행경비 등에 대하여 자세히 설명하는 것이 좋습니다.
- 영어로 의사소통이 어려울 경우, 반드시 한국어 통역원의 도움을 받아 입국 목적을 명확히 설명하여야 합니다.
□ 주의해야 할 사항
ㅇ 최근 한국인을 특정한 사건은 아니지만 아시안을 대상으로 하는 증오범죄가 증가하고 있습니다. 다문화 다인종 사회인만큼 다른 민족의 문화, 전통에 대해 적대적인 표현을 삼가시기 바랍니다.
ㅇ 시내ㆍ외를 불문하고 심야나 새벽시간에는 외출을 자제하는 것이 안전합니다. 특히, 술 취한 상태로 밤늦게 돌아다닐 경우 범죄의 표적이 되기 쉽습니다.
ㅇ 관광지 호텔 아침뷔페 등 복잡한 식당 혹은 커피숍에서 소매치기 및 가방도난 사례가 많으므로 식탁을 잠시 비워야 하는 경우에도 반드시 가방을 지참하는 것이 좋습니다. 특히, 핸드폰, 태블릿, 카메라등은 범죄의 타겟이 되는 경우가 많으므로 각별한 주의를 요망합니다.
ㅇ 관광명소나 인적이 드문 곳에서 주차하면서 밖에서 가방 등 소지품이 보이게 하면 차 유리창을 깨서 가방을 훔쳐가는 사례가 많습니다. 여권ㆍ귀중품이 들어 있는 가방은 차내에 두지 말고 눈에 띄지 않도록 트렁크에 보관하거나 직접 휴대해야 합니다.
ㅇ 자전거를 주차해 놓았을 경우 자전거의 일부 부품 또는 전체를 도난 당하는 일도 있습니다.
ㅇ 여행사를 통한 단체관광일지라도 관광버스에서 잠시 내릴 때에는 반드시 여권이나 귀중품은 본인이 직접 소지하는 것이 좋습니다.
ㅇ 다액의 현금 소지는 가급적 삼가는 것이 최선입니다. 현금보다는 여행자수표를 소지하고, 수표 일련번호를 기재해 두면 피해방지에 도움이 됩니다.
자연재해
ㅇ 캐나다는 태풍, 홍수, 가뭄, 지진 등은 거의 발생하지 않고 있으나 예외적인 경우도 있습니다.
[오타와/토론토]
ㅇ 대형 참사를 동반하는 천재지변 발생 확률은 매우 적으나, 겨울철에는 한파 및 폭설로 인해 동사, 교통사고가 빈발하고 있으므로 12~3월에 오타와/토론토를 방문할 때는 주의가 필요합니다.
ㅇ 아래의 겨울철 안전사고 관련 주의사항을 참고하여 사고를 당하지 않도록 각별한 주의를 해주시기 바랍니다.
- 폭설이나 눈보라가 예상 될 때는 운전을 자제하고 고속도로나 지방도로 상태를 살펴보는 것이 필요하며, 수시로 라디오를 통해 일기예보와 도로 사정을 확인하여야 합니다.
- 자동차 기름은 가득 채우고 항시 운행에 적합한 상태로 유지하며 스노타이어, 체인 등 준비하여야 합니다.
- 가능하면 주간에 이동을 하고 혼자 여행은 삼가야 하며, 부득이 혼자 여행을 하는 경우 사전에 가족이나 친구에게 출·도착 시간과 목적지 등 정보를 미리 알려 주어야 합니다.
[밴쿠버]
ㅇ BC주는 태풍, 홍수, 가뭄, 지진 등 자연재해가 거의 발생하지 않습니다.
ㅇ 다만, 우리나라에 비해 하루 중에도 일교차가 클 경우가 있으므로 이에 대비해 적정한 복장을 갖추는 것이 바람직합니다.
유의해야할 지역
[오타와]
ㅇ 관광지인 바이워드 마켓(Byward Market)에는 관광객을 대상으로 소매치기가 발생할 수 있으므로 주의가 필요합니다.
ㅇ 특별히 위험한 지역은 많지 않으나, 대마초 흡연, 마약 투여 등이 비교적 용이한 점을 감안하여 부랑자 밀집지역 및 난민집단 거주지역의 야간출입을 자제하는 것이 좋습니다.
[토론토]
ㅇ 야간에 토론토 다운타운 지역의 유흥가 및 Dundas St. / Sherbourne St, Finch Ave./Jane St, Keele St./Eglinton Ave, Finch Ave./Albion Rd, Markham Rd/Ellesmere Rd. 주변 지역 접근은 삼가 주시고 부득이 한 경우 다른 일행과 함께 활동하시기 바랍니다.
[벤쿠버]
ㅇ 최근 총기 범죄가 증가하고 있는 점을 감안, East Hasting St. 와 Main St.가 만나는 다운타운 East Side는 주ㆍ야 불문하고 접근을 삼가하시기 바랍니다.
ㅇ China Town은 관광명소이기는 하나, 주변에 ""마약 치료센터""가 있어 항상 마약 중독자들로 붐비므로 야간에는 출입을 삼가는 것이 좋으며, 주간에도 혼자 가는 일이 없도록 합시다.
ㅇ 다음 지역은 나이트클럽 등 유흥업소가 밀집되어 있고, 총기사고ㆍ폭행사건 등이 빈발하므로 야간에 출입을 삼가는 것이 좋습니다.
- Granville St.(Smithe St.와 Davie St. 구간)
- Richards St.(Helmcken St.와 Drake St. 구간)
- Water St.(Carrall St. 부근)
- Pacific Blvd. (Expo Blvd. 부근)
- Abbot St. (T&amp;T 마켓 부근)
[몬트리올]
ㅇ 쌩꺄트린(St. Catherine) 거리 주변으로 다운타운 및 동쪽지역에는 걸인과 노숙자가 많은 편으로, 대개는 안전을 위협할 정도는 아니지만 간혹 마약을 하는 이들이 있으니 주의하시기 바랍니다.
ㅇ 다운타운이나 올드 몬트리올 등 관광객이 많이 몰리는 지역에서는 소매치기를 주의하시기 바라며,
ㅇ 여름철 곳곳에서 도로 복구 및 건설 공사가 있으며, 간혹 공사장 안전사고가 발생하는바 주의하시기 바랍니다.
ㅇ 버스터미널 등에서 유학생들에게 접근하여 부도수표를 입금해주고 현금을 대신 받아가는 수법의 개인수표 사기가 간혹 발생하고 있습니다. 은행 잔고를 확인했다 하더라도 캐나다의 은행시스템상 수표를 은행에 입금한 후 은행에서 추심과정이 약 1주일정도 걸리며 나중에 부도처리된 금액은 차감될 수 있으니 이를 악용한 사기수법에 걸리지 않도록 각별한 주의가 요망됩니다."
케냐,Kenya,KE,아프리카,2025-05-21,"치안환경
ㅇ 케냐의 사법 및 치안시스템은 대한민국과 달라 일단 사건이 발생하면 피해회복 또는 범인검거가 어렵기 때문에 무엇보다 예방이 중요합니다.
ㅇ 또한 케냐 법집행기관 특히, 경찰은 부정부패 등으로 인해 신고를 해도 수사에 미온적이거나 수사를 조건으로 착수비 등 대가를 요구하는 경우가 다반사임을 유념하셔야 합니다.
ㅇ 케냐 경찰은 오히려 검문검색을 빙자하여 이유없이 외국인을 체포하고 석방조건으로 수백달러의 금품을 갈취하는 사례도 빈발하므로 잘 모르는 지역을 이동할 때에는 지인 또는 현지인을 대동하여야 하며 여행객의 경우 야간 도보 이동을 절대 삼가야 합니다.
사건ㆍ사고의 유형
ㅇ 케냐는 소말리아, 우간다, 탄자니아, 수단과 인접하고 국경경비가 취약하여 총기유입 및 마약류 유입이 많고 경기침체로 인한 강도, 절도, 납치 등 강력사건이 빈발하고 있어 심지어 수도 나이로비(Nairobi)는 나이로버리(Nairobbery)라는 별칭이 있을 정도이기 때문에 여행객은 각별히 유의해야 합니다.
ㅇ 과거에는 강도들이 현금, 휴대폰, 귀중품들을 강탈해 가는 것으로 그쳤으나 이를 거부하는 경우 피해자를 살해하는 경우도 있습니다. 따라서, 강도를 당한 경우에는 강도들을 쳐다보거나 절대 머뭇거리지 않아야 하며 강도들의 요구에 순순히 응하여야 합니다.
ㅇ 절도와 관련하여 차량을 운전하시거나 주차하실 때에는 창문을 열지 않아야 차량 내 절도를 예방할 수 있으며 길거리를 이동할 때에는 오토바이 날치기를 유의해야 합니다. 또한 도보 이동시에는 휴대전화를 하는 경우 이를 날치기 하는 경우도 있기 때문에 도보 이동시 휴대전화를 하는 것을 삼가야 하며 호텔 내 커피숍에서도 반드시 핸드백은 등 뒤에 두거나 시야 앞에 두어야 하며 화장실을 이용할 때에도 이를 휴대하여야 합니다.
ㅇ 케냐에서는 콩고인, 탄자니아인 등이 연루되어 금을 수출한다는 명목으로 대금만을 편취하는 사기가 발생하고 있습니다. 이들은 모든 통관서류를 위조하며 물품이 선적되었으나 사법당국의 제지 또는 유엔의 제지 등으로 인해 운송되지 못하였다는 등 터무니 없는 변명을 사기의 수법으로 사용하기 때문에 섣불리 물품대금을 먼저 송금하는 일이 결코 없도록 하여야 합니다. (많은 피해자들이 실제 금샘플에 대한 순도측정에서 진품임을 확인한 후에는 의심을 풀게 되는 경향이 있는데 이곳 사기범들은 심지어 경찰, 세관과도 공모하여 서류를 위조하는 경우가 있음을 명심하셔야 합니다.)
※ 범죄가 발생하면 피해 회복이 거의 불가능하므로 사전에 충분한 예방조치를 취하는 것이 최선임을 명심하시기 바랍니다.
[테러 관련 동향]
ㅇ 2019.1.15.(화) 15:30경 나이로비 소재 호텔에서 테러 발생, 테러단체 알샤밥의 소행으로 20여명이 사망하였습니다.(한국인은 없음)
ㅇ 2015. 4. 2 새벽 5:30경 소말리아 국경으로부터 150km 떨어져 있는 가리사 대학에서 소말리아 테러단체 알사밥에 의한 테러로 인해 케냐인 148명이 사망하는 테러가 발생하였습니다.
ㅇ 2011년 10월 케냐 정부가 소말리아에 군대를 파견한 이후 알사밥은 지속적으로 케냐를 상대로 테러를 자행해 오고 있으며 2014년 12월 이후부터 가리사 사태까지 테러 공격 횟수가 증가하고 있는 추세이므로 소말리아 국경 및 해안으로의 이동을 자제하여야 하며 수도인 나이로비에서도 다중밀집 시설에의 장기 체류는 항상 유의하여야 합니다.
자연재해
ㅇ 케냐는 기후가 매우 쾌적한 나라이며 지진이나 태풍 등 자연재해는 없으나 건기에는 일부지역에 가뭄으로 인한 물부족 현상이 있기도 합니다.
유의해야할 지역
ㅇ 나이로비 내 키베라 등 슬럼지역은 아주 위험하므로 이곳에 대한 출입은 자제해야 합니다. 업무, 봉사활동 등으로 부득이 방문하는 경우에도 불필요한 사진 촬영 등으로 시비에 휘말리지 않도록 주의하여야 합니다."
코모로,Comoros,KM,아프리카,2022-08-02,"사건ㆍ사고의 유형
ㅇ 외국인에 대한 강도 등 강력범죄는 비교적 적어 안전한 편이며, 가장 많은 범죄는 주택이나 차량의 침입절도와 많은 사람이 운집하는 곳에서의 소매치기(pick pocketing), 날치기(purse snatching) 등 경미범죄입니다. 시장이나 공원, 해변에서의 절도피해를 주의하시고 특히 시위현장에서 구경하다가 피해를 보는 경우가 많으므로 피하시기 바랍니다. 아울러, 야간에 혼자서 시내를 돌아다니는 것은 삼가십시오.
ㅇ 코모로는 도로가 좁고, 유지관리가 잘 되어 있지 않으며, 특히 야간에는 가로등 시설이 미비하여 많이 어두운 편이기 때문에 야간 운전에는 각별히 신경을 써야 합니다. 도시에는 도로가 대부분 포장되어 있지만 시골 지역에는 비포장 도로가 많기 때문에 교통사고가 발생하지 않도록 조심해야 합니다.
자연재해
ㅇ 사이클론의 영향으로 집중강우와 강풍으로 인한 피해가 자주 발생합니다. 사이클론 발생에 대한 보도를 통해 미리 대비해야 합니다.
ㅇ Grande Comore섬의 Moroni 근처에 있는 Karthala 화산으로부터 간헐적인 화산폭발이 있으므로 주의해야 합니다.
유의해야할 지역
ㅇ 일반적으로 코모로는 테러위협이 낮은 편이지만 현재 전 세계에서 테러로부터 100% 안전한 곳은 없으므로 항상 주의를 기울여야 합니다.
ㅇ 시장, 공원, 해변 등 다중운집장소에서는 각종 범죄에 조심해야 하며, 특히 야간 단독 이동은 자제하시기 바랍니다."
코소보,Kosovo,XK,유럽,2025-05-21,"사건ㆍ사고 현황
ㅇ 코소보에서 우리국민이 여권을 분실할 경우, 우리나라 주재 공관이 없으므로 여권을 발급받기까지 수일이 걸린다는 것을 숙지하시기 바랍니다.
ㅇ 코소보의 미트로비차 지역은 철수권고(적색경보), 미트로비차 외의 지역은 여행자제(황색경보)로 지정되어 있습니다.
ㅇ 수도인 프리쉬티나를 비롯한 남부 지역은 비교적 안전한 편입니다.
사건ㆍ사고의 유형
ㅇ 외국인을 대상으로 한 범죄가 많이 발생하는 편은 아니지만 소매치기, 절도, 강도 등에 항상 유의하실 필요가 있습니다.
ㅇ 일부 현지인들은 아시아 인, 특히 현지거주 중국인에 대해 좋지 않은 인식을 가지고 있으므로 주의가 요망됩니다.
ㅇ 코소보에는 수십만 개의 불법소유 총기들이 있습니다. 그리고 이를 사용 하는데 대한 국민들의 윤리통념도 낮은 편입니다.
ㅇ 야간에는 현지 청소년들이 주로 출입하는 곳은 소매치기를 당할 위험이 있어 피하는 것이 좋습니다.
ㅇ 누군가 자신의 뒤를 따라 다닌다는 의심이 들면 사람이 많이 있는 곳으로 신속히 이동하거나 상점 등으로 들어가 미행 여부를 관찰하고, 특히 집시인이 접근해 올 때는 가능한 피하고, 이들이 자선을 요청할 때에도 응하지 않는 것이 좋습니다.
ㅇ 사람들이 많이 다니지 않는 후미진 곳이나 외진 장소는 피하여 주시기 바랍니다.
[주의해야 할 지역]
ㅇ 북부지역(미트로비차, 이스톡)은 위험한 곳으로 여행 불가 지역입니다.
ㅇ 가능한 단독여행 및 야간에 혼자 다니는 것을 피해야 합니다.
자연재해
ㅇ 지진 활동 지역에 위치하고 있어 지진 발생 우려가 있습니다.
ㅇ 겨울에 강풍이 불고, 집중 폭설이 빈번히 일어납니다.
유의해야할 지역
[테러, 인질 등에 대한 상황 및 정세]
ㅇ 알바니아계가 전체 인구의 90%를 점유하고 있는 코소보는 2008년 2월 17일 세르비아로부터 독립을 선포하였습니다.
- 독립 선언 직후인 2008년 3월 17일 코소보 북부 미트로비차(Mitrovica)市에서 세르비아계 수백명과 유엔 코소보 임무단(UNMIK)간의 무력 충돌로 경찰 1명이 사망하고 양측에서 30여명이 중상을 입는 사건이 발생했습니다.
※ 2013.12.4 전세계 103개국이 코소보 독립을 승인했습니다.
- 우리나라도 2008.3.28 코소보에 국가승인을 하였으며, 현재 외교관계는 미수립된 상태입니다.
ㅇ 현재 코소보 정부는 EU 법치임무단(EULEX) 과의 협조하에 국정을 운영하고 있습니다.
[범죄현황 등 치안상태]
ㅇ 현재 코소보 수도 프리쉬티나 및 남부 도시 폐야, 자코바는 비교적 안전한 편이나, 아직도 세르비아계가 많이 거주하는 코소보 북부지역(미트로비차 등)에는 코소보 공권력이 미치지 않아 치안이 불안정하다고 할 수 있습니다.
ㅇ 현재 EU 법치임무단(EULEX)이 NATO에서 파견된 국제코소보평화유지군 (KFOR)과 코소보안보군(KSF)의 협조하에 코소보의 치안을 담당하고 있으나, 야간에는 외출을 자제하는 것이 바람직합니다."
코스타리카,Costa Rica,CR,미주,2022-08-02,"[사건ㆍ사고 통계]
ㅇ 코스타리카는 중남미 역내에서 비교적 치안이 양호한 국가로 알려저왔으나, 최근 강력범죄가 크게 증가하는 추세입니다.
&nbsp;- 2024년 기준, ▲폭력강도 9,759건, ▲대인절도 14,966건, ▲주거침입절도 9,544건, ▲차량내절도 ▲3,179건, ▲차량강도 4,707건, ▲살인 880건
&nbsp;- 2024년 기준 인구 10만명 당 살인율은 16.6명으로 중남미 국가 중 8위 차지, 2022년의 12.5명 대비 약 37% 이상 증가
[유의해야할 지역]
ㅇ 절대적인 범죄 발생 건수는 인구가 집중된 산호세 광역수도권이 가장 많지만, 주요 관광지에서도 관광객 대상 범죄가 빈번하게 발생하고 있습니다.
ㅇ 산호세 광역수도권의 경우, ▲Carpio, ▲Sagrada Familia, ▲Rincon Grande, ▲Villa Esperanza, ▲Lomas del Rio 지역, ▲Tibas시의 Leon XIII, ▲Desamparados시의 Los Guido 등이 강절도 사건이 잦고 총격사건도 빈발하는 우범지역입니다.
ㅇ 북부태평양에 위치한 과나카스테(Guanacaste) 지방은 유명관광지가 많아, 관광객들을 상대로 한 절도 등의 범죄발생률이 높습니다.
ㅇ 최근 대서양 연안의 리몬(Limon) 지방, 태평양 연안의 푼타레나스(Puntarenas), 남동부 파나마 국경 인근의 해안 지방(Talamanca, Paso Canoas 지역)은 미국과 유럽에 판매되는 마약의 중개지로 부상, 강력사건이 자주 발생하고 있습니다.&nbsp;
[사건ㆍ사고의 유형ㆍ대응]
ㅇ 범죄의 유형과 대상이 다양하고 예측이 어려우며 특히, 외모가 눈에 띄는 동양인들은 항상 범죄의 표적이 될 수 있음을 유념할 필요가 있습니다.
ㅇ 지리적 여건으로 인해 최근 마약 중개지로 부상하고 있고, 이로 인한 마약 매매/운반 범죄도 증가하고 있으니, 마약 매매 뿐만 아니라 마약 운반 등에도 연루되지 않도록 타인의 물품을 호의로 운반해주는 사례는 삼가시기 바랍니다.
ㅇ 생태관광으로 코스타리카를 찾는 우리국민의 입국이 꾸준히 증가하고 있는 가운데, 본인 부주의로 소지품을 분실하는 사례도 늘고 있습니다. 관광시 소지품을 부주의하게 옆에 두거나, 버스 선반 위에 가방을 올려둔 후 도난당하는 경우가 특히 많으니 보관에 유의하시기 바랍니다.
[자연재해]
ㅇ 코스타리카는 「불의 고리」라고 불리는 환태평양 지진대 중심에 위치하고 있어 크고 작은 지진이 빈번하고 화산활동도 활발한 지역입니다.
&nbsp; - 2024.10월, 주요 관광지인 타마린도(Tamarindo) 인근 해역에서 진도 6.2 지진 발생
&nbsp; - 2025.4월, 주요 관광지인 포아스(Poas) 화산이 대규모로 분화
ㅇ 우기(5-11월)는 집중호우로 하천범람, 주택침수, 교량 등의 인프라 손실이 빈번이 발생하므로 주의가 요구됩니다.
ㅇ 뎅기열, 말라리아 등 열대지방 풍토 바이러스에 감염되는 사례가 수시로 발생하므로 모기기피제 사용, 긴팔 옷 착용이 권장됩니다.
&nbsp; - 2024년 기준 뎅기열 30,149건, 말라리아 232건 발생"
코트디부아르,Côte D'Ivoire,CI,아프리카,2025-05-21,"정세 일반
ㅇ 2020년 10년 대선을 앞두고 유력 대선후보였던 공 쿨리발리 총리가 급서한 후, 와타라 대통령의 3선 출마 발표는 관련 위헌 논란 야기
- 야권주도로 선거보이콧 및 시민불복종 운동이 전개되었으며, 이 과정에서 전국에서 산발적으로 시위 및 폭력사태 발생
ㅇ 와타라 대통령의 당선 확정 후, 야권과의 대화 재개를 통해 평화로운 분위기에서 2021년 3월 6일 총선 실시
- 2021년 4월 와타라 대통령 3기 행정부 제1내각 구성완료
ㅇ 한편, 국제형사재판소(ICC) 항소심은 2021년 3월 31일 바그보 전 대통령의 무죄 확정 판결을 내린바, 동인은 귀국 의사 표명하였으며, 귀국시 주재국 정치 구도 변동 예상
ㅇ 소규모 시위, 시민-경찰 간 충돌상황은 어디에서든지 발생할 수 있는바, 현지 언론을 주시하면서 경찰과 치안 당국의 지시를 준수하고 대규모 군중 및 시위 발생 장소에 대한 접근 지양
[치안]
ㅇ 2020년 10월 대선을 앞두고 와타라 대통령의 3선 출마 결정과 함께, 야권은 선거 보이콧 및 시민불복종 운동을 전개하였으며 전국에서 산발적으로 폭력사태 발생함
- 주재국 정부는 2020년 8월부터 대선 관련 폭력사태 로 총 85명의 사망자, 484명의 부상자가 발생하였다고 발표
ㅇ 반면, 2020년 대선에 비해 2021년 3월 총선이 대체로 평화롭게 진행되었으며 사회 불안정 요소가 많이 해소되었으나, 주재국 국민들은 2020년 대선을 계기로 사회적 균열이 표면화되는 경험을 한바, 민심 악화가 폭력사태로 비화할 수 있는 가능성이 있는바 예의주시 필요
- 이러한 사기범들의 제의는 대개 이메일로 전달되는 바, 국내에 있는 우리 국민도 피해를 입는 경우가 많으며 여행자들도 사기 범죄의 표적이 되곤 하는바 각별한 주의 필요
[범죄]
ㅇ 폭력 범죄, 자동차 사고, 개인 주택 무장 침입, 노상 및 자동차 절도 등의 범죄 발생 위험 상존
- 대중 교통이나 택시 합승, 야간 통행 등은 가급적 자제 필요
- 지갑을 보이는 행동은 삼가고, 현지인에게 팁 등을 주는 경우에는 현금을 직접 손에 쥔 상태로 건네는 것이 안전
- 차량 내에서는 문을 항상 잠근 상태로 유지하고, 자동차 창문은 닫고 귀중품은 밖에서 보이지 않도록 유지 필요
- 현지 시장 등 군중이 밀집한 곳에서는 날치기, 소매치기가 많으며 외국인의 경우 공공장소에서 폭행, 갈취의 대상이 될 수 있으므로, 귀중품, 고가의 카메라 등을 눈에 띄게 휴대하고 다니지 않도록 주의
ㅇ 수도 아비장 시내 중에서도 트레쉬빌(Treichville), 아자메(Adjame), 아보보(Abobo) 지역은 특히 조심해야하는 지역으로서, 주간에도 단독 도보 통행은 삼가고 필요시 현지인과 동행
ㅇ 내전 이후 총기 약 3백만 여 정이 유포됨에 따라, 동 화기를 이용한 무장 강도 사건 발생 가능성 상존
- Yamoussoukro와 Korogho 지역 사이의 주요 도로에서 무장 강도에 의한 공격이 간헐적으로 발생중
- 주재국 서부 지역에는 밤 뿐만 아니라 낮 시간 동안에도 범죄 피해 지속 발생중
[사기]
ㅇ 금융 사기사건이 코트디부아르에서도 크게 증가중인바, 상식 선 이상의 과도한 이익을 보장하겠다는 거래나 제의는 일단 의심을 가지고 판단할 필요
- 사기범들은 대개 거액의 자금을 전달하겠다며 위조한 예치 증명서, 정부기관 보증서 등을 제시하고 송금을 위한 수수료 요구
- 피해자가 일단 이러한 제의에 관심을 보이면 송금 절차가 복잡하다는 이유로 수수료를 추가로 계속 요구하는 바, 누적 피해액이 수백만원에서 수억원에 달하는 경우 발생
- 이러한 사기범들의 제의는 대개 이메일로 전달되는 바, 국내에 있는 우리 국민도 피해를 입는 경우가 많으며 여행자들도 사기 범죄의 표적이 되곤 하는바 각별한 주의 필요
[테러]
ㅇ2016년 아비장 인근 휴양지인 그랑바삼 테러(18명 사망) 이후 4년만인 2020년 6월 주재국 북부 Kafolo 소재 헌병 초소가 테러공격을 받아 군인 13명이 사망한데 이어, 2021년 3월 해당 지역 2개 초소 대상 테러 공격으로 군인 2명이 사망하고 4명이 부상당하는 사건 발생
- 외국인의 방문이 빈번한 해변 휴양지, 호텔, 카페 및 레스토랑에 대한 추가 공격이 가능성이 상존하는 바, 신변 안전에 각별히 유의 필요
ㅇ 코트디부아르에 대한 주된 테러 위협은 AQMI 등 극단주의 이슬람 무장단체에서 비롯
- 이 그룹들은 역내의 역량을 강화하고 영향력을 증대시키는 데 계속 집중하고 있으며, 주로 Sahel 지역에서 활동중
- 사헬 지역에는 부르키나 파소, 차드, 말리, 모리타니아, 니제르가 포함되어 있지만 국경의 다공성으로 인해 이 단체들에 의한 테러 활동은 코트디부아르를 포함한 이웃 나라들에도 상당한 위협
ㅇ 주재국은 서아프리카에서 프랑스의 정치, 경제적 영향력이 큰 가운데, 프랑스 주둔군 병력이 아프리카 최대 및 세계 2번째로 많은 국가로서, 주재국 주둔 군부대(Licorne)가 프랑스의 서아프리카 대테러 작전(operation Barkhane)의 병참기지 역할을 하고 있어 테러공격의 대상이 될 가능성 상존
- 겸임국의 경우 중동 및 북아프리카 지방에서 쇠퇴하고 있는 무장 테러조직이 사헬 지방으로 계속 이동하는 가운데, 경제난으로 심화되고 있는 종족간 갈등과 맞물려 테러공격 및 외국인 대상 강력범죄 지속 발생 가능성 항시 상존
자연재해
[폭우 피해]
ㅇ 코트디부아르의 우기는 일반적으로 5월에서 11 월 사이이며, 이 기간 동안 발생한 폭우로 홍수, 산사태, 움푹 패인 도로 발생 등 관련 문제 지속 발생중인 바, 동 기간 여행 계획시 현지 날씨 정보 지속 모니터링 필요
- 열대성 소나기가 심할 경우 운전이 불가능할 정도이므로 유의가 필요하고, 배수 시설 미비로 주요 도로가 일시 범람하는 경우 다대
[먼지 바람]
ㅇ 건기인 12월~2월 사이에는 아르마땅(Harmattan) 이라고 하는 먼지 바람(황사)이 사막으로부터 불어오는데, 동 먼지 바람은 뇌수막염의 원인이 되기도 하므로, 이 시기 방문하는 경우 뇌수막염 예방 접종이 바람직
[익사 사고]
ㅇ 해안을 따라 해류가 매우 강하고, 구명 보트가 제대로 구비가 되어 있지 않은 경우가 많아 해마다 많은 익사 사고가 발생하므로, 수심이 깊은 곳에서 수영하는 것은 가급적 삼가는 것이 좋음
유의해야할 지역
ㅇ 수도 아비장 시내에서도 트레쉬빌 (Treichville), 아자메 (Adjame), 아보보(Abobo) 지역은 특히 조심해야 할 지역으로서, 주간에도 혼자 도보 통행하는 것은 위험합니다.
- 야간 도보 통행은 지역을 막론하고 위험합니다.
ㅇ 도시 이외의 지역은 치안상태가 좋지 않으므로 안내자를 대동하고 여행하는 것이 좋습니다. (※ 미국 대사관 직원은 수도에서 35Km 이상 여행할 경우 사전 허가를 받도록 하고 있습니다.)
- 특히 반군의 실질적 영향력 하에 있는 북부 지방은 아직 불안 요소가 많이 남아 있음. 북부 지방의 중심지인 부아케(Bouake)에서는 반군의 소요 및 주민들과의 충돌이 자주 발생합니다.
- 주요 간선도로를 여행하는 경우 정부군, 반군, 민병대 등 각 지방을 실제로 통제하고 있는 세력들의 검문소가 있어 과거에는 이들이 통행료를 요구하였던 검문소는 대부분 철거되었으나 현재도 간헐적으로 남아서 약간의 돈을 요구하기도 합니다. 북부지방에는 그 정도가 더 하고 있습니다.
ㅇ 코트디부아르는 내전 이후 관광시설을 유지, 보수하지 않아 관광자원이 거의 황폐화 되었으나, 도시외곽 해변에는 휴양시설(호텔 및 식당)이 일부 남아 있습니다.
- 그러나, 해안이 파도가 세고 얕은 수심에서 바로 절벽으로 이어지기 때문에 숙련된 수영 실력자라고 할지라도 해변 수영은 매우 위험하여, 해변 수영중 익사 사고가 빈번하게 발생합니다."
콜롬비아,Colombia,CO,미주,2025-05-21,"사건ㆍ사고의 유형
□ 치안상태
ㅇ 코로나19 확산, 우크라이나 사태 등으로 경기가 침체되어 생계형 범죄 증가
• 휴대전화를 노린 노상강도 사건이 빈번히 발생
- 최근 3년간 발생한 노상강도 사건의 60% 이상이 휴대전화 강탈 목적(일평균 3,287건)
- 휴대전화 강탈 범죄는 암시장 판매 고리를 끊지 않는한 근절 불가
※ 보고타 시에서 휴대전화 강탈 범죄가 가장 많이 발생한 지역: Chapinero 구 Chicó Lago 지구대(UPZ)
- 도난 휴대전화는 전문가들에게 넘겨져 휴대전화 비밀번호를 풀고 은행 앱 암호를 해독하여 계좌를 노리고, 연락처 및 개인정보를 이용하여 제2, 제3의 피해 발생
• 절도 및 강도 사건의 폭력성 증가 추세
- 범행에 흉기나 총기 사용이 증가하고 있고 이로 인한 사망 사건 증가
※ 공포탄(blank) 총이나 고무탄(traumatic) 총은 암시장에서 미화 150불 정도에 거래가 되고 있으며, 미화 40불 정도면 시간 당 대여도 가능한 실정
• 범죄의 대규모 및 조직화 경향
- 오토바이 2인조 강도가 주로 발생하였으나 최근 오토바이 3-5대를 이용하여 대규모 인원이 서로 역할을 분담하여 조직적으로 범행
- 보고타 시 Kennedy 구 소재 창고형 매장에 ‘인간사다리’로 침입한 강도들이 트럭, 택시 등 차량을 동원하여 몇 시간 만에 창고 내 일체의 물건을 훔쳐서 도주하는 등 범죄조직 연루
• 불특정 대상 묻지마 범죄 증가
- 보고타 시 버스 안에서 한 남성이 승객들을 상대로 구걸을 하였으나 돈을 주지 않자 칼을 꺼내 2명을 공격하였으며, 보고타 시 Ciudad Bolívar 구에서는 한 남성이 구걸하는 사람을 거절하자 구걸하던 사람이 뒤에서 칼로 공격해서 살해하는 사건 발생
※ Ciudad Bolívar 구가 111건으로 살인 사건 발생이 가장 많으며 지구대(UPZ) 기준으로 최근 5년간 비교시 UPZ Lucero가 2018년 이후 가장 많이 발생(299건)하였으며 뒤를 이어 Los Mártires 구의 La Sabana 236건, Kennedy 구의 Patio Bonito 지역 201건
ㅇ 외국 이주민 및 콜롬비아 내 강제 실향민 증가는 사회불안 요인이자 범죄 증가로 연결되고, 교정시설 수용능력 문제로 단순 절도범은 현장에서 검거되어도 처벌 없이 석방되는 경우가 많아서 다시 범죄 증가로 악순환
• 베네수엘라 이주민 이외에 미국으로 가기 위한 아이티 및 아프리카‧중동 국가 난민 유입 증가
• 범죄행위가 아닌 범죄행위의 결과에 따라 처벌하는 형벌규정 등으로 인한 높은 재범률 문제
- 통계자료에 의하면 2021년 수감자 73,205명 중 16,178명(22%)이 재범자이며 체포된 범죄자의 88%가 무기소 방면
※ 형법학자들은 무기소 방면의 원인으로 체포 과정의 흠결, 검사의 기소 증거 불충분, 피해자의 적극적인 신고 및 기소 의지 부족, 수용 시설 부족 등을 지적
- 범죄 행위에 대한 처벌이 아니라 범죄 행위의 결과(피해 금액이나 범죄 행위 중 흉기 또는 총기 소지 또는 사용 여부 등)에 따라서 형량이 결정되는 점 등으로 형사 고발 사건 약 44만 건 중에서 1만 건(2.2%)만 실제로 처벌
- 강도가 상가에 들어가서 한 여성을 상대로 강도짓을 벌이다 피해 여성의 저항과 인근 시민의 합세로 범인을 현장에서 체포하였으나 범인의 불법무기 소지 이외에 구체적인 피해가 없어서 그냥 풀려나자 피해 여성은 살인 미수라며 항의
ㅇ 시위 및 이를 이용한 범죄조직 활동으로 치안 불안 가중
• 2021.04.28. 전국 총파업 시위 이후 간헐적이지만 지속적으로 전국 각지에서 시위 발생 중
- 매월 28일 전후로 보고타 시 남쪽 Usme, Kennedy, Bosa 지역에서 지속적으로 시위 발생 중
• (마약)범죄조직은 폭력시위로 시위대가 도로를 봉쇄하여 해당 지역이 공권력 부재 상황이 되면 범죄활동이 용이하기 때문에 폭력 시위를 배후에서 조장
- 2021.03.25. 보고타 시 중심 Los Martires 지역 Plaza España 인근 지역에서 대낮에 1시간가량 마체테(대형 칼), 흉기 및 쇠몽둥이를 든 사람들이 지나가는 차량을 공격하고 화물트럭을 약탈하는 사건 발생
- 상기 사태는 해당 지역 범죄단체에 대한 군경의 소탕작전이 진행되자 작전을 방해하기 위해 범죄단체가 노숙자 등을 사주하여 발생
ㅇ 무장조직 및 범죄조직 테러공격 증가 추세
• 콜롬비아 정부의 무장조직 소탕작전으로 우두머리를 잃거나 체포된 우두머리가 미국에 송환되는 경우 이에 대한 보복으로 테러공격 증가
• 2022년 콜롬비아 역사상 처음으로 페트로 좌파 대통령이 당선되자 신정부와의 협상에서 유리한 입장에 서려는 범죄조직(Clan del Golfo 주도)의 군경 대상 테러공격(소위 Pistol Plan)으로 많은 군경 사망
ㅇ 범죄 수법이 교묘해지는 추세
• 택시 이용객을 납치(paseo millonario)하여 소지품은 물론 개인 은행계좌의 예금까지 인출하는 사건이 최근 다시 빈발
• 환각 성분이나 강력한 수면제 성분이 포함된 식음료를 권하여 피해자가 의식을 잃게 하던 수법이 해당 성분이 묻어 있는 물건(꽃이나 전단지)을 주거나 손세정제에 넣어서 주는 식으로 진화
- 중독된 피해자의 소지품을 노리던 수법에서 피해자의 계좌 등 개인정보를 이용한 2, 3차 피해로 확대 추세
□ 범죄 예방을 위한 기본 주의사항
ㅇ 범행 대상이 되지 않도록 주의
• 이동할 때는 안전한 이동수단을 이용하고 가급적이면 걸어서 이동은 자제 필요
• 길을 걷거나 대중교통을 이용할 때 휴대전화를 사용하면 범죄의 표적이 되므로 휴대전화 사용 자체 필요
• 인적이 드믄 장소나 해가 진 후 외출 자제 필요
- 특히 보고타 시내 센트럴 남쪽 등 강도 범죄가 다수 발생하는 위험지역 출입을 자제하고 지인에게 행선지를 미리 알릴 것
• 외출할 때 고가 또는 고가로 보이는 물품은 소지하지 않도록 주의
• 차량 이동 시에는 외부에서 차량 내부의 귀중품 등 소지품이 보이지 않도록 주의
ㅇ 주변경계 및 침착한 대응
• 오토바이를 이용한 강도 사건이 빈번히 발생하고 있으므로 주변에 오토바이가 지나가거나 대기 중인 오토바이를 보면 항상 주의
• 콜롬비아는 총기 소지가 비교적 쉬워서 총기를 이용한 절도 및 강도 사건이 빈번히 발생하므로 유사시 저항하거나 강도를 자극하지 않도록 주의
- 총기를 소지한 강도들에게 단체로 이동하는 관광객은 표적이 되므로 여러 명이 같이 있다고 방심하거나 강도에게 대항하려 하지 말 것
ㅇ 기타 주의사항
• 낯선 사람이 길을 묻는 등 말을 걸면서 따라오면 신속하게 가까운 상가건물 등으로 들어가서 경비 또는 경찰의 도움을 요청할 것
• 모르는 사람이 친근하게 다가와서 권하는 식음료는 절대 섭취해서는 안 되며, 전단지나 꽃, 손제정제 등 모르는 사람이 주는 물건은 받지 말 것
• 택시를 이용할 경우, 길거리에서 정차 중이거나 지나가는 택시를 이용하지 말고 가급적 플랫폼 운영 택시를 이용할 것
• 콜롬비아 지방도시(특히 에콰도르 및 베네수엘라 접경지역, 밀림 지역 등) 방문 자제 필요
- 무장반군세력이나 범죄조직이 활동 중인 지역이 많고 이들 세력 간 빈번한 무력충돌 및 테러 발생 가능성이 높으며 납치범죄 피해 우려
□ 주로 발생하는 사고 사례 및 주의 사항
[휴대전화를 노린 강도]
ㅇ 사고 사례
• 보고타 시 Usaquén 구 Santa Barbara 지역에서 오토바이 2인조 강도가 행인의 휴대전화와 소지품 강탈을 시도하였고 강도를 피해 도망가는 행인들을 쫓아가 총을 쏘아 행인 1명이 사망하는 사건 발생
• 보고타 시 Bosa Brazil 지역에서 사촌들과 놀고 있던 15세 소녀를 향해 강도가 수차례 총을 쏘고 휴대전화를 훔쳐 달아나는 사건 발생
• 보고타 시 Teusaquillo 구 Galerias 지역 소재 주점에 갔다 귀가하려고 나온 한 여성이 주점 밖에 차를 대놓고 대기하다 피해자를 쫓아온 강도가 쏜 총에 맞고 사망하는 사건 발생
- 강도들은 피해자의 휴대전화 및 소지품을 가지고 도주하였으며 피해자는 UN마약범죄기구 소속 직원
• 보고타 시 San Cristóbal 구 Bello Horizonte 지역에서 집근처 가게에 펜을 사러 나간 학생이 방역조치에 따라 가게 밖에서 줄을 서서 기다리던 중 휴대전화를 꺼내 문자를 확인하고 있었고 이때 접근한 강도에 의해 얼굴에 총을 맞고 사망하는 사건 발생
• 보고타 시 Bosa 구 Villa Colombia 지역에서 오토바이를 탄 2인조 강도가 피해자에게 총을 겨누며 휴대전화를 강탈하려고 하자 피해자는 도망을 쳤고 오토바이 뒷좌석의 강도가 내려서 총을 4차례 발사하여 피해자가 총에 맞아 사망하는 사건 발생
• 보고타 시 노상(Calle 80 con Autopista Norte)에서 퇴근 중이던 한 기자가 전단지를 주면서 접근한 6명의 강도들에게 휴대전화, 가방 등 소지품 일체를 강탈당하는 사건 발생
- 강도들은 전단지를 주는 척 접근하여 전단지 위의 먼지를 피해자의 얼굴을 향해 불어서 피해자가 당황하게 만드는 수법을 사용
• 보고타 시 Kennedy 구 Patio Bonito 지역에서 친구들과 걸어가고 있던 15세 소년(축구 유망주)이 휴대전화를 강탈하려고 접근한 강도가 쏜 총에 배를 맞고 사망하는 사건 발생
• Bucaramanga 시 소재 학교 인근에서 하교 중이던 15세 학생이 휴대폰을 강탈당하는 와중에 강도가 휘두른 칼에 수차례 찔려서 사망하는 사건 발생
• Cauca 주 Popayán 시 Santa Fé 지역에서 오토바이 2인조 강도가 13세 소녀의 휴대전화를 강탈하려던 중 주변에 있던 시민이 소녀를 도와주려다 얼굴에 총상을 입고 한쪽 눈을 실명하는 사건 발생
ㅇ 주의 사항
• 도보 중이나 대중교통 안에서 휴대전화 사용 자제
[오토바이를 이용한 강도]
ㅇ 사고 사례
• 보고타 시 Villa Mayor 인근에서 오토바이 3대에 나눠 탄 6명의 강도가 길가에 차를 대고 담소를 나누던 사람들을 총기로 위협하여 소지품 및 고급 차량을 강탈하여 도주하는 사건 발생
• 보고타 시 Chapinero 구 Andino 쇼핑몰 인근 횡단보도에서 신호를 기다리며 서 있던 모델 겸 방송인이 오토바이 강도들에게 소지품을 강탈당하고 폭행당하는 사건 발생
• 보고타 시 Suba 구에서 코메디언이 최소 5명의 오토바이 강도들에게 공격당하는 사건 발생
- 강도들은 차량을 빼앗으려다 여의치 않자 현금 등 소지품만 강탈하고 도주
• 보고타 시 소재 버스 정류장에서 버스를 기다리던 CityTV 기자가 오토바이를 타고 접근한 2명의 강도에게 소지품 일체를 강탈당하는 사건 발생
- 피해자에 의하면 강도들은 외관상으로 막 퇴근해서 귀가하는 사람처럼 하고 있어서 다가올 때 전혀 예상하지 못하고 방심
• Cali 시 Normandia 지역 노상에서 한 여성이 오토바이 택시를 부르기 위해 휴대전화를 꺼내서 보고 있는 사이 오토바이를 타고 반대편 차선을 지나가던 남성이 되돌아와 여성의 휴대전화와 가방을 강탈하였고 이 과정에서 여성은 가슴에 총을 맞고 사망하는 사건 발생
• Bucaramanga 시 Fontana 지역에서 Bumanguesa 신문 기자가 오토바이 2대를 타고 접근한 3명의 강도에게 휴대전화 및 소지품을 강탈당하는 사건 발생
ㅇ 주의 사항
• 주변에 오토바이가 지나갈 때는 항상 주의해야하며 특히 남성 2명이 타고 가는 경우 또는 주변을 배회하는 오토바이가 있는 경우 각별히 주의 필요
- 보고타 시는 목요일 – 일요일 저녁 7시부터 익일 새벽 4시까지 오토바이 뒷좌석 이동(parrillero hombre) 제한(남성)
※ 오토바이 뒷좌석 이동 제한 근거
- 보고타 시에서 한 해 약 84,000건의 강도 사건이 발생하고 이중 약 4,000건이 오토바이, 특히 오토바이 뒷좌석에 탄 사람이 범행
- 2022년 상반기 발생한 444건의 살인사건 중 오토바이를 이용한 경우는 204건(45.9%)
&nbsp; [배달원 및 손님 등을 위장한 강도]
ㅇ 사고 사례
• 93공원 인근 식당에 Los Rolex 강도단(고가의 시계를 주로 강탈)으로 추정되는 강도가 손님인 척 식당 내부에 들어가서 식사 중인 손님을 총으로 위협하고 소지품을 탈취해서 도주하는 사건 발생
• Barranquilla 시 소재 한 쇼핑몰에 위치한 보석상점에 경찰로 위장한 2명을 포함 3인조 강도가 들어 보석을 강탈해서 도주하는 사건 발생
• 보고타 시 Usaquén 구 소재 스타벅스에 배달원 가방을 맨 강도 4명이 난입하여 매장 내 손님의 소지품 강탈 후 도주하는 사건 발생
• 보고타 시 Chapinero 구 93공원 인근 멕시코 음식점에 배달원으로 위장한 3인조 강도가 침입하는 사건 발생
• 보고타 시 Bosa 구 소재 미용실에 2인조 강도가 들어서 직원 및 손님들의 소지품은 물론이고 매장 내 헤어드라이기까지 강탈하는 사건 발생
• 보고타 시 Kennedy 구 소재 스포츠 용품 판매점에 손님으로 위장한 4인조 강도가 침입하는 사건 발생
- 여성 2명이 먼저 들어와서 30여 분 정도 동태를 살핀 후 남성 2명이 나중에 들어와서 범행
• 보고타 시 Ciudad Bolívar 구 Arborizadora Alta 지역에서 경찰로 위장한 12명의 강도(경찰 제복, 오토바이 및 무전기까지 소지)에게 상점이 털리는 사건 발생
ㅇ 주의 사항
• 배달원 및 손님을 위장하여 식당 등 영업장에 침입하는 강도들은 영업장뿐만 아니라 이용 손님들의 소지품도 강탈하므로 경비원 및 출입보안이 되어 있는 영업장을 이용하고 가급적 귀중품을 소지하지 말 것
[택시 이용객 대상 납치강도(paseo millonario) 등]
ㅇ 사고 사례
• 보고타 시 Chapinero 구 Zona Rosa 지역 클럽 앞에서 택시를 탄 여성이 택시기사 및 일행 강도들에게 납치되어 폭행 및 금품을 강탈당하고, 새벽까지 택시로 시내를 배회하는 동안 강도 일행이 은행계좌의 예금까지 인출해가는 사건 발생
• 보고타 시 Chapinero 구 Zona Rosa 지역에서 개인 차량이동 서비스를 부른 한 남성이 이동 중 기사가 무언가를 던졌고 이후 기억을 잃는 사건 발생
- 피해자가 의식을 찾았을 때는 Suba 구 Bilbao 지역을 걷고 있었으며 소지품을 모두 잃어버렸고 강도들이 휴대전화로 은행계좌의 예금 인출까지 시도
• 보고타 시 Chapinero 구 Zona Rosa 지역에서 여성 2명이 귀가하기 위해 플랫폼 택시를 호출했으나 택시가 안 잡히자 근처에 정차 중인 택시를 잡아서 탑승한 후 강도 피해를 입는 사건 발생
- 택시가 Las Americas 인근을 지날 때 2명의 공범 강도가 택시에 탑승하여 여성들의 휴대전화 등 소지품과 은행계좌 비밀번호 등을 요구하였으나 마침 옆을 지나던 차량이 상황을 파악하고 택시와 충돌하였고 이 틈을 타서 여성들은 택시에서 탈출
• 보고타 시 Chapinero 구 Zona Rosa 지역에서 여성 2명이 플랫폼 택시를 타고 이동하던 중 목적지를 지나쳤고 다시 목적지로 돌아가던 중 고의로 접촉사고를 낸 다른 차량에 타고 있던 강도들에게 피해를 입는 사건 발생
- 택시 운전기사는 강도들에게 아무런 피해를 입지 않았으며 신분증과 등록된 운전자가 일치하지 않는 등 강도들과 공모한 것으로 의심
• 보고타 시 San Andresito de San Jose에서 Las Americas 방면으로 가기 위해 3명의 여성이 Cabify 택시를 호출하여 탑승 후 강도 피해를 입는 사건 발생
- 택시기사가 다른 경로로 가기를 원하는 등 의심스러운 행동을 하였으며 택시가 서자 잠시 후 오토바이를 타고 총을 소지한 강도가 접근하여 피해자들을 총신으로 가격하며 휴대전화 등 소지품 일체를 강탈
• 보고타 시 Chapinero 구 Zona T(Calle 100 con Carrera 14)에서 택시를 잡으려던 한 남성이 택시 기사 1명과 여성 2명으로 구성된 범죄자들에 의해 납치되는 사건이 발생
- 경찰에 의해 용의자들은 체포되었으나 당시 택시 안에는 피해 남성이 약에 취해 정신을 잃은 상태
ㅇ 주의 사항
• 택시를 이용할 경우 길거리에서 택시를 잡지 말고 가급적 플랫폼 택시를 이용할 것
- 특히 보고타 시 Zona Rosa 같은 유흥가 밀집 지역에서 음주 후 택시를 잡는 사람이 표적이 될 가능성이 높으므로 사전에 안전한 이동 수단 확보 필요
• 최근 SNS를 통해 거래되는 플랫폼 택시(우버, 디디, 비트 등) 프로필을 구매하여 범죄에 이용하는 사례가 나오고 있는 만큼 탑승 전 기사 및 차량 번호 등에 대한 확인 등 더욱 주의가 필요
• 택시 탑승 후에는 가급적 문을 잠가서 불시에 누가 탈 수 없도록 하고, 정상적인 경로를 벗어나서 가는 경우 신호대기 등으로 정차 중인 때 서둘러 요금을 지불하고 내릴 것
• 콜롬비아의 택시에는 카드 결제 단말기가 없는 점에 주의. 이점을 모르고 카드로 결제하기 위해 신용카드를 제시했다가 카드 복제 피해 발생
[금품 소지자 및 은행 이용객 대상 강도]
ㅇ 사고 사례
• 보고타 시내에서 한 여성이 ATM 기기에서 현금을 인출하고 있는데 한 남성이 들어와 흉기로 위협하고 현금과 소지품을 강탈하여 도주하는 사건 발생
- 해당 ATM 기기는 1 – 2명만 입장이 가능한 협소한 장소에 설치되어 있어서 주변 사람의 도움을 받을 수 없는 구조
• 보고타 시 소재 Portal 80 쇼핑몰에서 점심 식사 후 La Serena 소재 자택에 도착한 한 남성이 주차하기 위해 차에서 내린 순간 쇼핑몰 식당에서부터 따라온 2인조 강도에 의해서 소지하고 있던 금목걸이 및 현금을 강탈당하는 사건 발생
• 보고타 시 소재 한 은행에서 대출금을 인출해서 나온 한 남성이 뒤쫓아온 오토바이 2인조 강도에게 현금 1,400만 페소를 강탈당하는 사건 발생
• 보고타 시 Fontibón 구 Modelia 지역에서 한 중국인이 운전 중 오토바이 2대를 이용하여 접근한 강도들에게 소지하고 있던 현금 가방을 강탈당하고 총에 맞아 사망하는 사건 발생
• 보고타 시 Usaquén 구 소재 주택가에서 운전자가 건물에 진입하기 위해 주차장 입구에 차를 대고 기다리던 중 오토바이 2대에 나눠 탄 4명의 강도가 접근하여 창문을 깨고 총을 겨누며 가방을 요구하며 실랑이를 벌이다 강도가 쏜 총에 피해자들이 다리 등에 총상을 입는 사건 발생
- 당시 차 안에는 노트북이나 휴대전화 등이 보이는 채로 있었음에도 강도들은 계속 가방을 내놓으라고 위협함. 사고 발생 직전 피해자들은 은행에 들러 돈을 입금하고 왔는데 강도들은 예금 인출로 생각하고 피해자들의 가방에 거액이 있을 것으로 판단
• 보고타 시 Barrios Unidos 구 Chicó Navarra 지역에서 오토바이를 타고 접근한 4명의 강도들에게 미국인 여행객 2명이 1억 5천만 페소 상당 고가 시계와 핸드백 등을 강탈당하는 사건 발생
- 당일 새벽 콜롬비아에 도착한 여행객들을 강도들이 공항에서부터 뒤를 따라와 범행
ㅇ 주의 사항
• 은행 이용객을 대상으로 하는 강도는 강도 일행이 은행 방문객에게 분필이나 테이프로 표식을 하면 밖에서 대기하던 일당이 따라가서 돈을 강탈하는 수법. 은행 이용 중 자신의 순번인데도 계속 차례를 미루거나 주변을 유심히 관찰하는 사람이 있는 경우 주의
• ATM 기기 및 신용카드 이용 시 주의 사항
- ATM 기기를 이용할 경우 협소한 공간에 설치된 기기는 피하고 은행, 슈퍼마켓, 쇼핑센터 등 사람이 많은 곳이나 경비가 있는 ATM 기기 이용. 협소한 공간에 설치된 기기는 강도가 난입 시 주변의 도움을 받기 곤란
- ATM 기기 현금 출구에 금속 장치를 삽입하여 이용자가 현금이 없어서 돈이 안 나오는 것으로 착각하고 그냥 돌아가게 하는 경우가 있으므로 ATM 기기 이용 전 카드 출입구나 현금 출구에 이물질이 없는지 확인 필요
- 카드에 절대 비밀번호 등을 기재하지 말고 타인이 볼 수 없도록 ATM 기기 키보드나 화면을 가릴 것
- 낯선 사람의 도움을 구하지 말고, 은행 직원일지라도 인출 관련 번호(PIN 번호 등)는 공유하지 말 것
- 야간에 ATM 기기를 사용할 경우 현금 인출자로 범행 대상이 될 수 있으므로 야간 시간대 이용 자제
- 신용카드로 결제할 경우 보는 앞에서 단말기로 결제할 것
※ 소형 카드 복제 장치를 이용하여 카드 정보를 읽어서 다른 카드에 입력하면 바로 복제
[차량 및 운전자 대상 강도]
ㅇ 사고 사례
• 보고타 시 Suba 구 Camino del Bosque 인근 도로(Carrera 87 con Calle 131)에서 오토바이를 탄 2인조 강도가 차량에 접근하여 운전자를 총으로 위협하고 고급 손목시계만 빼앗아 달아나는 사건 발생
• 보고타 시 Puente Aranda 지역 소재 주택가에서 주차장에 차를 넣으려는 순간 2인조 총기 강도가 접근하여 차를 탈취하여 도주하는 사건 발생
- 이 과정에서 트럭 뒷좌석의 7세 아이가 총에 맞는 피해 발생
• 보고타 시 Usaquén 구 Cedro Golf 지역에서 디자이너 겸 모델인 한 여성의 차량에 강도들이 난입하여 차량과 함께 운전자를 납치하려다 미수에 그친 사건 발생
• 보고타 시 Usaquén 구 소재 도로(Calle 100 con Carrera 19)에서 교통정체로 정차 중인 차량을 대상으로 강도짓을 벌이고 반대편 도로에 대기 중인 차량을 이용하여 도주하는 사건 발생
- 해당 지역은 상습 정체 구간으로 편도는 정체가 심하고 반대편 차선은 차량이 없어서 강도들은 길거리에서 과자를 파는 것처럼 위장하여 접근
• 보고타 시에서 RCN 기자는 자동차로 Santa Fé 구 La Perseverancia 지역을 이동 중 도로를 막고 있는 차량에 막혀 정차를 하였고 이때 몇 명의 남성이 차량에서 내려 피해자의 차량 유리를 깨고 칼로 위협 후 소지품을 강탈하는 사건 발생
- 범죄자들은 네비게이션 앱에서 해당 지역을 우회 경로로 안내하는 점을 알고 범행 대상을 기다리며 차량, 돌 등으로 도로를 막고 대기하는 것으로 보도
※ Santa Fé 구 La Perseverancia 지역과 유사한 지역으로 Bosa 구 La Libertad 지역(Calle 56 Sue con Carrera 88D)이 있으며 강도들이 골목에 숨어 있다가 해당 지역에서 승객이 타고 있는 택시가 신호로 정차하면 달려들어 탑승자들의 소지품을 강탈함. 해당 지역 주민들이 ‘강도 거리’라고 일컬을 정도로 사건 빈발
• 보고타 시 Teusaquillo 구 Nicolás de Federman 지역에서 차로 이동하던 한 남성이 괴한에 의해 살해되는 사건 발생
- 택시와 오토바이를 타고 접근한 괴한들은 차량 타이어를 쏜 후 차량 확인을 위해 차에서 내린 피해자를 살해
ㅇ 주의 사항
• 주차 전
- 주택 주차장에 차를 넣으려는 순간 접근하는 강도는 주차장을 통해 주택 안으로 침입도 시도할 가능성이 높으므로 목적지 도착 및 주차 전, 주위의 수상한 상황 여부를 확인하고 의심스러울 경우 해당 장소를 즉시 떠나고 경찰에 신고
- 가급적 길거리에 차를 세우지 말고 유료 주차장을 이용하고 외진 장소에 장시간 주차는 자제
- 유료 주차장을 이용할 경우에도 차량 열쇠를 항상 자신이 소지할 것
- 몇 시에 돌아올 것인지를 미리 계산할 것(주차할 때는 사람과 차량이 많았으나 돌아갈 때는 인적이 드물어지면 위험)
• 주행 전
- 자신의 차 안에 누가 있을 경우 즉시 경찰에 신고
- 시동이 걸리지 않거나 타이어에 바람이 빠져있는 등의 상황에서 누군가 의도적으로 도움을 주는 척 접근하는 경우 안전한 지역으로 이동 후 지인 등에게 도움 요청
• 주행 중
- 신호등에서 물건을 파는 사람에게서 물건을 사거나 신호대기 중 차량 유리를 닦는 사람들에게 유리를 닦지 말 것: 유리를 닦으면서 차량 내부를 관찰하여 귀중품 등을 발견하면 주변 일당에게 통보하여 목표를 따라가서 범행 가능
- 교통정체나 신호대기 시 앞차에 너무 바짝 붙지 말고 앞차의 뒷바퀴가 보일 정도의 거리 유지: 유사시 신속한 회피 가능
• 사고를 위장한 범죄에 주의
- 인적이 드믄 곳에서 고의로 접촉사고를 내서 차량에서 내린 운전자를 대상으로 강도짓을 벌이는 경우가 있으므로 미심적은 사고가 발생하면 차에서 내리지 말고 우선 경찰에 신고
※ 위험한 상황이 발생하면 즉시 현장을 벗어나서 가까운 경찰서나 사람이 많은 곳으로 이동할 것
- 인적이 드믄 곳에서 서있는 차량을 도와주기 위해서 정차하지 말 것 : 도움이 필요한 경우 경찰에 연락
- 오토바이가 주행 중인 차량 앞으로 가면서 나사나 못 등을 떨어트려 타이어에 문제가 생기게 한 후 해당 차량이 정차할 때를 노리는 경우가 있으므로 타이어 등에 문제가 생기는 경우 주유소 등 안전한 지역으로 이동하여 확인할 것
[환각제 및 수면제 성분을 이용한 강도]
ㅇ 사고 사례
• 보고타 시 Chapinero 소재 주택에 거주하는 외국인이 SNS를 통해 알게 된 여성을 집으로 초대한 후 의식을 잃고 귀중품을 도난당하는 사건 발생
- 피해자는 약물에 취해 2일간 의식을 잃었고 자칫 생명을 잃을 수도 있던 위험한 상황
• 보고타 시 유흥가(Zona T) 인근 노점에 담배를 사러 나간 한 남성이 노점상에서 다른 남성이 피해자에게 꽃으로 보이는 물건을 건네며 흔들고 같이 걸어가는 장면이 CCTV에 찍힌 후 연락이 두절되는 사건 발생
- 피해 남성은 같은 날 저녁에 발견되었으나 아무런 기억을 하지 못했고 실종된 동안 신용카드에서 돈이 인출
• 보고타 시 소재 자택 앞에서 택시는 탄 한 남성은 택시 기사가 건네준 손세정제를 사용한 후 의식을 잃었고, 깨어나 보니 자택 안이었으나 집안의 모든 서랍이 다 열려있고 휴대전화 등 소지품을 도난당하는 사건 발생
• 보고타 시 Kennedy 구 소재 주점에 2명의 남성이 술을 마시러 갔다가 여성 2명과 합석을 한 뒤 약물에 중독되는 사건 발생
- 피해자 1명은 다음 날 오전 11시경 Cundinamarca 주 Apulo 시 소재 벌판에서 정신을 차렸으며, 다른 피해자도 Tocaima 시 인근 벌판에서 발견
• 보고타 시 Usaquén 구 소재 술집에서 한 남성이 Tinder 어플을 통해 한 여성을 만났고 이후 남성의 동생은 형이 택시로 집에 들어오는 것을 봤으나 형의 외상 등 몸 상태가 이상해서 병원에 가서 확인한 결과 벤조디아제핀(신경 안정제)에 중독된 것으로 확인되는 사건 발생
- 사고 당일 피해 남성은 동석한 여성을 믿고 마시던 음료를 그대로 둔 채 화장실에 다녀왔으며 피해자가 기억하는 단편적인 기억과 Galerias 지역 CCTV에 찍힌 영상 등을 보면 여성 이외 3-4명의 남성 공범이 존재
- 강도들은 최소 24시간 피해자를 억류한 상태에서 계좌번호 비밀번호를 알아내기 위해 폭력을 가하고, 피해자의 휴대전화를 이용하여 피해자인 척하며 지인들에게 돈을 요구
• 보고타 시 Teusaquillo 구 소재 주택에서 한 남성이 스코폴라민(scopolamine) 중독으로 강도 피해를 입는 사건 발생
- 1년간 알고 지내던 여성이 사업 논의를 위해 피해 남성의 집에 방문하여 피해 남성을 약물로 중독 시킨 후 일당 2명이 추가로 들어와서 범행
- 마지막으로 들어온 일행은 용접기를 가지고 들어와서 금고까지 열고 범행
ㅇ 주의 사항
• 낯선 사람으로부터 받은 음식물 등은 먹지 말 것: 마약 등 환각제나 강력한 수면제 성분 포함 가능
• 음식물에 대한 경계가 높아지자 최근에는 꽃, 전단지 등에 환각제 성분을 묻혀서 피해자를 중독시키거나, 강력한 수면제 성분이 포함된 손세정제를 이용하게 유도하는 등 수법이 교묘하게 진화하고 있으므로 낯선 사람이 건네는 물건을 받지 말 것
• SNS를 통해 알게 된 사람을 만나서 식당이나 호텔 등으로 들어간 뒤 의식을 잃고 모든 소지품을 도난당하고 깨어난 뒤에도 기억을 못하는 경우가 전형적인 수법이므로 잘 알지 못하는 사람을 따라 식당이나 숙소로 들어가지 말 것
- 전문가에 의하면 범죄자들이 무색무취의 스코폴라민(scopolamine) 같은 환각 물질을 주점이나 나이트클럽에서 피해자의 목이나 옷에 묻히거나 음료에 타는 수법을 이용하고 여의치 않으면 쵸콜릿이나 사탕에도 첨가할 수 있고, 차량 이동서비스 이용 중 제공되는 냅킨에 묻힐 수도 있으며 심지어 차량 내 공기 중에 뿌리는 것도 가능
※ 콜롬비아에서 2021.10월부터 2022.5월 중순까지 총 542건의 약물 중독 사건 발생
[주택 및 건물 침입 강도]
ㅇ 사고 사례
• 보고타 시 Usaquén 구 소재 건물에 11명의 강도가 건물 내 여러 사무실의 집기 및 귀중품을 탈취하는 사건 발생
- 강도들은 건물 내에 사무실을 임차한 후 사무실에 숨어서 대기하다 심야시간 경비가 허술한 틈을 노려 범행
• 보고타 시 Usaquén 구 소재 주택단지에 강도가 침입하는 사건 발생
- 연휴 기간 집을 비우는 점을 노리고 강도 중 여성이 경비의 주의를 끄는 동안 공범들이 경비를 제압하는 방식으로 침입
• 보고타 시 Teusaquillo 구 소재 숙소(에어비앤비)에 3인조 총기 강도가 침입하여 투숙객의 소지품과 현금 등을 강탈하는 사건 발생
• 보고타 시 Puente Aranda 구 El Tejar 지역과 Teusaquillo 구 El Campin 지역 소재 주택에서 의료진 복장으로 위장한 강도(여성 2명, 남성 1명)가 가택에 들어와서 귀중품을 훔치는 사건이 잇달아 발생
- 피해자는 주로 노인들이며 보험사 및 보건국 직원을 사칭한 강도들은 피해자에게 소변 샘플을 받아오라고 하여 피해자가 화장실에 들어가 있는 사이 범행
• 보고타 시 Kennedy 구 소재 창고에 ‘인간 사다리’로 침입한 강도들이 트럭, 택시 등 차량을 이용하여 창고 내 주요 장비 및 원자재 등을 불과 4시간 만에 싹 쓸어서 도주하는 사건 발생
- 보고타 시 La Candelaria, Santa Fé, Barrios Unidos 지역이 빈집털이 다발 지역이며, ‘인간 사다리’로 2층 발코니나 창문으로 침입하는 방식
[무장단체 및 범죄조직 간 충돌 및 테러공격 사건 등]
ㅇ 사고 사례
• 2021.03.21. 베네수엘라 군대가 콜롬비아 접경지역인 Apure 주에서 콜롬비아무장혁명군(FARC) 잔당을 대상으로 군사작전을 펼치면서 양측 간 무력 충돌이 발생하였고, 약 5,000명의 베네수엘라 인들이 콜롬비아 Arauca 주 Arauquita 시로 피난하는 사건 발생
• 2021.06.15. Cúcuta 시 육군부대 차량 폭탄 테러 발생으로 수십 명의 사상자 발생
• 2021.06.25. 콜롬비아 대통령 탑승 헬기가 Cúcuta 공항 착륙 직전 동 헬기에 대한 총격테러 사건 발생
• 2021.07.19. Antioquia 주 Itango 지역에서 범죄조직 간 충돌로 인해 해당 지역 주민 1,687세대 총 4,099명이 피난하는 사건 발생
• 2021.08.04. Nariño 주 Roberto Payán 시(소위 Telembi Triangle: Barbacoas, Magüi Payán 및 Roberto Payán에 위치)에서 콜롬비아무장혁명군(FARC) 잔당과 국민해방군(ELN) 및 Clan del Golfo 간 충돌을 피하기 위해 14,200명(약 6,100세대)이 피난하는 사건 발생
• 2021.10.20. Cauca 주 Argelia 시 외곽 La Bellaza, El Sinai, El Plateado 및 El Mango 지역에서는 한 달 넘게 무장단체와 정부군 간 충돌이 지속되면서 해당 지역 주민 1,200명 이상이 피난하는 사건 발생
• 콜롬비아 국민해방군(ELN)은 2022.02.23. ~ 2.26. 기간 콜롬비아 전역에서 무장파업(테러)으로 Cesar 주, Santander 주, Norte de Santander 주, Nariño 주, Cauca 주에서 10건의 테러 사건을 일으켜 도로 및 다리가 파괴되고 인명피해(사망 1명, 부상 12명)를 초래
• 2022.03.26. 보고타 시 Ciudad Bolívar 구 소재 Arborizadora Alta 지구대(CAI)에서 폭발사건이 발생하여 인명피해(사망 2명 및 부상 39명) 및 재산피해 발생
• 범죄조직(Clan de Golfo, 다국적 마약카르텔)은 체포된 우두머리 Dario Antonio Usuga(일명 Otoniel)가 2022.05.04. 미국으로 송환되자 이에 대한 보복으로 5.05. ~ 5.10. 기간 동안 소위 무장파업이라는 테러 활동을 벌여 콜롬비아 전역에서 많은 피해 초래
- 5일간 8명 사망(군경 5명 및 민간인 3명), 10개 주 101개 도시에서 190건 폭력 사태 발생 및 187대 차량 전소 피해
• 범죄조직(Clan de Golfo 주도)은 2022.7월 중순부터 8월 초까지 ELN 및 FARC 잔당과 합세하여 군인과 경찰을 대상으로 총격테러 자행
- 정부당국은 7.29. Córdoba 주를 비롯 Sucre 주, Bolívar 주, Antioquia 주, Cesar 주에서 Clan del Golfo 조직의 테러 대응을 위해 1천 명의 군인을 파견
※ 2006년까지 정권교체 시기마다 무장단체의 테러 증가: 2006년 Álvaro Uribe 대통령 연임 및 2010년 Manuel Santos 대통령부터 이러한 고리를 끊고 무장단체에 대한 강경노선 유지
- 2022년 페트로 정권 취임을 앞둔 시기에 Clan del Golfo에 의해 과거 재현: 7월 마지막 2주간 경찰 10명 및 군인 5명 사망
ㅇ 주요 사고 발생 장소
• 무장반란단체 및 범죄 조직이 장악한 지역으로 에콰도르 및 베네수엘라 접경지역, 코카 등 불법작물이 재배되는 밀림 지역 등
ㅇ 주의 사항
• 위험 지역 방문을 자제하고 부득이 하게 방문을 할 경우 주변 지인들과 동선 및 일정을 미리 공유
자연재해
ㅇ 2017.04.01. : 푸투마요주 모꼬아에서 홍수 발생으로 300명 사망, 200명 실종
ㅇ 2019.04.21. : 까우까주에서 폭우로 인한 산사태로 최소 19여명 사망, 14명 실종
ㅇ 2020.11.20. : 안티오끼아주 다베이바 지역에서 폭우 및 홍수로 26여명 사망, 10여명 실종
ㅇ 2021.03.01. : 안티오끼아주에서 진도 5.1 지진 발생으로 9명 사상
ㅇ 2022.02.08. : 페레이라 지역에서 폭우로 인한 산사태로 최소 15여명 사망, 35명 사상
ㅇ 2022.04.07. : 안티오끼아주에서 폭우로 인한 산사태로 최소 20명 사상
* 매년 우기철에는 홍수 및 산사태로 많은 사망자가 발생되고 있음
유의해야할 지역
ㅇ 보고타, 메데진, 깔리 등과 같은 대도시에서는 외국인을 상대로 하는 급행납치, 무장 강도, 날치기 등 범죄 등이 지속적으로 발생하고 있는 바, 가급적, 야간 외출을 삼가고, 외출 시에도 범죄인의 목표가 되지 않도록 가급적 검소한 복장과 귀금속 등 고가품은 휴대하지 않도록 유의(날치기 당할 때 이를 저지하기 위해 범죄자와 맞설 경우 더 큰 피해를 당할 수 있음을 유의)
- 특히, 보고타 남쪽지역은 빈민가로 치안이 매우 열악한 실정이니 방문 자제 요망
ㅇ 콜롬비아에서는 택시 이용시 콜택시 이용 권장. 길거리에 정차해 있는 택시를 이용하다가 택시 강도를 만나는 경우가 빈번히 발생하고 있어 항상 주의가 필요
ㅇ 호텔이나 공항에서 노트북이나 여권 등이 들어있는 휴대용 가방을 책상이나 땅에 내려놓고 잠깐 한눈을 팔다가 가방을 분실하는 경우가 자주 발생되고 있느니, 언제나 가방은 몸에서 떨어지지 않도록 유의
ㅇ 스마트폰은 주재국에서 최고의 절도 대상 품목이니 가급적 길거리에서 스마트폰을 사용하지 말고, 꼭 통화가 필요한 경우에는 가급적 건물 내부로 들어가 통화하는 것이 필요
ㅇ 국경지역을 포함한 남.북부 지방지역에는 무장게릴라 및 신흥 범죄단체(Bacrim)의 공격이 빈번하게 발생하고 있고, 민간인 납치사건도 자주 발생되고 있으니, 가급적 지방 여행(특히 버스 이용)은 삼가고 부득히 한 경우에는 반드시 사전 행선지를 지인에게 통보
-->"
콩고,Congo,CG,아프리카,2022-08-02,"사건ㆍ사고 현황 □ 정세
ㅇ 1997년 공식적인 내전 종결 이후에도 콩고공화국 정부와 반군간에는 간헐적인 무력충돌이 발생해 왔으며, 2003년 콩고 정부와 반군간 평화협정 체결에도 불구, 정부와 반군간 갈등으로 치안 불안 요소는 상존하고 있으나, 점차 대내적인 안정을 찾아가고 있습니다.
ㅇ 콩고공화국 정부는 전국가적인 차원에서 화합과 정치적 안정을 위해 지속적인 노력을 경주중이며, 이의 일환으로 2005.10월 1997년 이래 망명중이던 Bernard Kolelas 전 총리에 대한 사면을 단행하였습니다.
ㅇ사수 응게소(Denis Sassou-Nguesso) 현 대통령은 2016년 대선에서 재집권에 성공하였으며, 2017년말 남부 반군세력과 평화협정이 체결되었으나, 여전히 정세는 유동적입니다.
ㅇ 석유산업에 과도한 의존, 유가 하락 그리고 정부부채 증가 및 외국인 투자 감소 등으로 경제 상황이 어려움을 겪고 있으며, 치안불안이 상존하고 있습니다.
□ 치안상황
ㅇ 2003.03 정부와 반군 사이의 휴전협정이 이루어졌지만, 전쟁범죄(콩고민간인 살해, 사유지 약탈, 등)의 위험이 있을 수 있으므로 유의하시기 바랍니다(특히 수도권 Pool 지역).
ㅇ 거리에서 도난, 폭력을 수반한 도난, 가방 채어가기 등이 발생할 수 있습니다. 현지경찰에 도움요청이 어렵고 도난의 경우 사법적 대처가 제한적일 수 있으므로, 귀중품이나 서류는 안전한 장소에 두기 바라며, 공공장소에서 지갑을 보이거나 밤에 혼자 다니는 일 등이 없도록 유의하시기 바랍니다.
ㅇ 전국에 도로 바리케이드가 있고, 경찰(또는 경찰 사칭)이 외국인을 구속하거나 금전 또는 귀중품을 갈취하려 할 수도 있으므로, 브라자빌시와 뽀엥트-느와르시 사이 이동은 철도교통을 피하고 항공편으로 하시기 바랍니다(범죄집단의 표적이 될 수 있음).
ㅇ 콩고강에 접한 콩고민주공화국(RDC)의 안전상태가 불안하므로 양국의 국경지역인 우방기(Oubangui)강 유역, 수도권 Pool지역과 부엔자(Bouenza) 동쪽 여행은 매우 신중을 기해야 합니다.
ㅇ 관광시설은 제한적이며 정전이나 휘발유 부족이 자주 발생합니다.
사건ㆍ사고의 유형
ㅇ 외국인(여행객 포함)에 대한 검문이 있을 수 있으므로 반드시 신분증(주재국 비자가 있는 여권 등)을 휴대하시기 바라며, 절도 및 소매치기 가능성에 대비하여 항상 여권 등 신분증 사본을 준비하시기 바랍니다.
ㅇ 여행용 가방은 열쇠로 항상 시건하여 주시기 바라며, 공항 주변 현지인의 소매치기 가능성에 대해서도 유의하시기 바랍니다.
자연재해
ㅇ 자연재해 유형 :
- 홍수 : 우기(10~12월과 3~5월)에 돌발적으로 쏟아지는 폭우로 인한 홍수가 자연재해 중 가장 큰 피해를 줌
- 전염병 : 가장 많은 수의 피해자를 내는 자연재해이었지만 2008년 이후 진정됨
- 가뭄 : 빈도와 피해정도가 적음
- 지진 : 빈도와 강도가 약함
유의해야할 지역
ㅇ 가급적 야간 통행을 삼가하여 주시기 바라며, 특히 야간에는 도심중심부 이외 지역으로의 이동은 반드시 자제하여 주시기 바랍니다.
ㅇ 브라자빌(수도) 인근 남부 지역(pool 지역)은 물론, 콩고 북부 likouala 지역 콩고 민주공화국과의 접경(ubangi강 유역) 지역으로는 여행을 자제하여 주시기 바랍니다."
콩고민주공화국,Democratic Republic of Congo,CD,아프리카,2025-05-21,"사건ㆍ사고 현황
□ 정세
ㅇ 1990년대 초반 콩고 1차 내전에 이어 1997-2002년 우간다, 르완다 앙골라, 나미비아, 짐바브웨 등의 주변국이 개입하여 콩고 2차 내전이 발발하였으며, 2003년 7월 과도정부가 구성됨으로써 내전은 대부분 종식되었으나, 남북 Kivu 등 동부 지역 일부에서는 무장 반군 또는 민병대들의 활동으로 정부군을 비롯한 세계 최대 규모(약 17,000명)의 유엔DR콩고안정화임무단(MONUSCO)이 상주하고 있습니다.
ㅇ 2018.12.30 대선에서 치세케디 UDPS 야당 대표가 대통령에 당선되어 2019.1.24.에 취임하였습니다. 선거 전후에 소요 가능성이 제기되기도 하였으나, 비교적 큰 혼란없이 DR 콩고 사상 처음으로 선거를 통해 정부가 교체되었습니다.
ㅇ 다만, 카빌라 전 대통령이 주도하는 FCC 정치연합이 하원 의석의 2/3 이상, 상원 의석의 80%, 주지사의 67%를 차지함에 따라 큰 차이의 여소야대 정국이 형성되었습니다.
ㅇ 2019년 4월 현재 신정부의 내각이 구성되지 않고 있어 정국 유동성은 당분간 이어질 전망입니다.
ㅇ 신정부 출범 이후 일부 반군세력이 투항 의사를 보이고 있으나, 여전히 반군 활동은 지속되고 있으며, 동부 북키부주, 이투리주의 에볼라 감염은 2019년 4월초 현재 1,100여건을 넘어 지속적인 주시가 필요한 상황입니다.
ㅇ 아울러, 현재 DR콩고 동부지역에서 50여개에 달하는 무장단체들이 여전히 활동중이나, DR콩고 정부의 각종 군․ 정치 개혁 조치들이 미진한 상태에 머물면서, 가까운 미래에 동부지역 불안정 해결은 난망시 되고 있습니다.
□ 치안 상황(일반 범죄 등)
ㅇ 콩고민주공화국은 2015년 10월 지방의회 의원선거를 시작으로 2016년 11월 대선까지 모든 선거일정이 예정되어 있어, 소요 발생 가능성이 항시 있으므로 거주 교민이나 방문객들은 정세 동향에 항상 유의하여야 하며, 특히 동부 지역(분쟁지역)은 여행 제한지역으로 지정되어 있음을 유념하여야 합니다.
ㅇ 킨샤사 등 대부분의 지역에서 외국인을 상대로 하는 경범죄율이 높아, 교민을 비롯한 여행객들은 항시 치안에 유의하여야 합니다.
- 공항이 매우 혼잡하고 세관, 이민심사가 자의적으로 이루어지는 경우가 있으므로 가급적 현지에 있는 지인을 통해 공항에 출영토록 하는 것이 바람직하며, 특히 근무자 등이 사소한 트집을 잡아 금품을 요구하는 경우가 있으므로 황열병 예방접종 카드 등 필요 서류를 항시 지참해야 합니다.
- 혼자서 도보로 이동하거나, 대중교통 수단을 이용하지 말고, 반드시 현지인 운전수가 운전하는 렌트카나 자가용을 사용하는 것이 바람직합니다.
* 현지 렌트카 회사의 경우 의무적으로 차와 함께 운전수를 고용해야 함
- 현지인 밀집 지역 출입은 안전상 삼가는 것이 좋습니다.
사건ㆍ사고의 유형
ㅇ 상점, 은행, 시장 등 혼잡한 곳에서는 소매치기, 절도 가능성에 항상 대비해야 합니다.
ㅇ 노상에서 경관을 사칭하면서 접근, 소지품을 가지고 달아나는 사기범에 유의해야 합니다.
ㅇ 킨샤사 시내에 소위 “거리의 아이들”에 의한 외국인 상대 범죄 가능성이 있는 바, 야간 통행은 삼가며, 부득이한 경우에는 항상 차량으로 이동해야 합니다."
쿠바,Cuba,CU,미주,2023-11-24,"사건ㆍ사고 현황
[내전, 테러(피랍)사건 등 동향]
ㅇ 쿠바는 사회주의 국가로 내전이나 테러(피랍)사건은 없습니다.
[범죄현황 등 치안상태]
ㅇ 쿠바는 중남미 지역에서 외국인에게 가장 안전한 지역으로 손꼽히고 있을 만큼 전반적인 치안상태는 양호합니다.
ㅇ 시내 곳곳에 경찰이 있기 때문에 대로변은 치안에 문제가 없으나, 아바나 구시가(Old Havana) 지역은 주간에도 소매치기가 있으므로 유의해야 합니다.
ㅇ 특히, 쿠바 현지에는 우리나라 대사관 등 재외공관이 존재하지 않으므로 여행자 신변보호가 어렵습니다. 따라서 여권 분실시 주멕시코대사관을 통해 신규 여권을 발급받아야 하므로 시간이 걸리고 여권 미소지자의 경우 쿠바 당국에 구류되는 사례도 있으므로 각별한 주의가 필요합니다.
사건ㆍ사고의 유형
[사례 1] 여권분실
ㅇ 여행 중에 여권을 분실하는 경우가 있습니다. 여권 미소지자는 곧바로 연행, 구금될 가능성도 있으므로 특히 관리에 주의해야 합니다.
ㅇ 쿠바에는 우리 상주대사관이나 영사관이 없으므로 여권 분실시 신규 여권 또는 증명서 발급에 상당한 시간이 걸립니다.
[사례 2] 소매치기, 절도
ㅇ 공원이나 광장 등의 공공장소에서 소매치기나 절도 범죄가 발생하고 있습니다. 또한, 클럽이나 바에서 친절을 가장하여 접근하였다가 헤어질 때 지갑 등을 절취하는 사례가 있습니다.
ㅇ 호텔 객실내에서도 소지물품의 도난 및 분실 사례가 발생합니다.
[사례 3] 호객행위
ㅇ 쿠바 특산물인 시가나 고서적 구입을 유도하는 외국인 상대 길거리 호객행위가 많습니다. 대부분이 가짜이며 호객꾼이 강도로 돌변할 수도 있으므로 주의가 필요합니다.
[대책]
ㅇ 현금 및 귀중품은 호텔의 안전박스(Safety Box)에 보관하고, 가능한 현지 한인 또는 전문 가이드를 활용합니다.
ㅇ 여권이나 신분증, 신용카드 등은 돈지갑과 다른 주머니에 휴대하고, 여권은 복사본을 준비하는 것이 좋습니다.
ㅇ 일몰 후 시내중심가나 한적한 곳에서 홀로 산책하거나 이동하는 것을 삼가시기 바랍니다.
자연재해
ㅇ 우기에 해당하는 8월부터 10월까지 허리케인의 내습이 잦습니다. 2008.9월 Fay, Gustav, Hanna, Ike 등 4개의 허리케인이 쿠바를 강타하여 큰 피해를 입힌 바 있습니다.
유의해야할 지역
ㅇ 아바나 구시가 지역은 소매치기 피해가 많은 지역입니다.
ㅇ 야간에는 가급적 호텔밖 출입을 자제하는 것이 좋습니다. 특히, 아바나 해안도로 Malecon 지역은 야간 보행시 대단히 위험합니다."
쿠웨이트,Kuwait,KW,중동,2025-05-21,"사건ㆍ사고의 유형
[범죄현황 등 치안상태]
ㅇ 쿠웨이트의 치안 상황은 전반적으로 양호한 편이나 야간에 인적이 드문 곳을 도보로 이동하는 것은 자제하여야 하며, 여성을 상대로 한 성범죄도 간혹 발생하고 있으니 여성이 혼자 외출하는 것은 바람직하지 않습니다.
[교통사고 및 안전사고]
ㅇ 쿠웨이트는 교통사고 사망률이 높은 국가로서 과속 등으로 인한 교통사고가 빈발하고 있습니다.
ㅇ 운전시 앞차와의 간격을 충분히 유지하여 만일의 사태에 대비하고 추월선인 1차선 운행을 피하여 과속차량과의 추돌사고를 방지하는 것이 바람직합니다.
ㅇ 교통사고가 발생할 경우 교통에 방해가 되더라도 반드시 차량을 사고현장에 그대로 두고(차량 무단이동시 경찰조사에서 불리하게 작용) 경찰 및 보험회사에 신고하여 사고를 원활하게 수습해야 합니다.
자연재해
ㅇ 특별한 자연재해는 빈발하고 있지는 않지만 겨울에서 봄으로 전환되는 환절기를 중심으로 모래폭풍이 발생하고 심할 경우 1개월 이상 지속되는 관계로 이로 인한 교통사고나 질병에 유의할 필요가 있으며, 겨울철에는 매우 드문 경우이기는 하나 갑작스럽게 국지적인 폭우가 내리기도 합니다.
유의해야할 지역
ㅇ 쿠웨이트의 치안 상황은 전반적으로 양호한 편이나 야간에 인적이 드문 곳을 도보로 이동하는 것은 자제하여야 하며, 여성을 상대로 한 성범죄도 간혹 발생하고 있으니 여성이 혼자 외출하는 것은 바람직하지 않습니다.
ㅇ 이라크 국경 지역, 베두인(쿠웨이트내 무국적 유목민)이 다수 거주하는 Jahra 지역, 제3국인 남성노동자 밀집거주지역인 6번도로 선상의 Khaitan, Jleeb Al-Shyoukh, Hasawi 지역 등을 방문하는 것은 자제하는 것이 바람직합니다.
ㅇ 걸프전당시 이라크군이 다량으로 매설한 지뢰로 인한 사고가 아직도 간헐적으로 발생하고 있으니, 사막 및 섬 등 인적이 드문 장소에 대한 개별적인 출입은 삼가는 것이 바람직합니다."
쿡제도,Cook Islands,CK,아주,2023-11-24,"사건ㆍ사고의 유형
ㅇ 경범죄(주거침입, 절도, 강도폭행 등)
자연재해
ㅇ 사이클론(Cyclone) 11월~4월"
크로아티아,Croatia,HR,유럽,2023-11-24,"사건ㆍ사고의 유형
ㅇ 크로아티아는 연 1,000만명이상의 관광객이 방문하는 관광국가로서 관광 성수기인 여름철에 관광지, 국경출입국 사무소, 공항만, 열차, 버스터미널 등에서 여타 지역과 마찬가지로 여권 또는 소지품을 분실하거나 도난당하는 경우가 있으므로 주의하실 필요가 있음
ㅇ 해안 관광지 수온이 외부 기온에 비해 낮은 경우가 일반적이어서 바다 또는 야외수영장에서 수영중 심장마비로 인한 익사사고가 발생하는 사례도 있어 특별한 주의가 필요함
ㅇ 또한, 렌트한 차량을 주차금지구역 또는 주차가 허용된 지역이라도 허용시간을 초과해 주차했다가 견인되는 사례가 빈번히 발생되고 있으니 차량을 주차할 때에는 반드시 인근 상점 등 주변 현지인들에게 주차구역인지 여부와 주차 가능 시간을 확인하는 것이 좋음
자연재해
ㅇ 크로아티아는 태풍이나 허리케인과 같은 재해는 없으나, 지중해 대륙붕 지역의 지각변동 영향을 받아 해안지역의 경우 간헐적인 지진이 발생하는 경우가 있음 (2020년 3월 및 12월 강진으로 인명피해 발생)
ㅇ 아울러, 겨울철 내륙 산간 지역에서는 돌발적인 폭설로 교통이 마비되는 경우가 있으며, 해안지역에서는 지중해에서 불어오는 강풍의 영향을 받아 고속도로의 차량 통행이 금지되는 경우가 빈번하게 있음
유의해야할 지역
ㅇ 크로아티아 국민들은 외국인에 대해 친절한 편이며, 야간에도 주요 도시에서 보행이 자유로울 정도이나, 사람들의 보행이 많지 않은 곳이나 클럽, 바(bar) 등 유흥주점에서는 사고가 일어날 수 있으므로 각별한 유의가 필요함"
키르기즈공화국,Kyrgyz Republic,KG,유럽,2023-11-24,"사건ㆍ사고의 유형
ㅇ 야간에 도보 이동시 외국인을 대상으로 폭행을 하고, 금품을 빼앗는 경우가 종종 있으므로 이에 대한 주의가 필요합니다.
ㅇ 길거리 등에서 경찰에 불심검문을 받는 경우 여권, 유효한 비자 등을 소지하고 있지 않은 경우 경찰서로 연행되어 조사를 받는 경우가 있으므로 외출시 꼭 신분증을 소지하시기 바랍니다.
ㅇ 결혼중개업체 등을 통해 키르기즈 국민과 결혼을 하는 경우 결혼 사기에 연루되어 피해를 당하는 경우가 있습니다.
ㅇ 주차 차량을 파손하고 차량 안에 있는 가방, 소지품 등을 절도하는 경우가 종종 있으므로 차량안에 귀중품을 두고 내리지 마시기 바랍니다.
ㅇ 시장, 버스 등 사람들로 많고 혼잡한 곳에서 소매치기를 당하는 경우가 종종 발생하고 있습니다.
자연재해
ㅇ 오쉬, 바트켄, 나른 주를 비롯한 남부 지역은 가끔씩 지진이 발생하는 지진 위험지역이며, 비쉬켁을 포함한 전 키르기즈 지역들도 지진의 위험성을 항상 지니고 있는것으로 알려져 있습니다.
ㅇ 2008년에는 키르기즈에서 발생한 강력한 지진으로 70여명이 사망한 사례가 있었습니다.
ㅇ 2011년에는 키르기즈스탄-우즈베키스탄-타지키스탄에 걸쳐있는 페르가나 계곡에서 규모 6.2의 지진이 발생하여 키르기즈에서만 3천500여 채의 건물과 시설들이 피해를 입은 사례가 있습니다.
ㅇ 키르기즈는 뚜렷한 우기가 없고, 태풍이나 폭우로 인한 홍수 피해는 거의 발생하지 않지만, 국토의 93%가 산악지역으로 장거리 이동중 낙석 사고와 겨울철의 경우 폭설로 인한 피해가 가끔씩 발생하고 있어 겨울철 여행시에는 폭설에 유의하여야 합니다.
유의해야할 지역
ㅇ 수도인 비쉬켁시 이외의 지역을 여행할 때는 치안상태 및 교통사정이 좋지 않을 수 있으므로 만일의 경우를 대비하여 안내자를 대동하고 여행하는 것이 좋습니다.
[소매치기 유의 지역]
ㅇ 수도 비쉬켁에서 특히 유의해야 할 곳은 시내 여러 곳에 있는 재래시장들입니다. ‘오쉬’ 시장과 ‘도르도이’ 시장 등은 많은 사람들이 모이는 곳이기 때문에 소매치기, 날치기 등 금품 도난사건이 빈발합니다. 재래시장을 방문할 때는 여권, 지갑 등 소지품에 각별히 유의해야 합니다. 또한 시내버스 등 사람들이 혼잡한 장소에서도 외국인을 대상으로 한 날치기 피해가 발생하고 있으니 소지품 관리에 유의하기 바랍니다.
[자연재해 빈발 지역]
ㅇ 최근 2011년에는 키르기즈스탄 남부 바트켄 지역 주변 키르기즈스탄-우즈베키스탄-타지키스탄에 걸쳐있는 페르가나 계곡에서 발생한 규모 6.2 지진으로 키르기즈에서만 3천500여 채의 건물과 사회시설이 피해를 입었습니다."
키리바시,Kiribati,KI,아주,2024-11-04,"사건ㆍ사고의 유형
ㅇ 키리바시에서 흉악 범죄의 발생률은 낮으며 치안상황은 양호한 편입니다. 그러나 절도, 폭행 등과 같은 일반적 범죄 피해 발생 및 음주로 인한 범죄 가능성 등에 주의할 필요가 있습니다.
ㅇ 도보로 이동시에는 들개에 주의하여야 합니다.
ㅇ 수도 타라와(Tarawa) 시내 주변의 일부 해안은 오염되어 있으므로 수영을 자제하는 것이 좋습니다.
자연재해
ㅇ 키리바시는 적도 가까이 위치하여 통상적 열대성 저기압(사이클론)의 진행경로에서 벗어나 있으나 강풍, 홍수 등 사이클론으로 인한 영향이 있을 수 있습니다.
ㅇ 지진으로 인한 해일 발생 가능성이 있으며, 키리바시는 높은 지대가 없는 산호초섬으로 이루어져 있으므로 해일 발생 경고가 있을 때에는 높은 건물 등으로 대피하여야 합니다.
유의해야할 지역
ㅇ 식당가, 술집 등지에서 시비에 휘말리지 않도록 주의하는 것이 좋습니다.
ㅇ 야간에 도보로 이동한다거나, 외딴 곳을 단독으로 방문하는 등의 위험한 행동은 자제하는 것이 좋습니다."
타지키스탄,Tajikistan,TJ,유럽,2025-05-21,"사건ㆍ사고의 유형
[교통사고 및 안전사고]
ㅇ 현지 시장(바자르) 등 군중이 밀집한 곳에서는 날치기, 소매치기에 주의하여야 합니다.
ㅇ 신용카드는 일부 고급 호텔 및 대형 상점에서 통용되고 있으며, 분실시 악용 가능성이 크므로 분실시에는 즉각 한국의 해당은행에 분실신고를 하기 바랍니다.
자연재해
ㅇ 국토의 대부분이 산악지대로 이루어져 있고 지진대에 위치하고 있어 자주 크고 작은 지진들이 발생하고 있습니다.
유의해야할 지역
ㅇ 수도 두샨베 시내에서 주간에 도보 통행하는 것은 위험하지 않으나 야간에 도보 통행시는 한적한 골목길을 피하는 것이 바람직합니다.
ㅇ 아프가니스탄 접경지역의 경우 여행경보단계 3단계(출국권고) 지역인 바, 긴급한 용무가 아닌한 방문을 삼가하여 주시고 단기방문자의 경우 여행을 취소하여 주시기 바랍니다.
ㅇ 주요관광지로는 세계의 지붕 파미르고원과 유적지인 히스로, 판지켄트, 후잔드 등이 있으나 지방의 호텔, 식당시설등이 열악한 관계로 전력사정이 양호한 하계기간이 여행에 적당하며 이 경우 현지 여행사를 통하여 일정, 숙박 등을 협의하는 것이 바람직합니다."
탄자니아,Tanzania,TZ,아프리카,2025-05-21,"사건ㆍ사고 현황
ㅇ 차량이나 오토바이를 이용하여 길거리 행인의 가방을 탈취하는 범죄 급증
ㅇ 신호대기중인 택시를 습격하여 상해 및 물품 탈취 발생
ㅇ 야간 주택침입 강도 발생
사건ㆍ사고의 유형
ㅇ 버스안, 길거리 소매치기
ㅇ 주차 차량의 창문을 깨고 절도
ㅇ 야간 주거침입 강도
ㅇ 택시 강도
ㅇ 물놀이, 스노쿨링 도중 안전사고
자연재해
ㅇ 우기철(3~5월 대우기, 10-12월 소우기)에는 단시간에 많은 비가 내려 지대가 낮은 곳은 홍수의 위험이 있습니다.
유의해야할 지역
ㅇ 사람이 붐비는 시내(Mwenge, Posta, Kariakoo 등)를 다닐 때는 소지품 도난에 유의하셔야 합니다.
ㅇ 대중교통 이용시 안전을 위해 열려있는 창은 닫고, 개인 차량 및 택시이용시 차문을 잠그시기 바랍니다.
ㅇ 버스 이용시에는 소매치기, 교통사고를 조심하여야 하며, 택시는 영업허가를 받은 정식택시를 이용하여야 택시강도 피해 위험이 적습니다."
태국,Thailand,TH,아주,2025-05-21,"사건ㆍ사고 예방을 위한 일반 수칙
[1. 방문국 존중]
ㅇ 태국인들은 오랜 역사와 문화, 많은 유적과 아울러 한 번도 외세의 지배를 받지 않았다는 점 등에 대해 자랑스러워하고 또한 자존심이 높습니다. 방문국의 문화와 국민을 존중하는 것은 외국을 방문하는 관광객이 반드시 지녀야 하는 마음가짐입니다.
ㅇ 방문기간 중 태국인들이 소중히 여기는 왕실, 종교, 문화, 유적, 관습 등을 공공연히 비하하거나 조롱하는 언행은 자칫 사건사고 발생의 원인이 될 수 있습니다.
[2. “자국민 우선” 명심]
ㅇ 외국인과 내국인을 차별대우해서는 안 되는 것이 원칙이나 사실상 어느 나라든 내외국인간 시비가 발생하면 경찰 등의 공무원이 가급적 자국인에게 다소 호의적으로 처리하려는 것은 인지상정입니다. 따라서 외국을 방문 중에 현지인과 시비가 발생할 경우 불리한 입장에 처할 가능성이 있으므로 항상 언행에 주의하여 애초에 시비 거리가 발생하지 않도록 하는 것이 가장 바람직합니다.
ㅇ 만약 시비가 발생하여 경찰 등의 공무원이 자신에게 불리하게 일처리를 하고 있다는 생각이 들 경우에도 큰소리로 고함을 지르며 항의하거나 물리적인 저항을 자제하시고 침착한 가운데 논리적인 반박을 하셔야 하며, 대사관의 도움이 필요한 경우 즉시 전화 등으로 조력을 요청하십시오.
[3. 지나친 음주 자제]
ㅇ 태국내 아국인 관광객 관련 사건사고는 야간에 음주상태에서 발생하는 경우가 대부분입니다. 간혹 여행 분위기에 편승하여 지나친 음주와 고성 등으로 인해 술집 등에서 타인과 언쟁을 하거나 물리적인 충돌이 발생, 피해를 입는 경우가 있으므로 과도한 음주를 하지 맙시다.
[4. 낯선 사람의 지나친 친절 경계]
ㅇ 여행지에서 낯선 타인에 대한 경계심을 늦추지 말고, 특별한 이유 없이 지나친 친절을 베푸는 타인에 대해서는 국적을 불문하고 한 번쯤 그 의도를 의심해 볼 필요가 있습니다.
[5. 태국 왕실 등 모욕행위 엄금]
ㅇ 국왕 및 왕실, 불상, 스님 등은 절대적인 존경의 대상이므로 이들을 모욕하는 일체의 언행은 절대로 해서는 안 됩니다. 도처에 모셔진 국왕-왕비 등의 사진은 물론 화폐에 그려진 국왕의 사진에 대한 고의적 낙서나 훼손, 심지어 SMS나 SNS를 통한 일체의 모욕적 표현도 처벌대상이며, 모욕적 표현의 인터넷 게시글을 퍼 나르거나 방치하는 행위도 처벌되며 단순히 손가락으로 가리키는 행위도 시비를 야기할 수 있어 자제해야 합니다.
[6. 다액 현금소지 등 자제]
ㅇ 다액의 현금 및 고가의 귀중품, 신용카드 등은 가급적 호텔 금고나 프런트 등에 보관합시다.
[7. 여권 관리 철저]
ㅇ 여권은 해외에서 자신의 신분증명서 이므로 상시 휴대하시고 철저히 관리해야 합니다. 우리 여권은 세계 대부분 국가에 무사증으로 입국이 가능할 정도로 대외적으로 신인도가 높아 범죄 조직원들의 주요 절취 또는 위조의 표적이 되고 있습니다.
ㅇ 태국에서 여권을 분실할 경우, 이민국(태국어로 ""떠머"")에서 입국확인 등의 소정의 절차를 거쳐야 합니다. 특히, 주말 및 휴일에는 태국 이민국이 업무를 하지 않기 때문에 여행 일정에 막대한 차질을 가져오니, 여권 관리에 항시 주의를 기울이시기 바랍니다.
ㅇ 태국은 외국인의 여권 휴대가 의무이며, 가끔 경찰이 여권 제시를 요청하는 경우가 있습니다.
[8. 현지인들과 시비 자제]
ㅇ 태국인들은 자신에게 큰소리로 고함을 칠 경우 이를 심각한 모욕으로 받아들이며 특히 외국인과 물리적인 충돌이 발생할 경우 주위 사람들이 합세하여 외국인을 공격하는 경우가 있습니다.
[9. 심야시간 인적이 드문 뒷골목 출입 자제]
ㅇ 퍽치기, 날치기, 삐끼 등에 의한 피해가 발생할 수 있습니다.
[10. 휴대전화 상시 소지]
ㅇ 휴대전화 및 충전기를 상시 휴대, 충전상태를 수시로 확인하시고, 외부에서 배터리가 부족한 경우 식당, 커피숍 등 적당한 장소에서 휴식하면서 충전하십시오.
※ 일부 편의점에서는 급속충전 서비스를 제공
[11. 해변휴양지 방문 주의]
ㅇ 태국 해안은 파도가 생각보다 높고 수시로 일기가 바뀌어 잔잔하던 파도가 갑자기 높아지는 등의 현상이 잦아 해상 인명사고가 빈번히 발생하나, 위험표지시설이 충분하지 않고 응급의료 체계가 허술하며 의료시설도 부족한 실정이므로 항상 주의합시다.
[12. 타인물건 대리운반 등 절대 금지]
ㅇ 공항이나 여행지 등에서 낯선 사람이 접근하여 입국심사 시 통역이나 시내교통편 안내 등을 명목으로 동행을 부탁한다든가 자신의 휴대품을 특정 지점에 전달해 줄 것을 요청하는 경우 불법입국, 마약, 밀수 등의 범죄에 이용당하는 피해가 발생할 수 있으므로 절대 응해서는 안됩니다. 국제공항 내에서 타인의 물건을 대리운반 하는 행위는 세계 모든 국가에서 금지되고 있습니다.
[13. 여행자 보험 가입]
ㅇ 여행자 보험은 비교적 저렴한 보험료로 해외에서 사건사고 발생 시 많은 도움을 받을 수 있습니다. 이하 내용 생략
[14. 머리 만지기 주의]
ㅇ 태국인들은 머리에 영혼이 들어있다고 믿고 있습니다. 따라서 어른이든 어린이든 머리를 만지는 것은 금물이며 만약 실수로 만졌을 경우 즉시 정중히 사과하시는 것이 좋습니다.
사건ㆍ사고의 유형
[1. 택시 관련 사건사고]
ㅇ 사례 : 승차거부, 바가지(미터기 미작동, 먼길 돌아가기 등), 물건 분실. 교통사고 등 빈번
[대처요령]
ㅇ 승차거부, 바가지 등 행위는 태국법상 처벌대상이며 특히 2012.9.1.부터 승차거부에 대한 처벌이 강화 되었습니다. 택시 승차시 차량번호와 색상, 운전자명, 승차 및 이동장소, 이용 시간 등을 수첩 등에 기록하는 것이 바람직합니다.
ㅇ 운전자가 보는 앞에서 기사나 택시의 사진을 촬영하거나 할 경우, 시비발생 가능성이 있으므로 가급적 요령껏 운전자가 의식하지 않는 가운데 암기 또는 기록하는 것이 좋습니다.(태국 택시 뒷좌석 주위에는 차량 번호 등 정보가 부착되어 있습니다).
ㅇ 호텔에서 택시를 이용할 경우 대부분 호텔관계자가 차량번호 및 행선지 등을 기록해 놓으므로, 택시에서 물건을 두고 내렸을 경우나 요금시비 등 발생시 해당 택시를 찾기가 용이합니다.
ㅇ 간혹 승객의 안전벨트 미착용도 단속하므로 반드시 착용하시고 승하차시 지나가는 오토바이 또는 다른 차량 등에 주의하십시오.
ㅇ 승차거부 등 택시이용 관련 경미한 피해는 전화 1197로 신고하십시오.
[2. 유료 오토바이 사건사고]
ㅇ 사례 : 요금 시비, 추락 또는 충돌로 인한 사건사고 빈번
[대처요령]
ㅇ 미리 목적지를 말하고 요금이 얼마인지 분명히 확인한 후에 타십시오.
ㅇ 운행 중 오토바이 뒤쪽 손잡이를 꼭 붙잡고 발걸이에 발을 올려서 불의의 추락 및 충돌사고를 미연에 예방합시다.
ㅇ 출퇴근 시간에는 탑승자의 안전모 미착용도 단속하고 적발되면 탑승자에게도 벌금이 부과되므로 반드시 안전모를 요구하여 착용합시다.
ㅇ 승하차시 지나가는 다른 오토바이 또는 차량 등에 주의합시다.
[3. 해변 휴양지 제트스키 렌탈 관련 사건사고]
ㅇ 사례 : 제트스키를 렌탈했다가 반환하는 과정에서 업자들이 사고 또는 기타 사유로 제트스키가 손상되었다며 과도한 보상비, 수리비 요구 사례 자주 발생
[대처요령]
ㅇ 가급적 제트스키 이용을 자제하시고 굳이 이용할 경우 사전에 보험가입 여부를 반드시 확인해야 하며, 사고가 발생하지 않도록 조심스럽게 운행해야 합니다.
※ 일부 지역에서는 제트스키 렌탈업 자체가 불법이어서 보험가입이 안되어 있음
ㅇ 사후 과도한 보상 요구시 반박 증거자료로 제시할 수 있도록 디지털 카메라 등으로 사전에 제트스키의 상태를 상세히 촬영하고, 특히 이미 손상된 부분은 정밀 근접 촬영 합시다.
ㅇ 시비가 발생한 경우 절대 큰소리로 다투거나 물리적으로 충돌하지 마시고 즉시 관광경찰신고전화 1155번(영어 가능)로 신고하거나 또는 대사관에 연락하여 조력을 요청하십시오.
※ 전화상으로 통역서비스 제공 또는 통역인 소개 가능
[4. 섬지역 여행 관련 사건사고]
ㅇ 사례 : 보트 구명조끼 등 안전장비 미비, 정원초과 운행 등으로 인한 인명피해, 갑작스러운 기상악화 등으로 인한 고립 등이 간혹 발생
[대처요령]
ㅇ 사전에 구명조끼 등 안전장비가 갖추어져 있는지, 너무 노후된 보트가 아닌지 여부를 세심하게 확인합시다.
- 물놀이 등 해상 스포츠를 즐길 경우 반드시 구명조끼를 착용하시기 바랍니다.
ㅇ 해당 지역의 일기예보에 관심을 기울이고, 불순한 기상조건이 예상될 경우 가급적 섬지역 여행을 삼가 합시다.
ㅇ 섬지역에 고립되었을 경우, 가장 가까운 안전지대로 대피 또는 집결 후 관광경찰 1155에 신고 또는 대사관에 조력을 요청하십시오.
[5. 유흥가 출입 관련 사건사고]
ㅇ 사례 : 클럽이나 기타 유흥업소에서 만난 여성 등에 의해 수면제 기타 마취약 등으로 의식을 잃은 상태에서 금품을 털리는 경우(마취강도), 또는 여성과 숙소 동행 후 금전 시비 사례, 기타 바가지 술값 시비 등 자주 발생
[대처요령]
ㅇ 클럽 등에서 외국인에게 접근하는 태국여성 상당수가 직업 매춘여성이며 이중 일부는 마취강도 조직이라는 점을 유의해야 합니다.
ㅇ 태국법상 성매매는 엄연한 불법이며, 한국 국내법도 해외 성매매는 불법으로 처벌대상으로 하고 있음을 양지하십시오.
ㅇ 가급적 업소 내에서 어울리는 정도에 그치는 것이 바람직하며, 술이나 음료수 등에 약물을 넣지 않는지 항상 경계가 필요합니다.
※ 상대방 몰래 음료수 등에 약을 타는 고전적 수법에서 진화, 최근에는 여성이 약물 등을 자신의 몸에 발라놓고 신체접촉의 방법을 통해 정신을 잃게 하는 수법도 등장하고 있음
ㅇ 호텔 등에 동행한 경우 일정한 금전적 대가 지급을 예상해야 하며, 신체적 접촉이 없어도 상당한 시간 같이 있었다면 대가를 요구하는 경우가 대부분이고, 이로 인한 시비로 밀고 당기는 과정에서 폭행 등의 사건으로 번져 경찰에 연행되는 경우도 상당수 발생하므로 유흥업소에서 만난 낯선 여성과 호텔 동행을 삼가십시오.
ㅇ 만약 동행하였을 경우라면 사전에 호텔 로비 직원에게 동행하는 여성의 인적사항 등에 대한 기록을 요구하여 차후 피해 발생에 대비하십시오.
ㅇ 관광객이 찾지 않는 도심변두리의 은밀한 업소 등에는 출입하지 마시고 특히 길에서 호객행위자들이 안내하는 유흥업소는 절대 출입하지 마십시오.
ㅇ 유흥업소내 방재시설이 허술하여 간혹 화재가 발생하면 대형 인명피해로 이어지는 경우가 있으므로 유흥업소 출입시 비상탈출로를 반드시 확인하시고, 가능하면 비상 시 신속한 탈출이 용이한 장소에 위치하십시오.
[6. 관광지 주변 바가지, 사기 사례]
ㅇ 왕궁, 박물관 근처 : 왕궁이나 박물관에 가려고 하면 ""오늘 문 닫았다. 내가 시내구경을 시켜주겠다""는 등의 말로 유혹해서 잠시 시내관광을 안내하다가 조잡한 물건을 파는 기념품점, 보석가게 등으로 데려가 물건을 강매하는 사례가 발생하고 있으므로 길거리에서 만난 사람은 절대로 따라가지 마십시오.
ㅇ 기타 바가지, 물건 강매 등
ㅇ 관광지 주변에서 이유 없이 접근해서 친절을 베푸는 사람 가운데 상당수가 금품을 요구하는 경우가 있습니다.(예를 들어 왕궁 근처 비둘기를 구경하고 있으면 누군가 접근하여 모이 주라며 친절하게 비닐봉지를 건넨 후에 나중에 모이 값이라며 돈을 요구하는 사례)
ㅇ 따라서 이유 없는 친절에 대해 경계심을 가져야 하며, 누가 무엇인가를 줄때 순수한 친절인지 대가를 요구하는 것인지 확신이 서지 않으면 반드시 “타오라이 캅”(여성은 ”타오라이 카“, 얼마인가요의 의미)이라고 물어보십시오.
ㅇ 태국어 숫자 세는 법은 한국어와 비슷한 발음이 많으므로 금방 배워 사용하실 수 있습니다.
ㅇ 숫자 세기 : 능(1), 썽(2), 쌈(3), 씨(4), 하(5), 혹(6), 쩻(7), 뻿(8), 까오(9), 씹(10), 씹엣(11), 러이(100), 판(1,000), 먼(10,000), 12-19는 그대로 붙여서 말하면 됩니다, 예컨대 14는 ”씹씨“입니다.
[7. 낯선 타인과 음주 등 관련 사건사고]
ㅇ 사례 : 여행으로 들뜬 기분에 경계심이 풀어져 처음 만난 태국인 또는 외국인과 과도하게 친해져 음주를 하다가 강도, 절도, 사기, 폭행 등을 당하는 사례 자주 발생
[대처요령]
ㅇ 여행지에서 낯선 타인에 대해 경계심을 늦추지 말고, 특별한 이유 없이 지나친 친절을 베푸는 타인에 대해서는 국적을 불문하고 의도를 의심해 볼 필요가 있으며, 특히 과도한 음주를 자제 하십시오.
[8. 퍽치기]
ㅇ 사례 : 특히 여성 관광객들을 대상으로 심야 뒷골목 등에서 오토바이를 탄 2명 이상의 강도가 손가방 등을 낚아채거나 둔기로 머리 등을 때려 실신시키고 금품을 털어가는 사례 가끔 발생
[대처요령]
ㅇ 심야 인적이 드문 뒷골목 출입 자제. 손가방 핸드백 등은 어깨에 걸치지 말고 허리에 차는 것이 좋습니다.
ㅇ 여성 혼자 또는 여성끼리만 야간에 도보로 관광할 때에는 주위에 대한 경계를 게을리 하지 마십시오.
ㅇ 피해를 당한 경우 경황 중이더라도 오토바이 색상, 번호, 범인 인상착의와 함께 사건발생 장소, 시간, 경위 등을 최대한 기억을 떠올려 정리한 후 경찰 및 공관에 신고하여 조력을 받으십시오.
[9. 귀금속 쇼핑 바가지]
ㅇ 사례 : 타인의 소개(‘일반사람은 출입할 수 없는 업소’ 라는 등의 말로 현혹케 함)를 받아 귀금속가게에 출입하였다가 ""한국으로 가져가면 몇 배는 남길 수 있다""는 등의 감언이설에 속아 저급한 귀금속류 등을 고가에 구입하여 귀국 후 저급한 것이 밝혀져 피해구제를 받으려 해도 해당 소개인은 전화번호를 바꾸어 연락두절 상태이고 해당 보석가게는 환불을 거부하여 피해를 보는 사례가 자주 발생
[대처요령]
ㅇ 과도한 가격의 귀금속류 구입을 자제 하십시오
※ 해외에서 600달러를 초과하는 물품을 구매한 경우 한국 입국시 세관에 신고해야하며, 신고 없이 반입할 경우 적지 않은 액수의 세금 부과는 물론 밀수혐의 까지 받을 수 있음
ㅇ 업소를 안내해 준 사람에게 인적사항을 밝혀줄 것을 요구(여권사본, 주민등록증, 운전면허증 기타 사진이 부착된 신분증 등으로 확인)하여 기록, 보관하십시오. 인적사항을 적어놓는 것만으로도 바가지 가능성을 줄일 수 있습니다.
ㅇ 구입시 반드시 업주로부터 영수증과 함께 나중에 사실과 달리 구입가보다 저렴한 저급품인 것으로 밝혀질 경우 즉시 환불해 준다는 확인서를 요구, 받아 놓으십시오.
[10. ‘툭툭’ 바가지와 사고]
ㅇ 사례 : ‘툭툭’은 소형 삼륜차형 차량으로 태국의 관광명물로 알려져 관광객의 이용이 빈번한 바, 일부 툭툭 기사들이 심야에 과도한 요금을 요구하여 시비가 발생하거나, 툭툭 운전자의 난폭운전으로 인한 교통사고도 빈발
[대처요령]
ㅇ 승차 전에 행선지를 밝히고 요금이 얼마인지 반드시 확인 후 승차하시고, 원거리를 이동할 때에는 툭툭 이용을 자제 하십시오.
※ 툭툭은 충격완화 장치가 없어 승차감이 나빠 장거리 승차시 부상의 위험이 크고 매연도 심함
ㅇ 난폭운전의 정도가 심할 경우 천천히 갈 것을 강력히 요구하고 그래도 시정이 안되면 중간에서 하차하는 것이 좋습니다.
[11. 절도, 소매치기 피해]
ㅇ 사례 : 방콕 ‘짝뚜짝’ 시장 및 각종 야시장 등 관광객이 많이 붐비는 장소, 주말 디스코클럽 등 대형 유흥업소, 출퇴근 시간 혼잡한 전철안, 저렴한 호텔이나 게스트하우스 등에서 절도나 소매치기 피해 빈발
[대처요령]
ㅇ 다액 현금이나 고가 귀중품, 신용카드 등은 가급적 소지하지 말고 호텔 프런트나 금고 등에 보관하십시오.
ㅇ 사람들이 붐비는 장소에서는 손가방이나 핸드백 등을 날치기 당하지 않도록 항상 주의를 기울여야 합니다.
ㅇ 야간에 오토바이를 탄 날치기 범죄도 발생하고 있으므로 손가방, 핸드백 등을 어깨에 걸치지 말고 몸 앞쪽으로 오도록 해서 어깨를 가로질러 매는 것이 바람직합니다.
- 가능한 길을 걸을때 차도와 떨어진 인도 안쪽으로 보행하시기 바라며, 가방은 차도 반대편 쪽으로 하여 휴대하시기 바랍니다.
ㅇ 피해를 당한 경우 즉시 관광경찰신고전화 1155번 또는 경찰긴급신고전화 191번으로 신고하십시오.
[12. 경찰관 등의 금품요구, 함정수사, 마약 planting 사례 등]
ㅇ 사건 등을 조사 또는 검문하는 과정에서 사건 무마 등을 조건으로 금품을 요구하는 사례
ㅇ 사전에 공모한 태국인이 야간에 유흥업소나 뒷골목 등에서 접근한 뒤 마약 등을 사라며 흥정하는 동안 갑자기 경찰이 나타나 마약소지 등의 혐의로 체포하겠다며 겁을 주고 무마조로 금품을 요구하는 사례
ㅇ 야간에 음주운전 단속 등을 이유로 차량 또는 사람을 정지시킨 뒤 압수수색을 빙자, 미리 준비한 마약 등을 차량내 보관함 또는 호주머니에 슬쩍 숨겨놓고(planting) 마치 발견한 것처럼 해서 체포하겠다며 겁을 준 뒤 금품을 요구하는 사례 등이 간혹 발생
[대처 요령]
ㅇ 지나친 음주, 음주운전, 으슥한 뒷골목 출입, 낯선 타인과 어울리는 행위, 야간 주취상태에서 길거리 고성 등 주위의 주목을 끄는 행동, 타인과 언쟁 및 몸싸움 등 시비행위 기타 경찰관이 개입할 수 있는 명분을 제공할 만한 일체의 행동을 자제하십시오.
ㅇ 자신의 결백을 주장할 때에는 가급적 침착한 태도와 차분한 말투를 견지하시고, 경찰관에게 고성을 지르거나 말싸움 또는 몸싸움 등은 오히려 사건을 복잡하게 만들 가능성이 크므로 자제하십시오.
ㅇ 정복, 사복을 불문하고 경찰신분증 및 소속 부서, 전화번호 등의 제시를 요구하여 확인하십시오.
ㅇ 현장에서 체포당하였을 경우 ‘영사관계에 관한 비엔나협약’의 규정에 의거, 즉시 대사관에 연락해 줄 것을 요구하십시오.
ㅇ 금품제공 등 부당한 사항을 요구 당하였을 경우 가능한 범위 내에서 해당 경찰관 몰래 휴대폰 녹취기능 등을 이용, 대화내용을 녹취해 놓으면 차후 자신의 결백증명은 물론 해당 경찰관을 문책할 수 있는 결정적 증거가 될 수 있습니다.
ㅇ 사전 체포영장을 소지한 채 체포하려 할 경우, 반드시 체포영장 제시를 요구하고 영장에 기재된 체포대상자의 이름과 영장 유효기간을 확인하십시오.
ㅇ 가능한 빠른 시간 내에 영사과(주간), 긴급전화(야간)로 대사관에 신고하여 조력을 요청하십시오.
[13. 입국거부]
ㅇ 입국이 거부되는 사례
ㅇ 출입국규제자(이른바 블랙리스트) 등재
ㅇ 동명이인(블랙리스트에 등재된 사람과 영문성명 일치)
ㅇ 기내 과도한 음주로 만취상태에서 입국수속 중 횡설수설
ㅇ 출입국공무원의 불친절 등에 대한 과도한 항의나 고성
ㅇ 출입국카드 기재 부실로 담당공무원이 재차 기재를 요구하면서 대기줄 맨 끝으로 다시 가라는 지시에 과도한 항의
ㅇ 출입국공무원의 질문을 이해하지 못해 답변하지 않거나 출입국카드에 기재된 것과 상이한 답변, 또는 퉁명하고 불성실한 답변 등에서 비롯된 출입국공무원과의 시비
ㅇ 출입국공무원에게 고성을 지르거나 여권 등을 집어던지는 등의 행위
ㅇ 여권 훼손
[대처요령]
ㅇ 출입국공무원의 질문이나 요구사항에 대해 침착하고 차분한 어조로 성실히 답변하시고, 이의를 제기할 경우에는 예의를 갖추어서 하십시오.
ㅇ 출입국신고서를 정확하고 성실히 기재하시고, 기재사항에 대해 질문할 경우에 대비하여 내용을 알고 있어야 합니다.
ㅇ 항공기내에서 과도한 음주를 자제 하십시오.
ㅇ 동명이인으로 입국 거부된 경우 즉시 대사관으로 신고하여 도움을 요청하십시오.
ㅇ 태국은 입국심사시 여권(비자면 포함) 훼손에 대해 위조/변조 등으로 생각하여, 입국을 불허합니다. 항상 여권을 깨끗하고 안전하게 관리해야 합니다.
ㅇ 입국여부 결정은 해당 국가의 주권사항으로 명백한 사유가 있는 경우(예컨대 출입국공무원의 폭행)를 제외하고는 입국거부 결정에 대해 공관이 이의를 제기할 수 없는 경우가 대부분입니다.
[14. 담배 면세 통관]
ㅇ 사례 : 태국법상 1인당 1카튼(carton, 10갑)의 면세반입 가능한 담배를 초과해서 반입하거나, 일행이 함께 구매한 담배를 일행 중 1명이 한꺼번에 가지고 들어오다가적발되어 압수조치 당하고 1갑당 500바트에 가까운 벌금을 부과 당하는 사례 빈번 발생
[대처요령]
ㅇ 반드시 1인당 1카튼만 구입하고, 일행이 함께 구입한 담배는 각자 1카튼씩 소지한 채 통관해야 하며 굳이 초과 반입해야 할 경우 사전에 공항관세당국에 신고하여 소정의 관세를 납부한 후 통관해야 합니다.
ㅇ 이는 한국인 뿐 아니라 모든 국제선 승객(태국인 포함)에게 해당되는 사항으로, 초과반입이 적발되면 1인당 반입이 허용되는 담배까지 포함, 소지한 모든 담배를 압수당하고 그에 따른 벌금을 납부해야 하며, 경우에 따라서는 밀수나 탈세 등의 범죄혐의로 조사받게 될 수도 있습니다.
ㅇ 간혹 일행이 여러 명인데 한명이 다른 일행의 담배까지 한꺼번에 소지하고 반입하는 것이 무슨 문제가 있느냐며 세관공무원에게 항의하는 경우가 있는데, 이는 일종의 대리운반 행위로 모든 국제공항에서는 보안을 위해 타인의 물품을 대리 운반하는 행위를 엄격히 금지하고 있음을 주지하시기 바랍니다.
[15. 교통 사고 관련]
ㅇ 사례
- 버스, 택시, 오토바이 등 대중교통을 이용하다가 사고 발생
- 차량, 오토바이를 렌트하여 운행하다가 사고 발생
- 무면허, 음주운전 등 교통법규 위반 행위
[대처요령]
ㅇ 태국은 한국과 달리 차량이 좌측통행이며, 방콕을 비롯한 태국 대도시 지역과 유명 관광지는 교통이 복잡하고 교통안전 시스템이 잘 정비되어 있지 않으며, 오토바이, 툭툭, 노점상, 자전거 및 보행자 등이 뒤섞여 중앙선침범, 역주행, 끼어들기 등 교통 안전의식이 높지 않고 법규위반이 일상적으로 이루어지고 있어 비교적 교통사고가 많이 발생하고 있기 때문에, 태국내 운전이나 지리에 익숙하지 않다면 가급적 차량 운전을 삼가하시기 바랍니다.
ㅇ 한국면허증으로 운전하다 사고가 발생할 경우 무면허로 간주되므로 굳이 렌트를 하실 경우, 미리 한국에서 국제운전면허증을 받아오셔야 하며 이는 오토바이의 경우에도 마찬가지입니다.
ㅇ 렌트할 차량 또는 오토바이의 보험가입 여부 및 보상범위를 꼼꼼히 확인 후 반드시 보험 가입된 차량을 렌트해야 합니다.
ㅇ 태국에는 보험 미가입 또는 책임보험에만 가입한 차량이 적지 않아 사고발생 시 보상을 충분히 받을 수 없는 경우가 많으므로 반드시 안전운행으로 사고가 발생하지 않도록 주의하여야 하며, 자신이 음주나 중앙선침범 등 교통법규 위반 상태에 사고가 발생하면 일단 가해차량으로 간주될 가능성이 높으므로 교통법규를 반드시 준수하십시오.
[16. 마약사건]
ㅇ 사례 : 태국은 마약문제가 심각하여 정부가 이른바 ‘마약과의 전쟁’을 선포하고 단속에 나설 정도로 마약범죄 비율이 높은 국가 가운데 하나이며 따라서 비교적 손쉽게 마약을 구할 수 있어 간혹 마약 사용 또는 소지 등 마약관련 혐의로 체포되는 사건 발생
[대처요령]
ㅇ 태국정부는 마약범죄를 국가차원의 문제로 인식하고 대처방안으로 강력한 단속과 함께 관련 범죄자에 대해 무거운 처벌을 원칙으로 하고 있습니다.
※ 현재 태국내 각 교도소에 수감중인 한국인들 가운데 절반 정도가 마약관련 혐의자이며, 최근 왕비 탄생 80주년을 맞아 단행된 대규모 사면에서도 마약관련자는 제외된 바 있음
ㅇ 따라서 호기심 등으로 마약을 구입하거나 소지, 사용하는 행위는 절대 하지 말아야 합니다.
ㅇ 경찰이 마약관련 범죄자 검거실적을 올리는데 가장 손쉬운 방법이 외국인 마약구입자 또는 사용자를 검거하는 것이어서 마약을 구입한 경우 판매자가 경찰에 제보만 하면 언제라도 체포당할 처지에 놓이게 됩니다.
ㅇ 순간적인 호기심이나 충동, 욕구를 억제하지 못해 평생을 후회할 수 있는 실수를 범하지 맙시다.
자연재해
ㅇ 2005.1월 동남아 지역에 발생한 지진해일(쓰나미)로 남부 푸켓지방에 인명 및 막대한 재산피해 발생(사망5,395명 실종 2,817명)
ㅇ 2010.10월 홍수로 사망자 98명, 이재민 약2백만명 발생
유의해야할 지역
[소매치기 유의지역]
ㅇ 방콕, 푸켓, 파타야 등 외국인 다수 방문지역에 소매치기 , 오토바이날치기로 인한 피해가 빈발하고 있으니 가방, 여권, 지갑 등 소지품 관리에 유의하여 주시기 바랍니다."
토고,Togo,TG,아프리카,2022-08-02,"사건ㆍ사고 현황
□ 정정 상황 (전쟁, 내란, 테러 등)
ㅇ 일부지역에서 부족간 분쟁은 가끔 발생하고 있으나 전쟁 또는 내란의 발생징후는 없음. 그러나 연말연시 또는 선거철에는 치안이 불안해지는 경향이 있으므로 이 시기에는 야간 이동을 자제
□ 치안상황 (일반범죄 등)
ㅇ 다른 서부 아프리카에 비해 치안 상태가 좋은 편에 속하나 소매치기, 절도사건, 총기 강도 사건은 자주 발생하므로 주야간 모두 한적한 곳에 가는 것을 삼가야 함
사건ㆍ사고의 유형 및 대처요령
[소매치기]
ㅇ 주재국에서 소매치기 사건이 자주 발생하므로 중요한 물품은 가급적 휴대하지 말고 사람이 붐비는 곳에서 낯선 사람의 접근을 경계해야 함. 특히 공항에서 소매치기는 아니더라도 별도의 수고비를 요구하기 위해 여행객에게 접근하여 물건 등을 들어주거나 택시를 잡아주겠다며 호의를 베푸는 현지인을 주의
[차량 및 오토바이 강도]
ㅇ 차량이 정차한 순간 문을 열고 소지품을 강탈 후 준비해 놓은 차를 타고 도주하는 사건이 발생하기도 하고, 운전 또는 정차 중인 차에 접근하여 강절도 행위가 발생하므로 항상 차량의 문을 잠그도록 하며 인적이 드문 곳에서의 주ㆍ정차를 삼가해야 함. 또한, 차내에 절도범의 표적이 될 만한 물건이 있을 경우 차량 유리를 파손 후 절도하는 경우가 있으므로 귀중품을 남겨두지 않도록 하며 부득이 남겨 놓을 경우 물건이 보이지 않도록 해야 함
ㅇ 노상 또는 차량강도를 만났을 경우 우선 범인의 지시에 절대 순응하는 것이 좋으며, 금품을 지키기 위해 몸싸움을 할 경우 범인이 흉기를 사용하게 되어 생명의 위험까지 발생할 수 있으므로 절대 몸싸움을 해서는 안 됨. 또한, 소리를 질러서 도움을 요청할 때는 범인으로부터 안전거리를 확보한 상태에서 요청하는 것이 좋음
[금융사기]
ㅇ 로맨스 스캠 : 결혼을 빙자하여 SNS 등을 통해 항공료, 방문비용 등을 송금하도록 유도하니 각 종 명목으로 금품을 요구하는 경우 유의
ㅇ 거액 상속, 비자금 관련 사기: 거액의 상속금 또는 고위 공무원의 비자금이 은행에 묶여 있어 동결 해제를 도와주는 조건으로 거액을 주겠다고 제안하면서 은행 수수료 또는 기타 비용을 이체하도록 유도
[택시 이용시 주의사항]
ㅇ 택시를 이용한 강절도 행위도 빈번하게 발생하고 있으므로, 불가피하게 택시를 이용할 경우 호텔 프런트에 택시를 불러줄 것을 요청하고 아는 사람에게 택시 차량번호를 남겨두는 것이 좋음. 또한 차량에 탑승시 앞좌석에 앉지 말고 뒷좌석에 앉는 것이 보다 안전하며 출발 전 호텔 등에서 목적지까지의 대략적인 시간과 경로 등을 확인하는 것이 좋음. 되도록 저녁에 택시 이용을 자제하시기 바라며 불가피하게 저녁에 이용하실 경우 호텔 프론트 데스크에서 택시가 아닌 임대업체의 차량을 불러줄 것을 요청하시기 바람
[각종사기사건]
ㅇ 호텔 등에서 외화 밀반출을 도와주면 사례하겠다거나 지폐의 잉크 제거비를 부담하면 해당지폐의 일부를 주겠다는 위조지폐 유통조직이 있으니 주의가 필요하며, 또한 금 관련 저가 판매제의를 하는 금 관련 사기범죄자가 많으므로 이들에 대해 절대 관심을 보이거나 응대를 하지 말아야 함. 경찰의 감시에 걸릴 경우 간혹 공범으로 몰려 조사를 받아야 하는 경우가 있음
[교통사고시 주의사항)]
ㅇ 운전중 외국인에 의한 대인 교통사고가 발생한 경우 지나가던 제3자 현지인이 도와주는 차원이 아닌 불필요한 간섭을 하는 경우가 많으며, 군중심리에 의해 흥분하여 심지어 폭행을 일삼는 경우도 있으므로 피해자 구제와 신변안전을 우선시 하되, 많은 현지인등이 접근하는 경우 경찰에 빨리 신고하고 현장 사진 확보후 현장을 벗어나는 것이 좋음. 이런 상황을 예방하기 위해 현지에서는 가급적 직접 운전하지 말고 현지 기사를 채용하는 것을 권장함
[사고 보험]
ㅇ 주재국 여행시에는 반드시 여행자보험에 가입하도록 하고, 도난사고 등을 당한 경우 경찰에 신고하고 도난 물품에 대한 경찰 Report를 발급받아 보험회사에 제출하여 도난물품에 대한 보상을 받도록 하는 것이 좋음
자연재해
ㅇ 우기 철에 갑자기 비바람을 동반한 폭우로 인해 홍수가 발생하는 경우가 많고, 도로 및 다리의 유실과 가옥 침수 및 인명피해가 발생하므로 지방여행시 주의해야 합니다.
유의해야할 지역
ㅇ (고속도로 운행시) 화물차의 적재상태가 좋지 않으므로 고속도로를 운행시에는 주야간 모두 물건을 많이 실은 화물차의 뒤를 따라가지 말아야 함
ㅇ (재래시장 또는 빈민가) 사람이 많이 붐비는 재래시장 또는 빈민가 등을 여행시는 많은 현금을 소지하지 말고, 가급적 친분이 있는 현지인 또는 운전기사 등을 대동하고 이동하는 것이 좋음"
통가,Tonga,TO,아주,2023-11-24,"사건ㆍ사고의 유형
ㅇ 경범죄(주거침입, 절도, 폭행 등)
자연재해
ㅇ 가끔 통가 해상에서 지진이 발생하므로, 지진이나 해일 등에 대비한 사전 안전정보 숙지 필요. 매년 2-3월경 사이클론(우리나라 태풍에 상당) 피해가 발생할 수 있으니 이 시기에 여행할 경우 특별히 주의해야 함
ㅇ 뎅기열(Dengue fever) 및 장티푸스(Typhoid Fever) 주의"
투르크메니스탄,Turkmenistan,TM,유럽,2023-08-04,"사건ㆍ사고의 유형
ㅇ 우리나라 관광객 대상 절도
- [사례] 민박 시설에 투숙 중이던 우리나라 관광객이 소지품을 도난당하는 절도사건이 발생한 바 있음
ㅇ 현지법령 또는 관습 미준수 사유로 72시간내 출국조치
자연재해
ㅇ 기후의 영향으로 홍수나 태풍 피해 등은 거의 없으나, 유라시아 지진대에 걸쳐있어 간간히 지진 피해가 발생하기도 합니다. 특히, 1948년에 아시가바트 지역에서 발생한 지진으로 도시 전체 인구의 80%가 사망하기도 하였음
ㅇ 4-10월 모래바람이 자주 부는 편이며, 특히 건설현장에서 나오는 시멘트, 섬유공장에서 배출되는 미세 먼지 등 오염물질이 많아 특히 눈, 기관지 호흡기질환이 우려되며 건강에 매우 해롭습니다. 구 시가지의 중심에는 항상 먼지 스모그가 정체되어 있음
유의해야할 지역
ㅇ 특히, 아프가니스탄 중심 및 인접국과의 국경지역지대는 반드시 사전허가를 받으셔야 여행이 가능함
기타
ㅇ 주재국은 치안이 비교적 양호하고 풍토병도 없는 편이나, 외국인의 여행이 자유롭지 않으며 특히 금년 코로나19로 인해 경제 상황이 악화됨에 따라 일부 치안 불안요소가 발생하고 있는 상황임
ㅇ 또한 현지인과 접촉시 문화․종교적인 차이로 인해서 불필요한 오해가 유발될 가능성이 있으므로 주의가 필요함"
투발루,Tuvalu,TV,아주,2023-11-24,"사건ㆍ사고의 유형
ㅇ 투발루는 범죄 발생률이 낮으며, 치안상황이 양호한 편입니다. 그러나, 절도, 폭행 등과 같은 일반적 범죄 피해발생 및 음주로 인한 범죄 가능성 에 주의할 필요가 있습니다.
자연재해
ㅇ 주로 11월 ~ 4월에 발생하는 열대성 저기압(사이클론)으로 인한 강풍 및 홍수 피해가 발생할 수 있으며, 지진으로인한 해일 발생 가능성이 있습니다. 투발루는 높은 지대가 없는 산호초섬이므로, 해일 발생 경고가 있을 때에는 높은 건물로 대피하여야 합니다.
유의해야할 지역
ㅇ 특별한 치안불안 지역은 없으나 야간에는 이동을 자제하고, 주간에도 외딴 곳을 단독으로 방문하는 등의 위험한 행동은 자제하는 것이 좋습니다."
튀니지,Tunisia,TN,중동,2025-05-21,"사건ㆍ사고의 유형 : 소매치기, 성희롱 등 유의
ㅇ 특히 혼자인 동양인 여성을 대상으로 성희롱 내지 과도한 관심 표명을 하는 경우가 많으므로 여성 단독 외출이나 과다한 노출은 삼가고 야간활동은 자제하는 것이 좋습니다.
- 길거리에서 2~3인조의 청년이 다가와 말을 걸며 길을 막고서 스킨십을 시도하거나 갑자기 다가와 신체접촉 후 도주 사례
- 차량을 몰던 남성이 길을 걷고 있는 동양인 여성에게 차량을 탄 채 희롱을 하며 반대편 차선까지 쫓아오는 사례 등
ㅇ 2011.1.14 시민혁명 이전에는 우리 국민의 범죄피해 사례가 거의 없었으나 혁명이후 우리 국민들도 주거침입 절도, 튀니스 시내 중심지 등에서 귀중품 날치기, 성희롱 등의 피해가 종종 일어나고 있습니다.
- 특히, 튀니스 시내 메디나 지역 및 하비브 부르기바 거리 등과 같은 시내 중심가는 동양인을 대상으로 하는 범죄가 빈발하여 소지품에 상당한 주의 촉구
ㅇ 휴대폰 통화 및 문자메시지 수발신 시 범죄의 표적이 되기 쉬우므로, 가급적 공공장소 및 대중교통 이용시 휴대폰 사용을 자제하여야 하며, 반드시 주위를 확인해야 합니다.
- 뒤 또는 앞에서 갑자기 나타나 손에 들고 있는 휴대폰과 같은 귀중품을 날치기한 후, 오토바이를 탄 채 대기하고 있던 동료와 함께 도주하는 2인조 오토바이 날치기가 가장 일반적
최근 외국인대상 테러 사건 발생
ㅇ 특히 2015-2016년도에는 대형 테러사건이 많이 발생하였는데, 이를 계기로 2015.11.24. 선포된 국가비상사태는 2021.4월 현재까지 계속 연장되면서 지속되고 있습니다(2020.12.26. 대통령 포고령으로 연장).
- 15.3.18 수도 튀니스 국회의사당 옆 바르도 박물관에서 테러범 2명이 외국인 대상 테러를 자행, 22명 사망, 47명 부상
- 15.6.26. 튀니지 동부 연안 관광지인 수스지역에서 외국 관광객을 대상으로 한 테러사건이 발생, 38명 사망, 39명 부상
- 15.11.24 대통령 경호실 버스서 자폭테러가 발생, 경호 요원 12명 사망, 20명 부상(4명은 민간인)
- 16.3.7 벤 게르덴 테러로 68명이 사망하는 대형 참사가 발생하는 등 2016년 상반기에만 하루 평균 9명의 테러범들이 검거
ㅇ 2018.10월, 튀니스 도심인 하비브 부르기바 거리에서 여성 1명이 폭탄 허리띠를 매고 자살테러를 시도하여 경찰 8명 및 일반인 1명이 중상을 입었습니다.
ㅇ 또한, 2019.6월 주재국 내무부 및 프랑스대사관 인근에서 연쇄 자폭테러가 발생해 경찰 1명이 사망하고 다수가 부상을 당한바 있으며,
ㅇ 2020.3월 및 9월에도 미대사관 앞 2인조 스쿠터 자폭 테러 및 하맘수스 관광 지구 3인조 차량돌진 테러 등으로 인해 현지 경찰이 사망하는 등 테러 발생에 대한 지속적인 주의가 요구되고 있습니다.
자연재해
ㅇ 홍수, 태풍은 거의 발생하지 않으나, 지진은 드물게 발생하고 있습니다.
- 튀니지 동부 해안지역인 모나스티르 지역(2013.10월)과 함마메트 지역(2014. 10월)에서 강도 4~5정도 규모의 지진이 발생
유의해야할 지역
ㅇ (알제리, 리비아 등 인근 국가 접경지역) 튀니지 남부 리비아 및 서부 알제리 접경지역은 IS(소위 이슬람국가) 세력에 동조하는 테러단체가 활동하고 있어 군‧경 병력과의 충돌이 잦은 지역으로 치안이 매우 불안정하여 여행을 극도로 자제하여야 합니다.
ㅇ (내륙지역) Sidi Bouzid, Gafsa, Douz 등 튀니지 내륙지역은 특히 지역차별, 고용, 처우개선 등을 요구하는 파업, 시위 및 동 지역민들의 공공기관 공격, 도로점거 등이 빈발하는 지역이므로 여행을 자제하여야 합니다."
튀르키예공화국,Republic of Turkiye,TR,유럽,2025-05-21,"사건ㆍ사고 현황
[내전, 테러 사건 등 동향]
ㅇ 15.10.10 수도 앙카라 중앙역 앞 광장에서 시위대를 대상으로 쿠르드 해방 독수리단(TAK)의 자살폭탄테러로 102명이 사망하고 약 500여명이 부상당하는 튀르키예공화국 수립 이래 가장 많은 사상자를 낸 테러 사건으로 특히 인구밀집지역에서 시위대 등이 있을 경우 신속히 현장에서 벗어나 신변안전을 확보해야합니다.
ㅇ 16.01.12 이스탄불 관광지구인 술탄아흐메트에서 발생한 자살폭탄테러로 인해 현지 경찰 1명이 사망하고 부상자 2명이 발생하는 사건이 있었습니다. 이스탄불, 앙카라, 이즈미르 및 인구가 높은 도시에서도 간헐적으로 테러사건이 발생할 수 있음으로 안전에 유의해야 합니다.
ㅇ 17.01.01 튀르키예 이스탄불 레이나 클럽에서 테러조직 ISID 요원이 총기를 난사하여 39명이 사망하고 69명이 부상당한 사건입니다. 신년을 맞아 파티를 즐기는 이용객을 대상으로 발생한 사건으로 단순히 휴양지 뿐만 아니라 클럽과 같은 업소에서도 테러사건이 발생할 수 있습니다.
ㅇ 19.09.13 동남부 디야르바크르 주에서 쿠르드노동자당(PKK)의 폭탄테러로 7명이 사망하고 10여명이 부상당한 사건이 있었습니다. 디야르바크르를 비롯한 튀르키예 동남부주에서는 테러조직들의 간헐적 테러공격이 지속 있으며 특히 인근을 방문할 계획이 있는 우리 국민들께서는 여행을 자제하고, 해당지역에 진입하였을 경우 빠른 시일 내에 철수할 수 있도록 협조하여 주시기 바랍니다.
사건ㆍ사고의 유형
[사례1] 동양인혐오 범죄
ㅇ 튀르키예 내 코로나19 사태가 악화됨에 따라 튀르키예를 포함한 유럽 등지에서 동양인에 대한 경계와 혐오 분위기가 조성되고 있습니다. 관련 일부 현지인들이 혐오 표현 등을 하거나 일방적인 폭행을 시도하려 할 경우 가급적 불필요한 대응을 하지 마시고 신속히 현장을 벗어나거나 도움을 요청하시기 바랍니다.
[사례2] 열기구 사고
ㅇ 카파도키아에서 열기구 사고가 종종 발생하고 있습니다. 열기구는 강풍 등 특히 날씨의 영향을 많이 받으니, 날씨 등을 확인하여 안전사고에 각별히 유의할 필요가 있습니다.
[사례3] 여성 단독 여행객 표적 범죄
ㅇ 튀르키예를 여행하는 우리 국민들이 많아지면서 각종 사건 사고도 증가하고 있습니다. 특히 혼자 여행하는 여성 관광객은 이스탄불, 카파도키아 등 주요 관광지에서 범죄의 표적이 되는 경우가 많은 만큼 각별한 주의가 필요합니다.
ㅇ 일례로, 최근 카파도키아를 혼자 여행하던 20대 여성 관광객은 여행지 안내를 제안한 튀르키예 남성과 술을 마시고 숙소까지 배웅을 받았으나, 동 튀르키예 남성이 여성 관광객의 거부에도 불구하고 객실 안으로 들어오려고 하여 진입을 막는 과정에서 소란이 벌어지고 문이 부서지는 일이 있었습니다. 다행히 동 관광객은 문을 잠그고 대사관에 신속히 연락하였으며, 호텔 측에서 현지 경찰을 불러 동 튀르키예 남성이 소환되어 감으로써 위험한 사태를 피했습니다.
ㅇ 가급적 단체 여행이 바람직하며, 관광객이 혼자 여행하는 경우에도, 여행지 안내를 제안하거나 식사나 술을 함께 할 것을 요구하는 튀르키예인들에게 단호하게 거부 의사를 표현하여야 하며, 과도한 친절이라고 생각되는 일에는 아예 응대하지 않음으로써 불필요하게 사고로 이어지지 않도록 각별히 신변 안전에 유의하셔야 합니다.
[사례4] 약물을 이용한 범죄
ㅇ 이스탄불 술탄아흐멧 근처에서 친절하게 길을 안내해주던 튀르키예인이 건넨 음료수를 받아 마신 뒤 정신을 잃었으며, 소지품을 도난당한 사건이 있습니다.
ㅇ 20대 여자 배낭여행객 2명이 이스탄불에서 그리스인 사업가라고 사칭한 튀르키예인으로부터 제공받은 음료수를 마시고 정신을 잃고, 모든 소지품을 도난당하였습니다.
ㅇ 20대 남자 배낭여행객이 아르헨티나 인이라고 자신을 소개한 외국인과 동행하였으며, 카파도키아의 호텔에 체크인 한 후 동일인이 제공한 음료수를 마신 뒤 정신을 잃었으며, 소지품을 모두 도난당하였습니다.
ㅇ 이스탄불 관광지 일대 식당에서 혼자 맥주를 마시던 한국인 출장자에게 튀르키예인이 접근하여 같이 맥주를 2잔 마신 후 정신이 혼미해졌으며, 이후 정신을 차려보니 장소를 알 수 없는 술집에서 튀르키예인과 술을 마시고 있었고 술값으로 약 100만원을 지불하게 된 사건이 발생했습니다. 피해 출장자는 자신의 주량으로 보았을 때 술로 인해 취한 것이 아니라 맥주에 약물을 탄 것으로 의심이 된다고 합니다. 여행객 분들께서는 낯선 사람과 술자리를 경계하고, 모르는 사람이 제공하는 음료수는 가급적 마시지 말기를 바랍니다.
[사례5] 술집 호객행위, 바가지요금 강제 계산 요구
ㅇ 이스탄불 관광지 지역에서 가장 많이 발생하는 사건으로 연중 특별한 시기가 없이 계속 발생하고 있는 사건입니다. 전문 호객꾼들이 길을 알려주는 등 친절하게 접근하여, 러시아 여성 접대부를 고용한 업소로 유인한 뒤 수천 불의 계산서를 제시하면서 강압적으로 계산을 요구하는 형태입니다. 피해자들은 정확한 위치와 상호를 기억하지 못해 경찰에 신고 접수가 되지 않는 경우가 많으며, 계산을 거부할 때 폭행을 당하는 등 신변의 위협까지 당하는 경우가 많습니다. 최근에는 수법이 진화하여 외국인을 호객꾼으로 고용하고 있으며, 외국인 호객꾼을 같은 여행객으로 착각하고 술자리에 동행한 우리 국민께서 피해를 당한 경우가 있었습니다. 낯선 이의 접근을 경계하고, 주의해야 할 필요가 있습니다.
[사례6] 렌트 차량으로 인한 교통사고
ㅇ 잘 정비되지 않은 렌트 차량 및 오토바이로 인해 교통사고가 발생할 경우, 많은 수리비를 지불해야하며 국제운전면허증 미소지시 무면허 운전으로 형사처벌을 받을 수 있어 수리비에 대해 항의도 불가능한 경우가 많습니다. 주로 카파도키아와 안탈야 등 지중해지역에서 자주 발생하며, 외국인의 경우 의료보험에 해당되지 않기 때문에 상해 사고가 발생하였을 경우, 수천불의 병원비가 청구되는 등 재산 피해가 크게 발생할 수 있습니다.
[사례7] 성폭행 및 성추행
ㅇ 앙카라의 울루스 지역에서 20대 여성 배낭 여행객에게 길을 알려주겠다고 접근한 튀르키예인이 재개발 지역의 폐가로 유인하여 성폭행을 시도하였으나, 반항하자 소지품을 강탈하고 도주한 사건이 있었습니다.
ㅇ 네브셰히르 지역에서 20대 여성 배낭 여행객에게 사진을 찍어주겠다고 접근한 튀르키예인이 자신의 차량으로 호텔까지 태워주겠다고 속인 후 차량에서 성폭행을 시도하였으며, 완강하게 반항하자 소지품을 강탈하고 도주하였습니다.
ㅇ 이스탄불에서 안탈야로 이동하던 버스 안에서 음료를 서비스하는 버스회사 직원이 여성 여행객을 성추행하는 사건이 있었습니다.
ㅇ 2014년 9월 승용차를 운전중인 한국인 여성을 뒤따르던 튀르키예인이 갓길에 정차하도록 한 후, 여성 운전자의 차량에 고장이 있는 것처럼 살피면서 다리를 만지는 등 성추행을 시도한 사건이 발생했습니다.
[사레8] 경찰사칭, 카드절도 및 현금인출
ㅇ 이스탄불 관광지에서 경찰을 사칭한 현지인에게 카드를 도난당한 후 현금이 인출되는 사건이 있었습니다. 경찰을 사칭한 현지인이 여행객에게 접근하여 여권제시를 요구하였고, 한국인 여행객이 여권을 소지하고 있지 않자, 벌금으로 현금을 요구하였습니다. 그러나 현금을 소지하고 있지 않자 신원조사를 한다는 명목으로 여행객의 신용카드 비밀번호 및 개인정보를 요구하였습니다. 또한 경찰을 사칭한 현지인은 한국인 여행객의 지갑과 소지품을 조사하였고, 돌려주는 과정에서 신용카드 한 장을 몰래 훔친 후 현금인출기에서 현금을 인출하였습니다.
자연재해
[지진]
ㅇ 튀르키예 전역에 걸쳐 지진이 발생할 수 있습니다. 1999년 지진으로 이즈밋(Izmit)지역에서 18,000여명이 사망하였습니다.
ㅇ 최근에는 2010.3.8 동부의 엘라즈으 주에서 발생한 지진으로 41명이 사망하였습니다.
[홍수]
ㅇ 우기에는 이스탄불을 비롯한 마르마라해 지역과 에게지역, 흑해지역에서 집중강우로 인한 홍수 피해가 발생합니다.
ㅇ 또한 지중해 지역은 겨울철 강한 바람을 동반한 폭풍우가 발생합니다.
유의해야할 지역
ㅇ 튀르키예의 동부지역은 여행할 때에는 테러, 납치 등에 극도로 유의하여야 합니다. 튀르키예 군당국은 2007년 6월 이라크와의 접경지역 (Siirt, Sirnak, Hakkari 3개 주)을 군사안전지역으로 정하고 비거주자의 지역접근을 통제하고 있습니다. 그리고 이에 인접해 있는 주들에서도 튀르키예군과 PKK 간의 충돌이 빈번히 일어나고 있기 때문에 이 지역에 가는 것을 가능한 한 삼가야 합니다.
ㅇ 아라랏(Ararat) 산이 있는 Agri주도 가능한 한 방문을 삼가야 할 곳입니다. 2008년 7월9일 아라랏산을 등반하던 독일 등산객들이 납치된 곳입니다.
- 아라랏 산의 등반을 위해서는 튀르키예 정부의 사전 허가를 얻어야 합니다.
ㅇ 튀르키예 내 치안상황에 대한 검토와 튀르키예에 대한 미국, 호주, 프랑스 등 주요 선진국 여행경보수준과의 면밀한 비교를 거쳐, 튀르키예에 대한 여행경보단계가 10.3.5. 부로 아래와 같이 조정되었습니다.
- 동부 13개 주 (Hakkari, Sirnak, Siirt, Van, Bitlis, Mus, Batman, Diyarbakir, Bingol, Elazig, Tunceli, Agri, Mardin) : 3단계 (여행제한)
- 동부 13개주를 제외한 나머지 튀르키예 지역 : 1단계 (여행유의)
ㅇ 이스탄불 관광지(탁심 광장, 그랜드 바자르, 스파이스 바자르, 술탄 아흐멧 등)에서는 사건 사고가 가장 빈번하게 일어나고 있으므로, 범죄의 피해를 당하지 않도록 주의하시기 바랍니다. 카파도키아에서는 잘 정비되지 않은 렌트 차량 및 오토바이로 인해 교통사고가 발생하지 않도록 유의하여야 합니다.
ㅇ 앙카라, 이스탄불 등의 대도시, 해변가의 휴양지, 그리고 동남부 지역 등을 여행할 때 에서 항상 자신의 안전을 위하여 주의를 기울이셔야 합니다. 사람들이 운집해 있는 장소나 시위현장을 피하는 것이 좋습니다.
-->"
트리니다드토바고,Trinidad & Tobago,TT,미주,2022-08-02,"사건ㆍ사고 현황 및 유형
[테러, 인질 등에 대한 상황 및 정세]
ㅇ 트리니다드토바고(이하 T&amp;T)에서 정치적 테러사건은 발생하지 않고 있습니다. 다만 외국인을 대상으로 금품 또는 몸값을 노린 테러 및 인질사건은 종종 발생하는 바, 외출시 옷차림을 너무 화려하지 않게 하고, 이동경로를 다양화하는 등 납치의 대상이 되지 않도록 항상 유의하셔야 합니다.
[범죄현황 등 치안상태]
ㅇ T&amp;T는 최근 수년간 살인, 총격, 납치, 강도 및 강간 등 유혈사건이 크게 늘고 있는바, 이는 주로 T&amp;T가 지리적으로 코카인 등 마약류의 남미에서 미국으로 통하는 거점지역에 위치, 마약사범 등 조직갱들에 의한 총기류 반입증가와 유관된 것으로 보입니다.
ㅇ 이러한 강력 범죄사건이 일부 우범지대에서 여타 지역으로 확산되고 있는 추세에 있으므로 일몰 후 야간에는 심지어 수도안에서도 차량없이 거니는 것은 매우 위험할 수 있으니 자제하여 주시기 바랍니다.
자연재해
ㅇ 중남지 일부 국가와 달리 지진으로 인한 피해발생 소식은 없으며, 인근 도서국가에 빈번한 허리케인 등의 피해도 좀처럼 없습니다.
ㅇ 다만, 우기에 홍수 및 산사태 등으로 인한 인명 및 재산피해는 자주 발생하고 있으니 우천시 취약지역의 여행은 자제하시기 바랍니다.
유의해야할 지역
ㅇ 수도 Port of Spain 시내 중심가와 관광명소인 사반나 공원(Queens Park Savanna) 주변을 일몰후 야간에 배회하는것은 위험하니 주의를 요하며, 수도권 지역 중 Laventille 및 Betham 등의 지역에서는 살인 및 강도사건이 빈발하며, 기타 Morvant, South Belmont 및 Sea Lots 등 빈민지역에도 주야간 출입을 삼가는 것이 좋습니다.
ㅇ 전망대가 있는 Ft. George 요새, 천연 아스팔트가 분출하는 Pitch Lake 등 관광지에서도 강도들의 출몰로 안전하지 않으며, 한적하고 외딴 해수욕장에서도 총기에 의한 강도사건 등이 자주 발생합니다."
파나마,Panama,PA,미주,2025-05-21,"사건ㆍ사고의 유형
ㅇ 우리 국민들이 파나마에서 강도를 당한 경우는 빈민가 우범지대에 잘못 들어가 발생한 경우로서, 잘 모르는 지역이나 우범지역에는 가급적 출입을 삼가시기 바랍니다.
자연재해
ㅇ 파나마- 코스타리카 국경지역에서 간간히 약진만이 발생해 왔으나, 2009.7월 수도권에서 강진(진도 6.0)이 발생한 데 이어 2017.2월(진도 5.0), 2019.3월(진도 4.2) 지진이 발생하여 경각심이 고조되고 있습니다.
ㅇ 우기(4월 중순~11월)에는 홍수도 종종 발생하며, 도시 외곽지역이나 일부지방에서 홍수로 인한 산사태가 발생하기도 합니다.
유의해야할 지역
ㅇ 콜롬비아와 국경을 접하고 있는 밀림지역인 다리엔(Darien)주 지역에 콜롬비아 게릴라가 출몰하고 있어, 파나마 국경 경찰과 게릴라 사이의 우발적인 총격전이 종종 발생하고 있으며, 2008년도에도 2건의 총격전이 발생하였습니다. 가장 최근의 총격전은 2010년 1월이었고, 2011년 콜롬비아 게릴라 주둔지를 소탕했다는 뉴스가 있었으나 주의가 필요합니다. 또한, 동 지역에서 콜롬비아 게릴라에 의한 외국인 납치사건도 발생한 바 있습니다.
ㅇ 파나마시의 주요관광지 중 하나인 구시가지 ‘까스꼬 비에호(Casco Viejo)’인근지역은 우범지대인 ‘엘 초리요 (El Chorillo)’로서 외국인 여행객들이 소지품을 강탈당하는 사고가 종종 발생합니다.
- 까스꼬 비에호 관광 종료 후 인근지역(엘 초리요 등)을 도보로 배회하지 말고, 택시 등으로 까스꼬 비에호 지역을 벗어나는 것이 바람직합니다. 그리고 ‘꾸룬드(Curundu)’, ‘산따 아나(Santa Ana)’, ‘리오 아바호(Rio Abajo)’ 지역과 파나마시의 위성도시인 ‘산 미겔리또(San Miguelito)’시도 우범지역으로서 이들 지역에 대한 출입은 가능한 삼가주시기 바랍니다.
ㅇ 또한, 자유무역 지대가 위치한 파나마 제 2 도시인 ‘꼴론(Colon)’시는 파나마에서 범죄 발생률이 가장 높은 지역이므로 꼴론 시를 여행할 때에는 보다 각별한 신변안전 유의가 필요합니다."
파라과이,Paraguay,PY,미주,2022-08-02,"사건ㆍ사고의 유형
[무장총기강도]
ㅇ 개인주택, 부재중인 아파트또는 상가에 단체로 침입하여 현금 등 금품을 강탈하는 사례 발생
[노상강도]
ㅇ 해질 무렵 또는 늦은 저녁시간대 오토바이를 타고 다니면서 혼자 길을 걸어가는 행인들을 총기 또는 흉기로 위협, 금품 및 휴대폰 등 소지품을 강탈하는 사례가 최근 급증
[소매치기, 소지품 탈취범]
ㅇ 시내버스 또는 노상에서 일명 ‘까발요 로꼬(미친 말)’이라 불리는 소매치기들에 의해 소지품(주로 귀금속 및 휴대폰, 디지털 카메라 등 고가 전자제품)이 강탈당하는 사례가 빈번히 발생
ㅇ 사람들이 대중교통 수단을 많이 이용하는 출퇴근 시간대에는 버스안에서 은밀히 흉기로 위협, 금품을 강탈하는 사례도 있음
자연재해
ㅇ 파라과이는 중남미 중심부에 위치한 내륙국가로서, 지형적 특성상 전 국토가 거의 평지이며, 태평양 연안국가들에서 주로 발생하는 해일, 산사태 등과 같은 대규모의 자연재해가 없으며, 위협감을 느낄 정도의 지진발생 사례도 전무
ㅇ 그러나, 특정 저지대 지방의 경우 폭우가 계속되거나 우기(10-11월)에는 홍수로 인해 일부 지역이 침수되는 등 피해가 극심하고(도로가 물에 잠겨 통행이 불가할 정도), 산이 없어 천둥ㆍ번개가 칠 때 낙뢰로 사망자가 다수 발생함으로 동 시기에 저지대로의 여행은 자제하는 것이 바람직함
ㅇ 무더운 더위가 지속되는 계절에는 모기를 매체로 전염되는 뎅기열병 및 황열병이 창궐한 사례가 있으므로 모기에 물리지 않도록 특별한 주의가 필요
유의해야할 지역
ㅇ 외국인 상대 소매치기, 강탈 위험 지역: Centro 빈민촌, Lambare 빈민촌: 특히 Centro 시장은 넓고 복잡하므로 쇼핑시 인적이 드문 깊숙한 골목으로 진입은 자제 요망
ㅇ 한인동포들이 주로 거주하는 4시장(Mercado Cuatro)에도 소매치기와 노상강도 주의
ㅇ 국경도시인 Ciudad del Este와 Encarnacion에서도 노상강도 피해 자주 발생하므로 주의 요망
ㅇ San Pedro, Concepcion지역: 불법무장단체인 국민연합군(EPP) 출몰이 빈번한 지역으로써 기업인 상대로 피랍, 소규모 테러를 자행하는 바, 동 지역 여행 자제 요망"
파키스탄,Pakistan,PK,아주,2025-05-21,"사건ㆍ사고의 유형
[치안 상황 및 정세]
ㅇ 파키스탄은 테러로 인한 치안정세 불안으로 2008.11.21 이후 주재국 전역이 여행제한 지역(긴급용무가 아니면 귀국, 여행 연기 권고)으로 지정이 된바 있습니다.
ㅇ 파키스탄은 아프간과 국경을 접하고 있으며 알카에다 및 탈레반의 활동지역으로 의심이 되는 북서변경주에 대한 주재국 정부군의 탈레반 소탕 작전과 이에 대한 보복테러 등으로 치안사정이 지속적으로 악화되고 있습니다.
ㅇ 2013년은 5월 총선 전후로 다수의 테러 사건이 발생하였으며, 2013년 6월 신정부 출범이후 국가의 치안 상태를 안정시키기 위해 테러세력과 대화를 통한 화해무드를 조성하기 위해 노력하고 있으나 아직까지 효과는 미미하고 여전히 다수의 테러 사건이 발생하고 있어 안전에 각별한 주의가 요망됨
- 특히 위험한 지역(테러 다발 지역)은, 북서변경주 페샤와르, 스왓, 코핫, 반누 시와 FATA 주의 와지리스탄, 카이버, 바주르, 모만드 시, 발루치스탄주의 퀘타, 데라 북티 시 입니다.
- 또한, 카라치에서는 오토바이를 탄 권총강도가 때와 장소를 가리지 않고 나타나므로 외출시 항상 주의하시고, 만약 불행히 강도를 만났을때 생명을 최우선시 하여 대응하시기 바랍니다(금품요구에 머뭇거리거나 저항할 경우 바로 총격을 받을 수 있음)
- 경찰관을 복장을 하고 한적한 도로에서 지나가는 차량을 세우는 사례가 발생하고 있으므로 인적인 드문 지방에 대한 여행을 자제하는 것이 좋습니다.
ㅇ 불요불급한 외출 및 여행은 자제하고(북서변경주 및 발루치스탄주 일부지역은 파키스탄 정부에 의해 외국인 출입금지 구역으로 설정 되어 허가증 필요), 예기치 못한 테러 등 사태에 휘말리지 않기 위해서는 정부기관, 군시설, 경찰서, 모스크 등 종교 관련 시설, 구미 관련시설(미국계 호텔, 패스트 후드점 포함)에는 불필요한 접근을 하지 말고 우회하며, 시장, 버스정류장 등 사람이 많이 모이는 곳은 접근하지 않도록 각별한 주의가 필요합니다.
ㅇ 또한, 치안 및 위험 정보를 항상 확인하고 야간에는 단독 외출은 절대 삼가시기 바랍니다. 장거리 육로여행은 자제하고 부득이한 경우는 항공기를 이용하기를 바랍니다.
- 이란 육로 이동 절대 금지, 항공기 이용
[사례 1] 외국인 출입 금지지역 출입
ㅇ 파키스탄내 외국인 출입 금지지역 출입 시 검문소에서 주재국 제한구역 방문허가서류 미소지 혐의로 체포되는 사례가 있습니다.
[대책]
ㅇ 파키스탄 정부는 주재국내 위험지역(테러 다발지역), 군사지역, 공항 항만지역 등에 대해 외국인 출입금지지역으로 정하고 외국인은 사전에 계당국의 허가증(NOC : No Objection certificate)를 발급받은 후 출입토록 하고 있으며, 관계당국의 사전 허가 없이 출입금지 지역을 방문하였다가 검거될 경우 관계 법률에 따라 처벌 받게 되므로 각별한 주의가 필요합니다.
1. 출입절차 : 파키스탄 초청기관을 통해 출입예정일 2주전까지 내무부에 신청
2. 구비서류 (각 4부):
- 신청서
- Computer Proforma
- 초청자 인적사항 및 연락처
- 최근 사진(여권용 사이즈)
- 여권 사본
- 파키스탄내 체류지 (숙박) 사항
- 여행 일정 계획서 (*외국인출입제한구역)
ㅇ 발루치스탄주 (반정부 부족지역 및 아프가니스탄 접경지역), 북서변경주(북서변경주 부족자치지역 및 아프가니스탄 접경지역), 펀잡주(핵시설 연구소 소재 지역 및 인도 접경지역), 북부지역(통제선 및 아프가니스탄 접경 지역), 아자드 카시미르 지역(통제선 지역) 및 군사시설 지역, 군항공, 항만 시설지역은 외국인 출입제한 구역입니다.
[사례 2] 현지 치안상태에 대한 사전 숙지 없이 단기 선교팀 합류
ㅇ 여름 방학 등을 겨냥하여 육로로 이동하면서 선교와 여행을 동시에 할수 있다며 대학생 선교팀을 인터넷 등으로 모집하고 현지에 보내고 있으나, 현지의 테러상황이라든지 사실을 뒤늦게 알고 후회를 하는 경우가 있었습니다.
[대책]
ㅇ 파키스탄은 아프간과 국경을 접하고 있으며, 특히 북부지역에는 탈레반의 주 활동 무대로 테러 다발 지역이면서, 외국인 납치 가능성이 있으므로 동 지역으로의 육로 이동은 자제하여야 합니다.
ㅇ 특히, 파키스탄 안전정보를 사전에 숙지하고, 개인신변안전 보호에 만전을 기하여야 합니다.
[사례 3] 절도 및 강도, 금전요구 협박(extortion)
ㅇ 현지가이드를 가장한 사기꾼들이 여행자들에게 호의를 제공하는 척 하면서, 주의가 소홀함을 틈타 절도를 하는 경우가 있습니다.
ㅇ 또한, 총기 등 무기를 소지한 강도가 주택에 침입, 금품을 강탈하는 사건과 야간 또는 외진곳에서 운행중인 차량을 정지시킨 후 금품을 갈취하는 사건이 종종 발생하고 있습니다.
- 우리국민 피해사례 : 2010년 3건, 2011년 2건, 2012년 2건, 2013년 1건
- 거의 모든 강도가 총 등 무기를 소지하고 있으므로 대항시 인명피해를 입을 수 있습니다.
ㅇ 카라치에서는 노상 권총강도가때와 장소를 가리지 않고 나타나니 외출시 항상 주위(특히 성인남자 2명이 탄 오토바이)를 경계하시기 바라며, 불행히 강도를 만났을 때는 생명을 최우선시 하여 대응하시기 바랍니다(금품요구에 머뭇거리거나 저항할 경우 바로 총격을 받을 수 있음)
- 우리국민 피해사례 : 2012년 11건(1건은 목에 총격을 당함) 2013년4건, 2014년 1건(다리에 총격을 당함)
ㅇ 또한, 카라치에서는 상점, 공장, 의원, 개인기업등 영업시설에 금전상납을 요구하는 협박(편지 또는 전화)이 비일비재 하며, 협박에 응하지 않을 경우 대표자를 총격하거나 사제 폭탄을 투척하는 등의 보복이 뒤따르니 영업장 보안경계에 철저를 기해 주시기 바랍니다.
- 2013년 우리국민 피해대표사례 : 진출기업 생산공장에 대한 수류탄 투척사건, 선교사 자택에 협박편지(총탄동봉) 배달
[대책]
ㅇ 지나치게 호의를 배푸는 현지인은 항상 경계를 하고, 호텔 등에서 부탁을 해서 검증된 가이드를 구하는 것이 좋습니다.
ㅇ 잘 알지 못하는 사람의 차량에는 물건을 남겨두지 말고, 안전한 곳으로 옮겨두고, 항상 귀중품 및 여권은 휴대하는 것이 좋습니다. 또한, 만일의 경우를 대비하여 여권 복사본과 사진은 별도로 휴대하고 긴급연락처를 적어둡니다.
ㅇ 경찰에 신고하여 운좋게도 절도범을 잡는 경우라도, 절도품을 돌려받기위해 재판 등의 절차를 거치는 경우가 있는데 주재국의 후진적 행정으로 장기간의 시일이 소요될 수 있습니다(실제 카라치에서는 경찰수사로 해결되는 경우는 전무함).
ㅇ 금품요구 협박을 받았을 경우 경찰 및 당관에 즉시 신고하여 주시기 바라며, 당관은 경찰의 수사촉구 및 경호지원을 요청합니다.(현지인들의 경우 순순히 돈을 주거나, 영업을 포기하고 다른지역으로 이주하는 방법을 택하고 있으며, 사실상 경찰은 사건해결에 거의 도움이 되지 못하는 실정)
[사례 4] 위장결혼 혹은 국제결혼 사기
ㅇ 파키스탄인 중 일부가 한국에서 불법 체류하는 등 문제를 일으키고 있으며, 이들은 한국인과의 결혼을 통해 국적을 취득할 목적으로 결혼을 악용하는 경우가 가끔 있으며, 파키스탄으로 결혼하러 온 사람 중 열악한 환경과 상대방에게 속은 것을 알고 한국으로 돌아가려고 하는 경우 감금을 하는 경우가 있었습니다.
- 특히 자녀가 있는 경우에 인도적 사유로 국적이 부여되는 것을 노려서 아기를 낳을 때까지 감금당하는 하는 경우도 종종 발생하고 있습니다.
- 파키스탄은 중혼이 허용되고, 지방으로 갈수록 생활환경이 한국과 비교하여 많이 열악하여 파키스탄에 도착 후 결혼을 뒤늦게 후회하는 경우가 있으나, 가족들의 감시를 받고 행동이 제약이 되는 경우입니다.
[대책]
ㅇ 파키스탄 방문 전 대사관에 연락처 등을 등록하고 비상시를 대비하여 대사관 번호를 휴대하는 것이 좋습니다.
ㅇ 비상시에는 대사관에 신변안전 보호 및 본국으로의 귀환을 요청합니다.
기타 사건ㆍ사고
ㅇ 조난 사고 : 파키스탄은 8,000m가 넘는 고봉이 많아 산악등 반대가 많이 입국하고 있으나, 매년 조난사고 등이 발생하고 있습니다. 따라서, 등반전 안전대책을 적극 강구하고, 만일의 사태에 대비 대사관에 등반대의 인적사항, 일정 및 비상전화(위성전화, 국내전화번호 등)을 통보해 줄 것을 당부드립니다.
ㅇ 마약 : 파키스탄 정부는 마약류 소지에 엄격한바, 마약류 판매등에 관여된 범죄자에게는 벌금과 함께 최저 2년의 금고형부터 종신형,사형도 구형 할 수 있으며 외국인도 당연히 이 법률에 적용됩니다.
- 따라서, 자신도 모르는 사이에 ‘마약운반’에 관여되는 일이 없도록 하기 사항을 유의하기 바랍니다.
· 본인의 가방 및 물건은 본인이 직접 포장하기 바랍니다.
· 모르는 사람으로부터 가방이나 물건을 운반해 달라는 부탁을 받으면 거절해야 합니다. 또한, 아는 사람의 부탁이라도 본인이 포장하지 않은 물건은 운반하지 말기 바랍니다.
· 공항 등에서 물건을 잠시 맡아달라고 하더라도 거절하기 바랍니다.
ㅇ 골동품 반출 : 불상등 골동품의 국외 불법 반출은 법률로 금하고 있습니다. 골동품을 국외 불법 반출할 경우 해당 물품을 압수 또는 동 물품가의 2배 이하의 액수로 벌금을 부과합니다.
ㅇ 총기소지 : 총기류의 불법소지는 금지되어 있습니다. 총기류를 불법 소지하는 경우 7년 이상의 징역과 벌금이 부과되며 최근 외국인 여행자가 권총을 불법으로 소지하다가 현지 경찰에 현행범으로 구속된 경우가 있었습니다.
ㅇ 교통사고: 파키스탄에서는 교통사고에 특히 주의해야 합니다. 파키스탄 전역에 걸쳐 난폭운전, 운전자와 보행자의 교통안전 의식 희박 등 교통 무질서로 인한 교통사고가 빈발하며, 사고시 양호한 의료서비스를 받기가 쉽지 않고, 보상도 기대할 수 없는 실정입니다. 따라서, 사전 국내에서 여행자 보험에 가입하고 여행 중에는 항상 교통안전에 주의를 당부드립니다.
ㅇ 기타 : 성범죄 및 매춘행위는 엄하게 취급하고 있으며, 3년 이하의 금고형과 벌금, 남성에게는 곤장 100대의 태형 등 범죄 형태에 따라 형벌이 부과됩니다.
- 또한 파키스탄 정부, 정부고관에 대한 반항행위, 치안 방해, 선동 행위등의 경우에 대해서도 엄격한 벌칙이 부과됩니다.
자연재해
ㅇ 파키스탄은 히말라야 지진대에 위치하고 있어 전국에 걸쳐 빈발하게 지진 이 발생하고 있습니다. 2005.10월 무자파라바드지역 대지진으로 다수의 사망자 및 이재민이 발생하였습니다.
ㅇ 2008.10월에는 발루치스탄주 퀘타지역 강도 6.5의 지진이 발생하여 150명 이상의 사망자가 발생하였습니다.
ㅇ 겨울에는 북부지방에 폭설이 내려 눈사태 및 산사태가 자주 발생 많은 인명피해가 발생하고 있습니다.
ㅇ 2010년 7~8월간 1981년이래 최대 규모의 홍수가 발생하여 1600 여명 사망, 전국토의 1/5 지역에서 약2100만명이 피해를 입었습니다.
ㅇ 2011년 7~8월간 신드주 중남부 지역(Sanghar, Milpur Khas, Badin)에 홍수가 발생, 150명 사망, 4~5백만명의 수재민이 발생하였습니다.
ㅇ 2013년도에는 신드주 중남부 및 펀잡주남부지역에 홍수가 발생 다수의 수재민 발생하는 매년 크고 작은 홍수 피해가 발생하고 있습니다.
ㅇ 신드주(특히 카라치)에서는 모기에 의한 뎅기열로 매년 상당수가 사망(2013. 10월 22명)하니 모기에 물리지 않도록 조심하시고, 기타 말라리아, 소아마비 등도 자주 발생합니다.
유의해야할 지역
ㅇ 파키스탄 콰이버-팍툰콰주, 연방부족자치지역(FATA） 및 아프가니스탄 접경지역, 카이버패스 지역, 디르, 스와트밸리 지역, 발루치스탄주전역은 파키스탄 정부군과 탈레반 간의 교전 및 반정부 지역 무장 부족들이 활동하는 위험 지역 및 테러다발 지역 이므로 여행을 삼가야 합니다.
ㅇ 또한, 히말라야 고봉 트래킹 루트 등반을 위해서는 사전에 현지 여행사를 통해 관광부의 허가를 득해야 합니다.
[표적살인(target killing), 시위 등 유의 지역]
ㅇ 카라치 시내디펜스(D.H.A), 칼사스(Karsas)지역을 제외한 전지역에서 인종ㆍ종파ㆍ정당간 갈등에 의한 총격살인 및 시위가 수시로 발생하며, 모든 지역에서 권총강도가 성행하고 있으니 동지역 여행시 신변안전에 각별히 유의하시기 바랍니다.
[자연재해 빈발 지역]
ㅇ 신드주 중남부 지역(Sanghar, Milpur Khas, Badin 등)은 몬순기간(7~8월) 중 홍수가 자주 발생하고 있습니다."
파푸아뉴기니,Papua New Guinea : PNG,PG,아주,2025-05-21,"사건ㆍ사고 현황
[치안상황]
(일반범죄 등)
ㅇ 수도 Port Moresby를 비롯한 대도시 중심으로 생계형 무장 떼강도(Raskol)들이 외국인 대상(특히 아시아인)으로 강력범죄가 증가 추세이나 경찰력이 매우 부족하여 범죄를 대응하지 못하고 있는 실정입니다. 특히 수도 Port Moresby의 경우 직업을 찾아 전국에서 몰려드는 인구수에 비해 일자리가 턱없이 부족하여 범죄가 시간과 장소를 가리지 않고 발생하는 등 치안이 극도로 불안합니다.
ㅇ 남하일랜드주 및 헬라주는 부족간의 다툼, 폭동이 빈번하게 발생하는바, 불가피하게 동 지역을 방문하실 경우 우리 대사관에 사전 협의하시기 바랍니다.
ㅇ 단순 강도형태가 주를 이루나 최근에 외국인 대상 주거지 및 사업장을 침입하거나, 납치 후 몸값을 요구하는 형태의 조직적이고 지능적인 범죄가 발생하고 있습니다.
ㅇ 최근 파푸아뉴기니 전국 각지 도로에서 차를 세우고 차량을 강탈하고 소지품을 강탈하는 범죄가 자주 일어나고 있습니다, 수도권에서도 운전자를 사제총으로 위협하고 실제 발사하는 사건도 일어나고 있으므로 운전시 충분한 거리를 유지하여 대처하시기 바랍니다.
ㅇ 또한, 주재국내 불법입국 및 취업을 통해 현지인들의 일자리와 상권을 빼앗는 외국인, 특히 아시아계에 대한 불만감이 폭발하여 수도 Port Moresby를 비롯한 Lae, Goroka 등 주요 도시 내 위치한 아시아계 상점들을 공격하는 사태가 벌어졌습니다. 빈부 격차의 심화가 그 주요 요인 중의 하나로 단기간에 해결하기 어려운 상황임을 감안할 때 이러한 사태는 언제든지 다시 일어날 수 있는 상황이니 유의하시기 바랍니다.
※ 파푸아뉴기니 당국은 외국인에 대해 유효한 노동허가증 보유 여부를 수시로 불시 점검
ㅇ 각종 범죄가 주야간 구분 없이 발생함과 동시, 공공장소에서도 대담하게 범죄가 벌어지고 있어 한산한 장소는 물론 다중이 왕래하는 장소에서도 각별한 주의를 요합니다.
ㅇ 모든 외국인은 부유하다는 생각이 일반화 되어있어 항시 표적이 되기 쉬우므로 늦은 저녁시간은 물론 대낮에도 도보로 시내를 돌아다니는 것은 자제하는 것이 좋으며 야간에는 차량이동 포함 바깥출입을 최소한으로 하는 것이 안전합니다.
ㅇ 카메라, 휴대폰 등 휴대 시 이를 노리는 범죄가 기승을 부리고 있어, 이들 휴대품이 외부에 노출되지 않도록 주의를 기울여야 합니다.
사건ㆍ사고의 유형
[절도]
ㅇ 외부 주차장(환전을 위한 은행방문, 관광지 방문 등)에 주차된 차를 대상으로 차량을 유리창 파손 후, 귀중품을 훔쳐가는 가는 사건이 빈번히 일어나고 있습니다.
- 관리인이 상주하는 주차장을 이용하고, 외부 주차장 이용 시 가방, 카메라와 같이 눈에 띄는 귀중품은 차량 내에 보이지 않는 곳에 잘 숨기어 불필요한 관심을 끌지 않음으로써 피해를 미연에 방지해야합니다.
[무장강도]
ㅇ Rascol이라 불리는 무장 떼강도들이 인적이 드문 장소들은 물론, 골프장, 관광지 주차장 및 심지어 사업장 등의 장소에서도 기습적으로 나타나 총기 및 부시나이프로 위협하며 현금 및 귀중품들을 강탈하는 사건이 자주 발생하고 있는 실정입니다.
- 인적이 드문 곳이나 Rascol 활동지역으로 잘 알려진 곳의 출입은 최대한 피하고 신뢰할 만한 현지인 또는 현지 사정에 밝은 가이드와 함께 다녀야 합니다.
[주거침입]
ㅇ 주거침입은 주야간을 가리지 않고 자주 발생하는 사건 중에 하나입니다.
- 출입문을 항상 철저하게 단속하고 거실과 침실 간 이중시건장치를 사용합니다.
[교통사고] (상해 및 대물파손)
ㅇ 현지인 대상 교통사고가 발생할 경우, 군중심리로 인해 현지인들이 무리지어 몰려드는 경우가 자주 발생합니다. 일례로 현지 재판관이 귀가 도중 수도내 임시주거지에서 생활하던 지방 부족들의 텐트 중 한곳을 들이박는 사고가 발생하였고, 인명피해가 전혀 없었음에도 불구하고 흥분한 군중들이 사고를 확인하려고 하차한 동인을 그 자리에서 돌로 쳐서 죽이는 사건이 발생하였습니다.
- 교통사고 발생시, 상황파악을 위해 차를 세우지 말고 그대로 인근 경찰서로 향한 후 경찰에 신고 후 보호를 받으며 사건을 처리 하여야 합니다.
[기타사항]
ㅇ 차량운행 시 타이어에 바람이 나가거나 문제가 생기더라도 차를 세우지 말고 가능한 주변의 경찰서와 같은 관공서 및 숙소 등 안전한 곳까지 이동한 후에 도움을 요청하는 것이 좋습니다. 현지인에게 도움을 받는 것은 기대하기 힘들고 오히려 귀중품 및 차량부품을 강탈 당하는 사건이 발생하는 경우가 있음을 유의해야 합니다.
※ 참고 : 우리국민 피해사례
- 출장한 우리국민이 시내관광을 하는 과정에서 환전을 위해 은행에 들어간 사이 주차된 차량의 창문을 부수고 차내에 있던 여권 및 현금 등이 들어있는 가방을 훔쳐간 사건 발생
- 출장한 우리 국민 2명이 국회의사당을 관광하며 사진을 찍던 중 사제총과 부시나이프로 무장한 현지인 5-6명에게 습격을 받아 현금 및 귀중품을 모두 강탈당하였고, 그 과정에서 저항을 하자 총의 개머리판으로 머리를 강타, 창상을 입은 사건 발생
- 골프장, 주차장 등에서 우리 국민이 현지인 무장강도에게 습격을 받은 상해 사건 발생
- 버스정거장 인근에서 정차 중 또는 사거리 신호대기 중 무장강도의 차량 강탈 시도 사건 발생
자연재해
ㅇ 파푸아뉴기니는 ""불의 고리(환태평양 조산대)"" 에 위치하고 있으며, 진도7이상의 강진이 잇달아 발생하고 있습니다. 대형 인명피해 가능성이 상존하고 있으니 유의하시기 바랍니다.
- 2019년도 뉴브린튼섬 화산 폭발
- 2020년 진도 7.0 이상 강진 1차례 및 6.0 이상 6차례 발생
ㅇ 바람이 강하고 비가 많이 와서 홍수 및 산사태 피해를 입는 경우가 있습니다. 또한, 해수면 상승으로 인한 피해가 늘어가고 있으며, 쓰나미의 위험에 노출되어 있어 해안가에서는 항시 주의가 요망됩니다.
ㅇ 우기(11월-4월)에는 단기간에 집중적으로 비가 쏟아지는 경우가 많아, 홍수피해가 잦고 이와 함께 산사태 피해도 많음으로 집중호우 시에는 불필요한 외출을 삼가고 안전에 만전을 기해야 합니다.
유의해야할 지역
ㅇ 일반적으로 거의 모든 장소에서 주의를 해야 하며, 특히 시간과 주변상황이 범죄발생의 주요인이 되므로 늦은 시간, 경비가 없는 장소 등은 가급적 피하는 것이 좋습니다.
ㅇ 국회의사당 근처에서 차량탈취범죄가 자주 일어났으며, 특히 주말에는 경비가 없으므로 관광을 목적으로 방문하는 것은 상당히 위험합니다.
ㅇ 골프장에서는 항시 안전 유의가 필요합니다."
팔라우,Palau,PW,아주,2023-11-24,"사건ㆍ사고의 유형
ㅇ 팔라우의 범죄율은 비교적 낮은 편이나, 외국인은 범죄의 표적이 되기 쉬우므로 주의가 필요합니다. 특히 원주민들이 이용하는 술집에서는 폭행 및 살인 사건도 간혹 일어나므로 각별한 주의를 요합니다.
ㅇ 스쿠바 다이빙, 스노클링 등 해양 스포츠 활동을 하게 될 경우에는 안전 수칙을 반드시 지켜야 하며, 팔라우 주변에는 상어가 흔하게 나타나므로 특별한 주의가 필요합니다.
자연재해
ㅇ 태풍, 쓰나미, 지진은 거의 발생하지 않고 있습니다."
팔레스타인,Palestine,PS,중동,2025-06-17,"사건ㆍ사고의 유형
ㅇ 이스라엘 벤구리온 공항 등에서 입국 거부 사건이 발생하고 있으니 아래 사항을 주의하시기 바랍니다.
- 아랍권 국가에 장기 체류한 기록이 있는 경우, 입국 거부 또는 공항에서 장시간(길게는 8~9시간) 동안 입국심사를 받을 가능성이 매우 높습니다. 아랍권 국가에 장기 체류한 사증이 부착되어 있거나, 아랍권 국가를 자주 출입국한 기록이 있는 여권을 가지고는 가급적 주재국 방문을 자제해 주시기 바랍니다.
- 팔레스타인이 방문 목적이거나, 팔레스타인에 지인이 있다고 할 경우 입국심사 시 불이익을 당할 수도 있으니 현명하게 대처하시기 바랍니다.
ㅇ 예루살렘의 올드시티(구시가지) 인근(예시: 다마스커스 게이트, 라이온 게이트 등), 히브리대 전망산 캠퍼스 인근(예시: 이싸위야 , 셰이크 자라 지역) 등 아랍인 거주 지역 과 서안지역 (라말라 시, 나블루스 시, 헤브론 시, 베들레헴 시, 여리고 시 등)의 치안이 양호하지 않아 차량 도난, 소매치기 사건 등이 발생하고 불특정 인사(유대인)와 이스라엘 일반경찰, 국경경찰을 상대로 한 흉기, 총기 테러 및 팔레스타인 주민 시위대와 이스라엘 군경 사이에 충돌이 빈발하게 발생하는 바, 동 지역의 출입을 삼가 주시고, 안전을 위해 가급적 단독 여행보다는 2명이 이상이 함께 여행하실 것을 권장합니다.
ㅇ 서안 지역(라말라 시, 나블루스 시, 헤브론 시, 베들레헴 시, 여리고 시, 제닌 시 등)과 가자지구 및 가자지구 인근 5Km 지역은 여행경보 상 출국권고 지역으로 분류되어 있으므로 가급적 출입을 자제해 주실 것을 권장합니다. 과거 사례를 비추어 볼 때 동 지역에서 여권을 포함한 귀중품 도난이 빈번하므로 여권과 귀중품을 넣은 외투를 카페 등에서 의자에 걸어놓고 자리를 비우거나 차량에 둔 상태로 이동하지 말 것을 권장합니다.
ㅇ 서안 지역 내에서 이스라엘 번호판 차량에 대한 도난 및 파손이 종종 발생하므로 각별한 주의가 요구됩니다. 서안 지역 내 60%를 차지하는 Area C 지역의 경우 오슬로 협정 상 이스라엘이 치안을 담당하도록 되어 있으나, 실제로는 이스라엘 군경과 팔레스타인 경찰 당국 모두 사건 개입을 꺼리므로, 이 지역에서 치안 당국의 협조를 받아 도난 차량을 회수할 가능성이 매우 희박합니다(차량 도난 시 대부분 Area C 지역으로 진입). 렌터카 이용 시 서안 지역 방문 예정임을 업체에 알리고, 서안 지역을 커버하는 보험을 반드시 가입하시기 바랍니다(동예루살렘 내 아랍 업체 가능). 차량 내 방치된 물품을 훔치거나, 차량 열쇠 없이 시동을 걸기 위해 차량을 파손하는 경우도 많으므로, 소지품을 차량에 두고 내리지 않아야 하며 가급적 목적지와 주차 장소를 가깝게 유지하고 장기간 주차하지 않는 것이 안전합니다. 차량 도난을 원천적으로 방지하기 위해서는 한 사람은 차량과 함께 있는 것이 안전하며, 잠깐 차에서 내리는 경우라도 시동을 끄고 차키는 반드시 소지하셔야 합니다.
ㅇ 만일의 경우 부득이하게 팔레스타인 자치정부 관할 서안지역으로 출입할 때 이스라엘군이 관리하는 검문소를 통과하셔야 합니다. 이 경우 이스라엘 입국 시 받은 단기체류 자격을 증명하는 서류(메모 형태)나 장기체류자격을 입증하는 비자가 함께 있는 여권을 반드시 지참하셔서 검문소의 요청에 적극 협력하셔야 합니다. 이와 함께 검문소 인근 혹은 서안 지역(라말라 시, 나블루스 시, 헤브론 시, 베들레헴 시, 여리고 시, 제닌 시 등) 안에서도 테러 및 무력 충돌 발생 가능성을 인지하고 있어야 합니다. 최근 들어 서안 지역에서 인근 유대인 정착민들과의 무력 충돌, 팔레스타인 주민 시위대와 이스라엘군 사이의 충돌, 하마스 조직원 등을 체포하기 위한 이스라엘군의 작전시행으로 인한 유혈 충돌 사태가 증가하고 있는 추세이므로 신변 안전에 각별한 유의가 필요합니다. 검문소 중에서는 특정한 목적(화물 수송, 국제기구, 외교관 이동)을 위해 운영되는 검문소가 있고, 치안상황 및 정세에 따라 검문소 운영 여부 및 시간이 변경되는 경우도 있으므로 유의하시기 바랍니다.
자연재해
ㅇ 이스라엘은 자연재해가 흔하지 않은 곳이지만 남부 광야 지역은 겨울철에 비가 오면 와디라고 불리는 계곡들에 갑자기 물이 차올라 익사사고가 방생하기도 하며, 인근 지역이 침수되어 주요 도로가 폐쇄되기도 하니 해당 지역 여행 시 유의할 필요가 있습니다.
ㅇ 겨울철 예루살렘 등 산악 지역에 눈이 올 경우, 제설대책이 수립되어 있지 않아 도로에 고립되는 상황이 발생할 수도 있습니다.
유의해야 할 지역
ㅇ 팔레스타인 주민이 다수 거주하는 주택가를 방문하게 될 경우에는 긴팔 셔츠, 긴 하의 등 보수적이고 단정한 복장을 하는 것이 무난합니다. (아랍 문화에서 여성이 노출된 복장을 하는 경우 주목의 대상과 비난의 대상이 될 가능성 다대)
ㅇ 이스라엘 내 일부 아랍 지역과 팔레스타인 지역에서는 아랍인 청년 및 어린이들이 아시안 방문객들을 상대로 부적절한 언어를 사용하는 경우가 발생하였고, 특히 코로나-19 발생 후 악화되었습니다."
페루,Peru,PE,미주,2025-05-21,"사건ㆍ사고 현황
[최근 치안 동향]
ㅇ 코로나 19 확진자 감소 추세에 따른 각종 방역조치는 완화되었으나, 치안 상황 악화(리마, 카야오 지역 치안 비상사태 선포), 원숭이두창 발생, 미 국무부 여행경보 상향(3단계) 조정 등 페루내 상황에 따른 우리국민 방문 및 체류시 각별한 주의 요구
- 페루 정부, 치안 악화에 따라 수도권(리마, 카야오) 지역에 비상사태를 선포(2022.2월 최초 선포 후 지속 연장중)
- 원숭이 두창 발생국으로, 철저한 예방 활동 요구
- 미 국무부, 2022.6.29.(수) 페루에 대한 여행경보(Travel Advisory)를 기존 2단계(Exercise increases caution)에서 3단계(Reconsider travel)로 상향 조정 발표(①페루내에서 절도, 차량 탈취, 강도, 폭행 등의 범죄가 주간 또는 군중 밀집도와 상관없이 만연하고 있으며, 조직범죄 집단이 수도 리마 외각에서 도로를 점거하고 강도 행위를 벌이고 있음 ②미국인을 포함한 다수의 여행객들이 페루 전통의식(Ayahuasca, Kambo 등)에 참여하여 환각 성분이 들어간 물질을 섭취한 후, 성폭행, 강도, 건강 악화, 사망에 이르기도 하므로 각별한 주의를 요함 ③미국 정부 관계자들은 치안 문제로 페루 내에서 자유롭게 여행하는데 어려움이 있음 ④▲콜롬비아-페루 국경 지역(Loreto주), ▲브라엠(Vraem)* 지역은 4단계(Do not travel)로 지정되어 계속 유지 되고 있음
* 브라엠(VRAEM) 지역은 페루 중부 5개 주(쿠스코, 아푸리막, 아야쿠쵸 우안카벨리카, 후닌) 인근 열대우림 지역으로 페루 최대, 전 세계 2대 코카 생산지임. 넓은 지형, 열대우림, 이동 가능한 강 등 지리적 이유로 마약운반책들의 주요 활동 지역임. 이러한 상황에서 페루 정부는 브라엠 지역에 비상사태를 선포했으며 계속 적용시기를 연장해오고 있음. (60일 단위로 지속 연장해오고 있는바, 연장 가능성 높음)
사건ㆍ사고의 유형
[주요 사건 사고 동향 및 예방법]
□ 시내 : 강도, 소매치기 및 택시 관련 범죄 주의, 교통사고 유의
ㅇ 길에서 잡은 택시를 타고 이동 중, 현지 기사가 강도로 돌변하여 피해를 입은 사례
- 현지 사정에 어두운 외국인 및 여행객은 가장 쉬운 범죄 표적으로, 총기 등 흉기로 위협하거나, 2-3인조가 한패가 되어 강탈하는 사례 빈번
- 시내 이동 시에는 대중교통 수단을 피하고, 가급적 택시 어플리케이션(Beat, Uber 등)을 이용 하는 것이 편리(흥정 불필요)하고, 상대적으로 안전함
ㅇ 도보 이용시, 차량 사고 및 오토바이 소매치기 피해 사례
- 리마, 지방 대도시의 시내 교통은 상시 혼잡하고 위험하여, 도보 이동 시 매우 주의를 요함. 특히, 차도를 건널 때에는 필히 횡단보도를 이용하되, 녹색 신호에도 전방 및 좌우를 잘 살펴야 함
- 쇼핑백, 가방 등을 소지하고 이동시에 오토바이를 이용한 소매치기 다수 발생. 큰 길에서 도보 이동시, 차량 진행 방향과 반대 방향으로 걸어가고 개인 소지품 관리에 유의할 것
ㅇ 식당에서 식사 중, 의자 등받이에 걸어 놓거나 의자 밑에 놓아둔 가방 도난 사례
- 한국에서는 카페, 식당 등 공공장소에 둔 물건을 도난, 분실하는 사례가 상대적으로 적어 해외여행시 개인 소지품 관리에 소홀해 질 수 있으나, 이는 매우 손쉬운 표적이 되고 있으므로 상시 주의가 필요함 ( 가방은 품 안에 보관 요망 )
ㅇ 카드를 도난당하여, 카드 결제 및 현금이 인출되는 피해 발생
- 강도, 소매치기 당한 가방이나 지갑 속에 있던 카드로 인해 2차 피해가 발생하고 있음. 이를 예방하기 위해 해외여행 전에 카드 결제, 인출 한도를 조정하는 것을 권장함
ㅇ 개인 또는 간이 환전소에서 환전 시, 위조지폐 포함 및 무장 강도에 표적이 된 사례
- 노상에서 환전 등 금전 거래를 하는 것은 즉시 범죄의 표적이 될 수 있는 매우 위험한 행동으로 절대 삼가야 함. 아울러, 환전 사기(위폐)를 피하기 위해서는 은행 또는 공인된 환전소를 이용하는 것을 권장함
ㅇ 이동 중이던 차량이 정차한 사이, 강도가 총기를 이용하여 위협 후 귀중품을 강탈해 간 사례
- ▲차량 정차시, 창문 올리기, ▲차내 핸드폰 사용 자제, ▲차내 캐리어 및 소지품 보관시, 외부에서 눈에 띄지 않는 곳에 보관, ▲인적이 드문 야간 및 주말 오전 이동 자제
□ 시외 여행 중 : 안전 지침 숙지, 도난 빈번 발생, 전염병 주의
ㅇ 페루는 고속도로 교통사고가 빈번히 발생하는 바, 기차, 버스 등을 통한 페루내 ▴육로 이동시 안전 벨트 착용, ▴차량 이동시 반드시 착석, ▴비상사태시 탈출할 수 있는 비상구 사전 확보 및 탈출 방법 구상 필요
ㅇ 장거리 운행버스 짐칸 또는 선반에 두었던 소지품/짐을 도난당한 사례
- 버스 등 여객회사에 수화물을 맡길 때에는 반드시 수화물표를 받아두어야하고, 귀중품등은 직접 소지하는 등 만약에 있을 분실사고에 대비 필요
ㅇ 길링-바레 증후군, 말라리아, 원숭이두창, 코로나19 등에 유의, ▴개인 위생 철저, ▴발병지 방문 자제, ▴개인 면역 체계 강화
- (길링-바레 증후군) 따뜻한 물로 손 씻기, 위생적이지 않은 식당이나 장소에서 음식물 섭취 지양(노점상 등), 과일 및 채소류는 섭취 전 반드시 세척, (말라리아) 외출시 긴옷 착용 및 모기 기피제 사용, 취침시 가급적 창문을 닫고, 모기장 활용, 말라리아 위험국가 여행 전 필요시 병원에 내방하여 의사와 상담후 예방약 복용, 말라리아 증상(오한, 발열 등)발현 즉시 가까운 병원 내방
□ 산악지역 여행 중 : 낙마, 교통사고 발생, 가족과의 연락 두절, 고산증
ㅇ 정글 트레킹 중 낙마하여 교통사고를 당한 사례
- 자전거 등을 이용하여 트레킹을 하는 여행 상품에 참여시, ▴여행자 보험 가입 필수, ▴안전 장비 착용, ▴교통 사고 유의, ▴폭우시 참여 자제 등 안전에 유의
ㅇ 고산 지역 여행시 유의 사항(중요)
- 저지대에서 고지대로 적응과정 없이 올라갈 경우, 저기압 및 저산소 상태에 신체가 적응하지 못하는 고산증이 발생할 수 있고, 고도와 개인의 민감도 등에 따라 ▴두통, ▴구토, ▴어지러움, ▴피로, ▴숨가쁨, ▴식욕감퇴, ▴수면장애 등의 증상 유발
- ▴여유있는 계획으로 무리한 일정 강행을 피할 것, ▴충분한 수분 섭취, ▴담배, 술, 신경안정제, 수면제 등 호흡을 약화시키는 물질은 피하고, 고지방과 고단백질의 섭취 자제(소식 필요), ▴필요시 예방약 복용
ㅇ 가족 및 지인과 장시간 연락이 되지 않는 상황에 처하게 될 경우
- ▲정글 투어, ▲산악 트레킹, ▲육로를 통한 국경 이동 등 페루내 일부 지역은 전력 혹은 통신망이 원활하지 않아 장시간 연락이 되지 않을 가능성이 크고 이를 악용한 보이스피싱 시도
- 여행 전에 가족 혹은 가까운 지인에게 이동 경로, 연락 가능 번호, 숙소 등에 대한 정보 공유
- 다만, SNS, 카카오톡 프로필 등 불특정 다수가 볼 수 있는 공간은 종종 보이스피싱 등에 악용될 사례가 있으니 노출 자제
□ 사막지역 여행 중 : 각종 액티비티 안전사고
ㅇ 샌드보드, 사륜오토바이(ATV) 등 액티비티를 즐기던 중, ▴이용자 간 충돌, ▴전방 주시 태만, ▴차량 전복 등으로 부상을 입은 사례 (지속 발생)
- 이카(Ica) 및 우아카치나(Huacachina) 지역 등에서 여행 상품에 참여시, ▴안전 장비 착용, ▴무리한 사진 촬영 자제 등 개인 신변 안전에 특별히 유의 요망
예방법
ㅇ 낯선 사람 접근시, 침착하게 그 상황을 피할 것(길을 건너거나 상가나 마트 등 다수가 운집한 곳으로 진입)
ㅇ 강도가 흉기 등을 활용하여 위협할 경우, 저항하지 말고 원하는 물품 전달할 것
ㅇ 항상 주위를 경계하고 현재 위치를 파악할 것
ㅇ 차량 탑승시, 귀중품이나 가방 등은 트렁크나 밖에서 보이지 않는 곳에 보관할 것
ㅇ 외출시 최소한의 물품만 휴대할 것(휴대폰, 신분증, 소정의 현금, 신용카드 등)
ㅇ 수상한 차량 경계할 것(의심되는 차량이 접근할 경우 우회하거나 경로를 바꿀 것)
ㅇ 안전한 곳에 주차하고 창문을 닫을 것
ㅇ 거주지의 창문과 문을 항상 닫고, 필요시 경보 장치를 활용할 것
ㅇ 신종 사기 수법(보이스피싱, 가정방문 등)에 유의할 것
ㅇ 택시 탑승시, 어플리케이션 혹은 콜택시를 활용할 것(이동시 경로를 휴대폰으로 확인할 것)
ㅇ 신호 대기 및 정차시, 낯선 사람이 접근하는 것 경계할 것
ㅇ 길이나 차량, 야간에 휴대폰 사용 자제
ㅇ 어두운 곳이나 한적한 곳 외출 자제
ㅇ 불필요한 야간 외출 자제, 우범지역 및 대규모 인원 운집지역 방문 자제, 신분증 지참"
포르투갈,Portugal,PT,유럽,2023-11-24,"사건ㆍ사고 현황
[내전, 테러(피랍)사건 등 동향]
ㅇ 포르투갈에는 아직까지 테러가 발생한 적이 없으나, 최근 국제 테러동향과 관련 포르투갈도 이와 무관하다고는 할 수 없는 상황입니다.
- 테러와 관련, 포르투갈 정부는 테러예방차원에서 테러관련조직을 정비하고, 대책을 수립, 운영하고 있습니다. 효율성 및 신속성 제고 차원에서 과거 여러 부처에 흩어져있던 안보관련 조직을 총리직속으로 일원화하고, 대테러 공동대응 강화차원에서 유럽연합(EU)과도 긴밀한 협조관계를 유지해 나가고 있습니다.
[범죄현황 등 치안상태]
ㅇ 포르투갈의 치안상태는 전반적으로 양호한 편입니다. 그러나, 코로나19가 전세계적으로 확산되고 장기화됨에 따라 세계 곳곳에서 아시아인에 대한 각종 범죄가 발생하고 있어 포르투갈 체류시에도 각별한 주의가 요구됩니다.
ㅇ 또한, 관광객들이 증가함에 리스본, 포르투, 파루 등 주요 관광지역에서 외국인 관광객을 대상으로 날치기, 소매치기 및 노상강도가 증가하고 있습니다.
ㅇ 특급호텔은 일반적으로 안전하나 기타 등급 호텔의 리셉션, 공항, 기차역, 지하철, 중심관광지를 운행하는 버스와 전차내에서 소매치기 등이 발생하므로 소지품 간수에 각별히 유의하셔야 합니다.
* 언론보도에 따르면 소매치기범들은 연령대는 주로 30-40대이며 말끔한 정장차림을 하고 다님
ㅇ 신용카드로 현금인출시 모르는 사람이 친철한 어조와 행동으로 접근해 도움을 제공하며 절도 또는 소매치기를 하는 경우가 간혹 발생하므로 주의가 필요합니다.
사건ㆍ사고의 유형
ㅇ 시내 광장이나 까페 등 혼잡한 장소에서 또는 교회를 둘러보면서 여권과 지갑 등 귀중품이 든 가방을 의자에 걸쳐놓거나 바닥에 내려놓고 잠시 휴식을 취하는 동안 소매치기를 당하는 경우가 빈번히 발생하고 있으니, 항시 주의가 필요합니다.
ㅇ 인상이 좋은 중년 남성 또는 할아버지들이 별도의 수고비를 요구하지 않고 본인의 차량을 이용해 관광가이드를 자처하며 접근한 뒤, 여행객이 가방을 차안에 두고 잠시 차에서 내린 사이 도주해버리는 경우가 있습니다.
ㅇ 차량에 가방, 노트북, GPS 등 귀중품을 두고 자리를 비운 동안 차량 유리를 부수고 이를 훔쳐가는 사건이 빈번히 발생합니다. 차량으로 여행시, 귀중품은 미리 출발지에서 차량 트렁크에 보관하고 도착지에서 트렁크를 열어 시선을 끌지 않도록 조심하며, 차량 안에는 GPS나 가방 등 귀중품을 보이게 두지 마시기 바랍니다.
[범죄 피해 예방을 위한 유의사항]
ㅇ 시간에 관계없이 인적이 드문 곳은 출입을 삼가 주시기 바랍니다.
- 특히, 심야시간대 등 야간에 불필요한 외부출입 삼가
ㅇ 코로나19 확산 관련, 모욕적인 언사 등으로 자극적 행동을 보이거나 접근해 오는 사람들에 대하여는 상황이 더 악화되지 않도록 가능한 한 접촉 회피해 주시기 바랍니다. (필요 시 경찰이나 주변 시설관리자 등에게 즉시 도움 요청)
ㅇ 범죄 피해 등 발생 시 긴급전화 또는 주변에 신고 및 도움을 요청하시기 바랍니다.
- 특히 즉각적인 대응이 가능한 현지 경찰 등에 우선적으로 도움을 요청한뒤 대사관으로 연락하여 영사조력 요청
ㅇ 자가격리 지침이나 사회적 거리 두기 등 해당 국가의 코로나19 극복을 위한 각종 지침, 명령 등을 위반할 경우 해당 국가의 법령 등에 따라 처벌받을 수 있으므로 최대한 준수해 주시기 바랍니다.
자연재해
ㅇ 포르투갈에는 태풍, 지진, 해일 등의 일반적인 자연재해가 거의 발생하지 않습니다.
ㅇ 그러나 2010. 2월말 마데이라섬에 강풍과 폭우로 산사태와 홍수로 많은 인명ㆍ재산피해가 발생했으며, 2010.12월 중부 Tomar지역에 토네이도가 강타한 적이 있었는데, 이는 전세계적인 이상기온으로 인해 이례적으로 발생한 경우입니다.
유의해야할 지역
[리스본시내]
ㅇ Santa Apolónia와 Oriente 기차역 및 Rossio, Baixa, Alfama, Belém 등 주요 관광지역에서 도난사고가 많이 발생하고 있으며, 특히 28번 전차내 소매치기에 유의하셔야 합니다
[포르투 시내]
ㅇ Bairro de Sao Joao de Deus, Bairro de Pinheiro Torres, Bairro da Pasteleira, Bairro do Aleixo는 마약 밀매지역이므로 피해 주시기 바랍니다.
ㅇ 최근 들어 Fatima성지에서도 소매치기가 간혹 발생하고 있어 순례객들이 많이 운집해 있는 성당 내부 및 광장에서 주의하실 필요가 있습니다."
폴란드,Poland,PL,유럽,2025-05-21,"사건ㆍ사고의 유형
ㅇ 투숙호텔 뷔페식당에서 조식 식사를 위해 가방을 좌석에 두고 음식을 가지러 간 사이 가방을 도난당하는경우가 있습니다. 귀중품은 직접 가지고 이동하는 것이 안전합니다.
ㅇ 열차 이동 시 짐을 짐칸에 따로 보관하였다가 분실하는 경우가 많으니, 열차 이동시 짐은 가급적 시선이닿는 곳에 보관합니다.
ㅇ 혼잡한 쇼핑몰 및 대중교통수단(버스, 지하철, 전차) 이용시 금품, 여권 등을 도난당하는 경우가 있으니, 금품이 들어있는가방의 지퍼를 열지 못하도록 손으로 잡고 있는 등 소매치기에 유의하여야 합니다.
ㅇ 기차역 근처에 있는 *마피아 택시는 기본 요금보다 몇 배 이상의 무리한 요금을 요구하며, 지불하지 않을 경우 심한 욕설 등으로 위협하는 경우가 있으니 탑승 전 금액을 미리 확인하고 차량을 이용하는 것이 안전합니다.
※ 마피아 택시 : 주로 기차역 또는 공항 근처에서 대기하고 있으며 택시 회사명과 전화번호가 적히지 않은 불법택시
자연재해
ㅇ 태풍, 지진 등의 자연재해는 거의 없습니다.
유의해야할 지역
ㅇ 인적이 드문 취약 지역과 기차역 주변 그리고 야간에는 주의를 요합니다.
ㅇ 폴란드는 비교적 치안상태가 안전하여 외국인이 여행 중에 살인, 강도, 납치 등 신체에 물리적 유해를 가하는 강력범죄 피해는 거의 발생하지 않으나, 사람이 많은 버스나 지하철 소매치기와 국경을 넘는 야간기차 탑승시 주의를 요합니다."
프랑스,France,FR,유럽,2022-11-29,"사건ㆍ사고 현황
★ 2015.11.13. 대규모 테러 발생 후 지속적으로 크고 작은 테러가 발생하고 있습니다. 안전에 유의하시기 바랍니다.
[내전, 테러(피랍)사건 등 동향]
ㅇ 지난 2020.10월 니스 노트르담 성당 테러 사건 이후, 프랑스는 대테러 경보단계를 2단계(Risque attentat)로 유지하고 있습니다.
- 이에 따라, 프랑스 군.경찰 당국은 에펠탑 등 관광지와 기차, 지하철역 등에 대한 여행객 소개 및 검문 강화 조치를 취하고 있습니다.
- 따라서, 테러 위협 관련 뉴스를 수시로 확인하고, 사람들이 많이 모이는&nbsp;장소 출입을 가급적 삼가 하는 등 신변안전에 유의해야 합니다.
[범죄현황 등 치안상태]
ㅇ 프랑스는 강력범죄 등에 있어서는 유럽 내에서 비교적 안정적이라는 평가를 받고 있으나, 관광객이 많아 관광지나 파리 외곽지역, 유흥가, 지하철 역 등에서 소매치기 및 절도, 강도 등의 피해가 아주 많이 발생합니다.
ㅇ 특별히 프랑스 여행을 계획할 경우, 지갑 및 여권, 기타 귀중품 등의 도난에 각별히 유의해야 합니다.
[주요 사건ㆍ사고 유형]
ㅇ 아동을 동반한 일가족 소매치기단의 소매치기 범죄 및 여행객 대상 소매치기 범죄가 자주 발생합니다. 반드시 중요 물품이 든 가방은 몸 앞쪽으로 매고, 옷 주머니 등 접근이 용이한 곳에 지갑이나 휴대폰을 두지 않도록 하는 등 범죄 피해 예방 노력이 필요합니다.
ㅇ 또, 2~3인이 1조가 되어 움직이는 오토바이 강도단은 다량의 현금이나 고가의 물품을 소지한 것으로 보이는 외국인을 대상으로 공항에서부터 추적하다가, 상시 정체구간인 파리 인근 Landy 지하터널에서 정지된 차량 유리창을 부수고 귀중품을 절도하는 사고가 자주 발생하고 있습니다. 따라서 차량 탑승 시 귀중품은 항상 의자 밑이나 뒷 트렁크에 넣고, 무릎에 올려놓지 않아야 합니다. 또한 차량이 정지 상태에 있지 않도록 앞차와의 간격을 충분히 두고 서행하여 공격대상이 되지 않도록 하는 것도 중요합니다.
- 이 경우, 신체 부상 등 더 큰 피해 방지를 위하여 강도를 당하는 순간 저항하지 말고, 사고 후 즉시 경찰 신고와 아울러 신용카드 및 휴대폰 정지 요청 조치가 필요합니다.
ㅇ 그리고 차량통행이 비교적 한산한 주말 시간, 도로나 휴게소에 주차한 자동차 문을 파손하고 가방 및 물품을 절도하는 사례도 종종 발생하고 있으므로, 하차 시에는 가방 및 물품 등을 트렁크에 넣고 귀중품은 직접 소지, 보관하는 것이 좋습니다.
사건ㆍ사고의 유형
[빈번한 교통사고 유형]
ㅇ 도심에서는 일방통행과 교차로가 많고, 도로 곳곳에 오토바이가 질주하고 자전거도 많은 편이라 접촉사고가 자주 발생합니다. 그리고 일반적으로 차량은 교통신호을 잘 지키는 편이나, 보행자들은 신호를 무시하고 도로를 횡단하는 경우가 많아서 이로 인한 사고도 종종 발생하므로 운전시 보행자와 오토바이, 자전거에 유의하시기 바랍니다.
자연재해
ㅇ 프랑스는 태풍, 폭우 등 자연재해 발생 경우가 많지 않으나, 최근 지구 온난화의 영향으로 여름철 초고온 현상, 겨울철 폭설이나 폭우 등의 이상 현상이 가끔 발생하고 있습니다.
유의해야할 지역
ㅇ 오페라, 에펠탑, 몽마르뜨 등 주요 관광지, 지하철, 기차역(북역, 동역 등) 주변, 샤를 드골 공항에서 파리 중심까지의 RER(교외급행전철)선, 술집이 많은 피갈 유흥가 지역 등에는 항상 소매치기가 많으므로 소지품에 주의하시기 바랍니다."
피지,Fiji,FJ,아주,2023-11-24,"사건ㆍ사고의 유형
ㅇ 현금을 노리는 도둑들이 한인 등 외국인의 집에 침입하는 사례가 종종 있습니다.
ㅇ 공항 주변, 합승 미니버스 운전수가 다른 승객과 공모하여 외국인 승객에게 폭행을 가하고 금품을 강탈한 사건이 발생했습니다.
ㅇ 빈부격차로 인해 빈곤층이 증가하고 있고, 절도나 강도 또는 흉기를 사용하는 조직적 범죄가 증가 하고 있습니다.
ㅇ 피지에서는 강도, 주거침입 절도, 절도 등과 같은 범죄가 지역을 가리지 않고 매우 빈번히 발생하고 있습니다. 금품 등을 노린 생계형 범죄 및 우발적 범죄의 비율이 높은 편이나, 우리나라 국민을 포함한 외국인을 노려 계획된 범죄도많이 발생하고 있습니다.
ㅇ 또한 이러한 범죄 발생시 범죄 피해자가 신고하여도 현지 경찰 인력 및 장비 부족 등으로 즉시 출동이 이루어지지 않거나, 범인의 검거 및 처벌, 배상 등과 같은 피해 구제가 지연되는 경우도 많으므로 범죄의 대상이 되지 않도록 예방하는 것이 최선이라고 하겠습니다. 단기여행자의 경우에는 강도, 절도와 같은 범죄 피해, 긴급한 진료 가능성 등에 대비한 여행자보험 가입을 고려해볼 필요가 있습니다.
* 피지 경찰수 : 약 5,000명
ㅇ 피지에서 여성을 대상으로 한 성범죄가 빈번히 발생하고 있으므로 경비원이 있는 주택임차, 야간 외출 자제 등 성범죄 예방을 위한 각별한 주의가 요망됩니다.
ㅇ 피지를 방문하시는 경우 특히 아래 사항에 유의하시기 바랍니다.
- 절도, 강도, 주택침입이 빈번하게 발생하므로, 높은 담장, 자동출입문, 경비원, 경보장치, 문과 창문의 창살 설치등 보안기준을 충족하는 주거를 안전한 지역에 마련하고, 야간은 물론 주간에도 항상 문단속을 철저히 하여야 합니다.
- 일몰후에는 외출을 삼가고, 일출후에도 위험한 지역은 도보로 다니지 말아야 합니다. 길거리에서 폭행을 당하고 금품을 빼앗기는 사례가 빈번합니다. 또한 시내 등지에서 카메라 등 귀중품을 소지하고 다니면 쉽게 눈에 띄어 범죄의 표적이 될 수 있습니다.
- 차량안에는 가방 등의 물건을 두고 내리지 말고, 트렁크 속에 보관하시는 것이 좋습니다. 차량 유리를 깨고 물건이나 카스테레오 등의 부품을 가져가는 경우가 있습니다.
- 항공편으로 수하물을 부칠 경우에도 트렁크의 자물쇠를 잠그거나, 귀중품은 별도로 핸드캐리하는 것이 좋습니다.
자연재해
ㅇ 11월 ~ 4월중에는 싸이클론이 발생하며, 이 가운데 일부가 피지에 영향을 줍니다. 싸이클론 내습시에는 이로 인한폭우, 강풍, 홍수, 산사태, 낙하물로 인한 부상, 정전 및 단수 등의 피해가 발생할 가능성이 있습니다.따라서 이 시기에는 항공 또는 선박여행, 해상스포츠 활동 등을 자제하는 것은 물론, 안전한 장소에 머물며 관계기관의 지시에 따라 예방조치를 취해야 합니다.
ㅇ 피지에서 최근 대규모 지진이 발생한 적은 없으나 지진 발생 가능성을 배제할 수는 없습니다. 또한 태평양상에서 지진 발생시, 이로 인한 해일 피해 를 입을 가능성이 있습니다. 특히 수바 시내 및 리조트 호텔은 해안가에 위치하여 쓰나미로 인해 큰 피해를 입을 수 있으므로 관련 정보에 주의를 기울여야 하며, 쓰나미 경보 발령시에는 관계기관의 지시에 따라 미리 높은 지대로 대피하는 등 예방조치를 취하여야 합니다.
유의해야할 지역
ㅇ 일반적으로 대형리조트 호텔은 투숙객 이외에는 경내 출입을 통제하는 경우가 많으므로 비교적 안전하나 수바, 난디, 라우토카 등 도시 및 마을 지역 방문시에는 특히 주의를 해야합니다.
ㅇ 피지에서 최근 대규모 지진이 발생한 적은 없으나 지진 발생 가능성을 배제할 수는 없습니다. 또한 태평양상에서 지진 발생시, 이로 인한 해일 피해 를 입을 가능성이 있습니다. 특히 수바 시내 및 리조트 호텔은 해안가에 위치하여 해일로 인해 큰 피해를 입을 수 있으므로 관련 정보에 주의를 기울여야 하며, 해일 경보 발령시에는 관계기관의 지시에 따라 미리 높은 지대로 대피하는 등 예방조치를 취하여야 합니다."
핀란드,Finland,FI,유럽,2023-11-24,"사건ㆍ사고 현황
□ 정정 상황 (전쟁, 내란, 테러 등)
ㅇ 핀란드는 제2차 세계대전 이후 중립을 지켜온 공화국으로서 국내정세가 안정적인 국가이며 전쟁이나 테러 등에 의 한 위협이 거의 없는 안전한 나라입니다.
ㅇ 다만 만약의 사건사고에 대비하여 국내 가족 등에게 숙박호텔의 전화번호 등 연락처를 남겨 두시는 것이 좋습니다.
□ 치안상황 (일반범죄 등)
ㅇ 핀란드는 최근 들어 새로운 관광국으로 각광받으며 영국, 스웨덴, 인접국 러시아 등으로부터 관광객이 많이 늘어나 는 추세입니다. 또한, 중국, 일본과 우리나라 관광객들의 방문도 급격히 늘고 있는 추세입니다.
ㅇ 특히, 유럽관광 성수기인 5월에서 9월 사이에는 소매치기가 많이 발생하고 있습니다.
사건ㆍ사고의 유형
ㅇ 많은 관광객이 방문하는 마켓 광장, 상원 광장, 호텔 로비나 식당 등의 장소에서 종종 소매치기 또는 날치기가 발생 하는 경우가 있습니다.
- 모르는 사람이 필요 이상으로 가까이 접근해 오면 경계심을 갖고 대응하며 특히 자신의 휴대품에 주의해야 합니 다.
- 현금은 가능한 한 의복의 내부 주머니에 넣어두고 현금과 여권 등 중요한 소지품은 여러 곳으로 분산하여 휴대하 는 것이 좋습니다.
- 혼잡한 곳에서는 가능한 한 휴대가방을 몸의 정면에 두고 다니십시오.
- 레스토랑에서 식사하는 도중 자리를 일시 비울 때는 휴대품을 의자 등에 놓아두지 말고, 휴대하는 것이 좋습니다.
ㅇ 자동차 여행시 특히 호텔 체크아웃을 전후 휴대품 등을 차에 옮길 경우 낯선 사람이 접근, 말을 걸어오는 경우가 있습니다.
- 잠시 자리를 비우더라도 차문을 반드시 잠그십시오.
ㅇ 유람선 터미널에서 경찰관을 사칭하고 휴대품검사를 한다며 핸드백 내 현금을 갈취하는 피해 사례가 발생한 바 있습니다.
- 경찰관을 칭하는 사람으로부터 휴대품 검사 요청을 받을 경우에는 상대에게 소지품을 내주지 말고 상대방에게 사유를묻는 등 소매치기를 당하지 않도록 주의 하십시요.
- 결코 혼자 대응치 말고, 신분증 제시를 요구한 후 근처 상점이나 통행인에게 이를 알려 도움을 청하십시오.
ㅇ 간혹 야간에 만취상태에서 다른 사람(특히 외국인)에게 말을 거는 등 불필요한 접촉을 시도하는 사람들이 있습니 다.(핀란드에서 발생하는 폭력 등 강력범죄의 상당수는 과음이 1차적인 원인인 것으로 알려져 있습니다)
- 가급적 밤늦게 공원 등 한적한 곳을 다니는 것을 피하시고, 만취 상태인 사람의 접근시 빨리 자리를 뜨십시오.
ㅇ 또한 제3국인들이 고속도로 상에서 비상등을 켜고 주차한 상태로 지나가는 차를 세워 기름이 떨어졌다고 하면서 금반지 등을 주며 기름값을 요구하는 사례가 있으니 유의하시기 바랍니다.
- 요구에 응하지 말고 자리를 피하십시오.
자연재해
ㅇ 핀란드는 태풍, 가뭄, 지진 등 자연재해가 거의 발생하지 않으나 늦가을에는 강풍을 동반한 폭우나 한겨울에 폭설로 인해 몇 시간 정도 뱃길이 끊기는 경우가 가끔 발생합니다.
유의해야할 지역
ㅇ 특히 관광객이 많이 모이는 마켓광장이나 유람선 터미널에서 소매치기에 대해 각별히 주의하시기 바랍니다."
필리핀,Philippines,PH,아주,2025-05-21,"사건ㆍ사고의 유형
※ 필리핀은 살인ㆍ납치ㆍ강도 등 강력사건이 빈번히 발생하고 있으므로 안전에 유의하시기 바랍니다. &nbsp;
□ 살인 사건의 경우
ㅇ 지난 3년간 (2018-2020) 6건의 우리국민 피살사건이 있었습니다. ('18년: 3건, '19년: 3건, '20년: 0건)
ㅇ 살인 사건의 대부분은 1백만 정이 넘는 불법 총기에 의해 일어나고 있으며, 특히 전문 킬러에 의한 청부 살해 사건이 종종 발생하고 있습니다.
ㅇ 살인 사건의 유형은 다양하지만, 대표적인 경우로는
- 우리국민 은퇴 또는 장기체류자 거주 지역에서 발생
- 사업차 필리핀을 방문하여 현지인 가이드를 고용하고 현지 여성과 관계를 가지는 등 현지인들과 돌아다니다가 납치 살해되는 경우
- 카지노 등 유흥 오락을 목적으로 방문한 한국인을, 카지노 에이전트가 카지노 안내 및 호텔 숙박, 금전 대여 등 호의를 베푼 뒤 금품을 빼앗고 살해하는 경우
- 현지에서 사업을 하다, 동업자와 공동투자 관계에서 이권 다툼을 벌이다 동업자에 의해 살해되거나, 또는 “꼭두각시 금지법(Anti-dummy Law)""에 의해 현지인 바지사장(꼭두각시;Dummy)을 내세워 사업을 하는 것은 금지되어 있는데, 그런 사업을 하다 현지인 꼭두각시에 의해 살해되는 경우
- 치정 문제로 연적(戀敵)에 의해 살해되는 경우
- 현지 직원들(메이드, 운전기사 등 포함)을 절도 등 각종 문제로 해고하게 되면 원한 감정이 쌓이게 되고, 이후 이들 해고된 사람들이 보복 목적으로 살해하는 경우
- 권총 강도, 택시 강도 후 살해 및 사체 유기
□ 납치ㆍ감금 사건의 경우
ㅇ 현지가이드를 고용하여도 민다나오 등 남부지역에서는 리조트에서 휴양하다가 이슬람반군-아부 샤야프에 납치되어 거액의 몸값을 요구받고 장기간 억류되는 사례가 발생. 절대 방문하지 말 것을 권고
ㅇ 현지 가이드를 고용하여 광산 등을 찾아 나서다가 공산반군, 이슬람반군-아부 샤야프, 모로 이슬람 해방전선 등 반군 진영 사람들에 납치되는 경우
ㅇ 카지노에서 고액의 자금을 빌려 게임을 즐기다가 그 빚을 갚지 못해 감금되는 경우
ㅇ 기타 사업가의 자금(종업원들의 월급 등), 유산 등 돈을 강탈할 목적으로 경찰 등 현지인들과 짜고 벌이는 납치 사건 등
□ 강도, 비리경관 등에 의한 강탈 등 사건
ㅇ 총기(대부분 오토바이를 이용)에 의한 금품 강탈의 경우가 많음
ㅇ 음료수 등 약물을 마시게 한 뒤 강탈하는 약물강도
ㅇ 현지인 보안요원을 고용하지 않은 한인식당 등 업소에 침입 강도
ㅇ 비리 경찰관들이 검문검색을 가장, 마약을 차량 또는 옷에 투입하거나 총기 또는 총알을 차량에 던져 넣고 강제 구인한 뒤 금품 요구
ㅇ 경찰관들이 여성과 공모하여 미성년자 강간, 인신매매 등의 혐의로 현장에서 체포, 구금할 태세를 보이면서 돈을 받고 무마하는 경우
유의해야할 지역
ㅇ 민다나오 섬 일대에는 회교 반군 및 공산 반군 세력이 준동하고 있으니 납치 당하지 않도록 유의하시고 특히, 이슬람 자치구역 인근 잠보앙가 지역은 외국인 납치사건이 빈번하게 발생한 지역이므로 절대로 방문을 삼가시기 바랍니다.
ㅇ 메트로마닐라 일대, 앙헬레스, 바탕가스, 세부 등 외국인 관광객이 많은 지역에서는 강도, 소매치기 등에 주의하여야 하며, 약물을 음료수 등에 타서 의식을 잃게 한 뒤 금품을 털거나 신용카드 비밀번호를 알아내 ATM 기계에서 현금을 빼고는 달아나는 아티반 갱 사건 등이 자주 발생하고 있습니다.
ㅇ 카지노 등이 성행하는 마닐라, 앙헬레스 지역 등에서는 도박자금을 빌려주고 이를 송금하지 않는 경우 감금, 폭행을 일삼는 조직 폭력배들이 있으니 주의하시고 해외에서 도박을 하더라도 국내에서 도박죄로 처벌 받을 수 있으니 카지노 출입을 삼가하시기 바랍니다.
ㅇ 세부지역은 물놀이 사고가 빈번히 발생하므로 안전사고에 유의하시기 바랍니다.
자연재해
ㅇ 필리핀은 환태평양 조산대에 위치하여 화산, 지진, 태풍 등 자연 재해가 많이 발생하고 있습니다.
- 6월부터 10월까지 우기 기간에 매년 20여개의 크고 작은 태풍이 주로 비사야 및 루손 지역을 통과하고 있습니다.
- 또한 태풍이 올라오는 경로를 서서히 관찰할 수 있는 한국과 달리, 필리핀은 태풍 발생 지역과 인접하여 대비 기간이 짧으므로, 우기 동안 필리핀 여행을 할 경우에는 수시로 기상 예보를 확인하는 것이 필요합니다.
- 우기에는 집중호우가 계속되면서 산사태가 나거나 가옥이 파괴되고, 도시지역에는 주요도로가 침수되는 피해가 발생합니다. 또한, 강물 범람으로 고립되는 지역이 발생하므로, 가급적 여행을 삼가고, 운전 시 조심해야 합니다.
ㅇ 화산 활동의 위협은 마닐라 북부 및 남부에 모두 상존하고 있는 바, 1991. 6월 이재민 4만여명, 사망 900여명 등 20세기 최대의 화산활동을 벌인 피나투보 화산은 물론 2010년, 2013년 화산 활동을 일으켜 일대 주민을 대피시킨 마욘 화산, 2020년 화산재 분출 등으로 필리핀 경보단계 4단계까지 상승(최고 5단계)하여 현재까지(2021.4월) 일대 주민이 대피해 있는 따가이타이 따알 화산 등이 대표적입니다.
ㅇ 지진도 필리핀 전역에서 감지, 2013. 10. 보홀에서 진도 7.2의 지진이 발생하여 200여명이 사망.(한국인 사망자 없음)"
헝가리,Hungary,HU,유럽,2023-11-24,"사건ㆍ사고 현황
ㅇ 헝가리의 치안은 유럽에서 안정적이라는 평가를 받고 있어 외국인이 여행 중에 살인, 강도, 납치 등 신체 및 생명의 위협을 당하는 등 강력범죄 피해가 거의 없으나, 관광지나 외곽지역, 유흥가, 대중교통 이용시에는 소매치기와 소지품 분실을 조심해야 합니다.
사건ㆍ사고의 유형
[사례]
ㅇ 비엔나-부다페스트 행 나라간 이동 기차 내에서의 여권 및 소지품 분실 사고가 급증하고 있습니다.
[유형]
ㅇ 부다페스트 도착 전, 중간 역에서 기차가 출발하기 직전 가방 등 귀중품을 들고 도주 하차
ㅇ 열차 안에서 티켓 검사, 자리 확인, 승객 승․하차 (특히, 국경 근처 전·후 정거장) 등 소란한 틈을 이용한 소매치기
[대책]
ㅇ 귀중한 소중품은 항상 신체 가까이 휴대하고 기차가 잠시 정차한 시에는 귀중품이 든 가방은 손에 쥐고 있는 것이 좋습니다.
[사례]
ㅇ 헝가리 바찌(Vaci)거리 및 웨스트엔드(Westend) 쇼핑몰 등에 위치한 일부 화장품 매장(SEACRET 등)에서 외국인 여행객을 대상으로 결제 사기가 빈번히 발생하여 주의가 필요합니다.
[유형]
ㅇ 화장품 매장 직원이 한국말로 접근, 젤리모양의 비누 등을 선물로 주며 매장을 구경하도록 호객 행위를 함.&nbsp;
- 매장 내 직원이 화장품을 소개 및 무료 서비스를 제공하며 구매를 유도하고 상품 결재 시 얘기한 판매 가격에 0 을 하나 더 붙이는 방식으로 결제 금액 사기
- 구매자가 카드 결제 후 이 사실을 인지하여 환불을 요청시, 환불이 불가능하다고 일방적 환불 불가 안내
[대책]
ㅇ 카드 결제 전 (Pin Code 입력 혹은 서명 전) 반드시 해당 구매가격 확인 후 결제
ㅇ 해외에서 카드를 이용하여 가맹점에서 부당한 처리를 했을 경우 즉시 해당 카드사에 연락하여 해외이용 이의신청(해외조사접수)
* 동 사항은 해당 카드사마다 상이할 수 있으므로 카드사의 안내에 따라 조치
[사례] 휴대품 절도
ㅇ 란치드(사자다리), 부다왕궁, 영웅광장, 세체니 온천, 성 이쉬트반 대성당 등 관광명소에서 피해가 발생하고 있습니다.
[대책]
ㅇ 모르는 사람이 친절하게 접근해 오면 경계심을 갖고 대응하며 특히 자신의 휴대품에 주의해야 합니다.
ㅇ 현금은 가능한 한 의복의 내부 주머니의 넣어두고 지갑도 2곳으로 분산하여 휴대하는 것이 좋습니다.
ㅇ 혼잡한 곳에서는 가능한 한 휴대가방을 몸의 정면에 두고 다니고, 레스토랑에서 식사하는 도중 이석할 때는 휴대품을 의자 등에 놓아두지 말고 휴대하시기 바랍니다.
ㅇ 공항이나 호텔에서도 가방 등 휴대물품을 잠시 놓아두고 이석한 사이에 날치기 당하는 사례가 많습니다. 휴대품은 잠시라도 방치하지 마시기 바랍니다.
[사례] 노상강탈(들치기)
ㅇ 인적이 드문 취약 지역과 기차역 주변 그리고 야간에 주의를 요합니다.
최근에는 대낮에 인파가 많은 곳에서도 오토바이를 탄 2인 1조가 휴대중인 가방을 들치기하는 사례가 종종 발생하고 있습니다.
[대책]
ㅇ 도보 이동시 가방을 어깨에서 크로스로 매는 것이 좋으며, 가방끈을 짧게 조정하고 건물 쪽으로 들고 다니는 것이 안전합니다. 혼잡한 곳에서는 가능한 휴대가방을 몸의 정면에 두고 다니십시오.
[사례] 대중교통 및 열차 이용시 소지품 분실
ㅇ 혼잡한 대중교통(버스,지하철,전차)과 열차(주로 비엔나-부다페스트, 야간) 이용시 금품, 여권 등을 도난/분실하는 사례가 발생하고 있습니다.
[대책]
ㅇ 열차 이동시 짐은 가급적 시선이 닿는 곳에 보관합니다.(야간 기차 탑승 시 각별히 유의)
ㅇ 가방의 지퍼를 열지 못하도록 손으로 잡고 있는 등 소매치기에 유의합니다.
ㅇ 모르는 사람이 접근하면 경계심을 늦추지 말 것이며 음식물, 음료수를 권할 경우 절대로 입에 대지 마시기 바랍니다.
자연재해
ㅇ 헝가리는 태풍, 폭우, 지진 등 자연재해가 거의 발생하지 않으나, 최근 지구 온난화의 영향으로 여름철 초고온 현상, 겨울철 폭설이나 폭우 등의 이상 현상이 가끔 발생하고 있습니다.
ㅇ 3월말과 5월말에 다뉴브(Duna)강과 티서(Tisza)강물이 범람하는 상황이 발생하기도 합니다.
유의해야할 지역
ㅇ 바치(Váci) 거리, 겔레르트 언덕, 부다왕궁, 오페라 등 주요 관광지, 지하철, 기차역(켈레티, 딜리, 누거티) 주변 등에서는 소매치기의 표적이 되기 쉬우므로 소지품에 주의해야 합니다.
- 특히 기차역 주변으로의 야간 출입은 삼가하시기 바랍니다.
ㅇ 바치거리(Váci utca) 소재 주점에서 사기 피해가 종종 발생하니 주의를 요망합니다.
- 사기주점 피해 신고 전화(헝가리 경제부) : (+36 1) 483-8080 (영어 가능)"
호주,Australia,AU,아주,2023-11-24,"사건ㆍ사고의 유형
ㅇ 호주는 안정적인 사회구조를 갖고 있으나, 호주 백인 젊은 층의 동양인에 대한 거부감에 기인한 폭행 사건이 간혹 일어나고 있습니다.
ㅇ 또한, 최근 우리나라 워킹홀리데이 방문자 및 유학생 유입 증가에 따라 음주, 과속, 무면허 운전, 무단횡단, 무등록, 무보험 차량 운전 등으로 교통사고를 야기하여 사망, 중상을 당하거나 법률분쟁에 휘말리는 경우가 있어 부주의 우리 젊은이들의 각별한 주의가 요구되고 있습니다.
ㅇ 호주달러를 주고 원화를 받을 때에는 원화는 반드시 본인 계좌로 송금토록 하는 것이 안전하며, 인터넷 뱅킹으로 즉시 확인하셔야 합니다. 만약 부모 등 다른 사람의 계좌로 송금토록 할 경우에는 즉시 확인이 어려운 경우가 많으므로 사기 피해를 당할 수 있습니다.
ㅇ 대개 사기꾼들은 피해자들과의 거래에서 신용을 충분히 쌓은 후 사기행각을 벌이므로 거래 시마다 위 상황을 그대로 지켜야지만 피해를 방지할 수 있습니다.
[도박]
ㅇ 최근 학생비자와 워킹홀리데이 비자로 호주에서 생활 중인 우리 학생들이 도박에 빠져 그 후유증으로 자살을 시도하거나 범죄자로 전락하는 등 인생을 망치는 사례가 자주 있어, 본인은 물론 한인사회의 각별한 주의가 요구됩니다.
ㅇ 호주는 도박의 유혹이 많은 나라이며, 특히 가족을 떠나 외롭고, 통제에서 벗어나 자유로운 생활을 하는 우리 젊은이들에게 도박의 유혹은 더욱 클 수밖에 없습니다.
ㅇ 도박중독을 피하기 위해서는 카지노 등 도박장 출입을 삼가야 하며, 일단 중독이 되면 다른 정신장애와 마찬가지로 치료가 어렵기 때문에, 반드시 전문가의 상담과 치료를 받아야만 하고, 아래 상담소에서 필요한 무료 서비스를 제공받을 수 있습니다.
* 전국 공통 : 1800 858 858
[마약]
ㅇ 호주는 우리나라보다 상대적으로 마약 구입이 용이하고, 친구의 권유나 호기심으로 마약을 시작하여 소중한 인생을 망치는 경우가 종종 있습니다. 마약은 시작하지도 마시고, 만일 중독되었다면, 전문 기관에서 치료해야만 합니다.
[익사사고]
ㅇ 호주에서 평균 15,000명 이상이 익사 사고의 위험으로부터 구출되며 120여명 가량이 익사하는 것으로 나타났습니다.
ㅇ 아국인들이 수영 미숙으로 인한 익사 사고를 당하는 경우가 자주 있으므로, 해양 스포츠를 즐기실 경우 안전 표지판 및 유의 사항을 항상 숙지하시기 바랍니다.
자연재해
ㅇ 호주는 대표적 건조지역으로 특히 건조한 봄과 여름에 산불이 자연 발생하는 경우가 많습니다. 일부 해안 지역에서는 간혹 집중호우나 태풍 등으로 인한 피해가 있기도 합니다.
ㅇ 최근 수도지구(캔버라) 인근, NSW주 서부내륙지방과 QLD주 내륙지방의 홍수로 많은 농작물 피해가 발생한 바 있는데, 침수된 도로를 건너다 인명피해 사고가 발생하였습니다. 자연재해 시 SES(State Emergency Service)의 지도에 따라 대피하며 절대로 침수된 다리 및 도로를 횡단하지 마십시오.
ㅇ 퀸즈랜드 동북부지역 매년 열대사이클론 5-6회 발생
ㅇ 퀸즈랜드 및 뉴사우스웨일즈지역 집중강우로 인한 홍수피해
ㅇ 건조기중 호주전지역 산불(부시파이어) 발생
유의해야할 지역
ㅇ 호주는 테러나 강절도로부터의 비교적 안전한 치안 상태에도 불구하고 시드니, 멜번, 브리즈번, 퍼스, 애들레이드 등 대도시에서는 여행자들을 표적으로 한 성범죄, 강절도 등의 범죄 가능성에 항상 주의할 필요가 있습니다. 특히, 코로나19 이후 동양인을 대상으로 혐오범죄가 발생하는 사례가 있어 신변에 주의가 요구됩니다.
[대책]
ㅇ 특히 야간에 도심이나 인적이 드문 곳을 다니는 것은 가급적 삼가시고 부득이한 경우에는 여러 사람이 함께 다니시기 바랍니다.
ㅇ 행동과 복장 등이 유별나지 않도록 하십시오. 거액의 현금을 가지고 다니거나 분위기에 어울리지 않는 사치스런 복장은 테러조직의 눈에 띄기 쉽습니다.
ㅇ 항공기에 탑승할 경우 휴대할 가방이나 화물의 잠금 상태를 확인하고 언제나 볼 수 있는 곳에 놓아두어 불순분자가 폭발물 등을 넣지 못하게 해야 합니다. 모르는 사람이 화물 운송을 부탁할 경우에는 철저하게 거절하십시오.
ㅇ 공항주변에 수화물만 남겨져 있는 경우 테러물 등으로 취급되기 쉬우므로 절대로 물건만 혼자 남겨두지 마시고 또한 주인없이 놓여진 가방이나 물건에는 손을 대지 말고 공항경찰에 신고하십시오.
ㅇ 차량 내부의 보이는 곳에 가방등을 보관하지 마시고 트렁크에 보관하십시오. 차량 유리창을 깨고 가방등을 흠쳐가는 소지품 도난사고가 빈발합니다.
ㅇ 비정상적인 소란 등 테러 위험 등이 있다고 생각되면 즉시 현장을 빠져 나와 안전한 장소로 이동하십시오.
ㅇ 광장 등 군중이 모이는 곳은 가급적 피하고 사건사고에 대비하여 국내가족등에게 숙박호텔, 동행자 등의 연락처를 남겨 주십시오.
ㅇ 호주의 안전한 치안상태에도 불구하고 시드니, 멜번, 브리즈번, 퍼스, 애들레이드 등 대도시에서는 여행자들을 표적으로 한 성범죄 강ㆍ절도 등의 범죄가능성에 항상 주의할 필요가 있습니다. 특히 야간에 도심이나 인적이 드문 곳을 다니는 것은 가급적 삼가시고 부득이한 경우에는 여러 사람이 함께 다니시기 바랍니다.
ㅇ 시드니의 Kings Cross, Redfern, Central Station, 시내 George Street, Hyde Park and Centennial Park, 주변은 폭력배, 마약사범, 노숙자, 주취자 관련 범죄가 자주 발생하는 지역이니 동 지역에서의 야간 활동을 삼가해 주시고, 부득이 한 경우 다른 일행과 함께 활동하시기 바랍니다.
ㅇ 브리즈번 도심 내 이면 도로가 주요 우범지역이나 주택가인 Forlitude Valley 지역, Runcorn 지역, Sunnybank Hills 지역에서도 최근 사고가 빈발하고 있습니다.
ㅇ 멜번의 Springveil, Footscray, Hudfield 지역은 우범지역입니다.
ㅇ 캔버라의 경우 멜번/시드니 빌딩인근 클럽 밀집지역, 카지노 부근, Glebe Park, ANU 대학 인근 술집 밀집 지역 Bus Interchange 를 각별히 주의하시기 바랍니다.
ㅇ 많은 여행자들이 묶는 호스텔 또는 저급호텔에서 소지품 분실사고가 빈발하오니 특별히 주의하십시오.
ㅇ 자동 현금 인출기에서 현금서비스를 사용할 때 항상 조심하십시오."
홍콩,Hongkong,HK,아주,2024-02-08,"사건ㆍ사고의 유형
ㅇ 도난 및 분실사건이 많이 발생하고 있습니다.
ㅇ 공항버스 이용 후 하차시 여행가방을 두고 내리는 경우가 많습니다.
ㅇ 침 뱉기, 쓰레기 투기, 흡연, 대중교통 내 음식물 섭취 등 기초질서 위반에 대해서 고액의 벌금이 부과됩니다.
ㅇ 교통사고의 경우, 법원의 판결 전까지는 피해자가 병원비 등 일체의 비용을 부담해야하며 재판결과에 따라 피해보상을 별도로 진행해야합니다. 가능하면 반드시 여행자 보험에 가입하시기 바랍니다.
※ 합의제도가 있기는 하지만 복잡하고 극히 제한적입니다.
자연재해
ㅇ 홍콩은 자연재해 발생은 없었으나 태풍 시즌(5월~11월)에는 항공기와 페리 운항이 장기간 중단되거나 연착이 됩니다.
유의해야할 지역
ㅇ 홍콩은 비교적 안전한 도시이나 늦은 밤이나 외진 곳에서의 관광은 피하셔야 합니다.
ㅇ 관광객을 대상으로 한 절도사건이 많이 발생하는 곳이므로 항상 소지품에 유의하셔야 합니다.
ㅇ 교통사고의 경우, 합의 전까지는 피해자가 병원비 등 일체의 비용을 부담하며 경찰조사 및 재판 후 합의가 시작되기까지 통상 6개월이 소요될 뿐 아니라 합의절차도 복잡하므로 반드시 여행자보험에 가입하시기 바랍니다.
ㅇ 게스트하우스 등 저가의 숙박시설은 안전에 취약할 뿐 아니라 도난사건 등이 발생해도 변상을 제대로 받을 수 없습니다.
ㅇ 란카이펑, 침사추이, 너츠포드 등 유흥가는 절도, 마약범죄, 성범죄 등이 자주 발생한다는 점을 유의하십시오.
ㅇ 타인과의 신체접촉으로 인한 오해가 형사사건으로 비화되는 경우도 있으니 대중교통 등 이용 시 주의하시기 바랍니다.
ㅇ 길거리에서 짝퉁물품 판매를 미끼로 접근하거나 이유 없이 친절을 베푸는 사람은 모두 경계해야 합니다.
ㅇ 구매한 물품에 대해서는 반품이 안 되는 경우가 많으며, 정상 매장이 아닌 곳에서 싸게 파는 물품은 이유가 있습니다."
